<?xml version = '1.0' encoding = 'UTF-8'?>
<Entity class="oracle.dbtools.crest.model.design.logical.Entity" directorySegmentName="seg_0" id="05E7095D-76C1-85D7-3A39-948948DED37F" name="COMPRA_ITEM">
<createdBy>Marcelo Dias</createdBy>
<createdTime>2015-09-12 17:56:29 UTC</createdTime>
<generatorID>Gerado pelo usuário</generatorID>
<ownerDesignName>modelo_v03</ownerDesignName>
<engineerTo>
<item key="5717F7DC-5FAE-37A9-1A77-C8C90409988D" value="true"/>
</engineerTo>
<adequatelyNormalized>NO</adequatelyNormalized>
<expectedVolumes>0</expectedVolumes>
<fwdEngineeringStrategyName>Single Table</fwdEngineeringStrategyName>
<growthPercent>0</growthPercent>
<growthType>Year</growthType>
<maxVolumes>9999999</maxVolumes>
<minVolumes>0</minVolumes>
<normalForm>Third</normalForm>
<attributes itemClass="oracle.dbtools.crest.model.design.logical.Attribute">
<Attribute name="cd_comp_item" id="E681702B-F08E-3A0C-5A95-5E68739732ED">
<createdBy>Marcelo Dias</createdBy>
<createdTime>2015-09-12 17:56:38 UTC</createdTime>
<comment>Este atributo recebe o código da entidade COMPRA_ITEM,é UID e mandatorio da tabela , tipo de dado é NUMERIC 8.</comment>
<commentInRDBMS>Este atributo recebe o código da entidade COMPRA_ITEM,é UID e mandatorio da tabela , tipo de dado é NUMERIC 8.</commentInRDBMS>
<generatorID>Gerado pelo usuário</generatorID>
<ownerDesignName>modelo_v03</ownerDesignName>
<engineerTo>
<item key="5717F7DC-5FAE-37A9-1A77-C8C90409988D" value="true"/>
</engineerTo>
<useDomainConstraints>false</useDomainConstraints>
<use>1</use>
<logicalDatatype>LOGDT019</logicalDatatype>
<dataTypePrecision>8</dataTypePrecision>
<ownDataTypeParameters>,8,</ownDataTypeParameters>
</Attribute>
<Attribute name="qt_comp_item" id="F379B8B9-F819-D21F-E269-B1DB651568F9">
<createdBy>Marcelo Dias</createdBy>
<createdTime>2015-09-12 17:56:54 UTC</createdTime>
<comment>Este atributo recebe o quantidade de compras por item da entidade COMPRA_ITEM,é mandatorio da tabela , tipo de dado é NUMERIC tamanho 3.</comment>
<commentInRDBMS>Este atributo recebe o quantidade de compras por item da entidade COMPRA_ITEM,é mandatorio da tabela , tipo de dado é NUMERIC tamanho 3.</commentInRDBMS>
<generatorID>Gerado pelo usuário</generatorID>
<ownerDesignName>modelo_v03</ownerDesignName>
<engineerTo>
<item key="5717F7DC-5FAE-37A9-1A77-C8C90409988D" value="true"/>
</engineerTo>
<useDomainConstraints>false</useDomainConstraints>
<use>1</use>
<logicalDatatype>LOGDT019</logicalDatatype>
<dataTypePrecision>3</dataTypePrecision>
<ownDataTypeParameters>,3,</ownDataTypeParameters>
</Attribute>
<Attribute name="cd_comp" id="F398C259-C403-1D93-EFDC-A558BE29A39F">
<createdBy>Marcelo Dias</createdBy>
<createdTime>2015-09-12 18:27:23 UTC</createdTime>
<generatorID>69AEB758-C92C-C08C-7DC5-5D97712783B5</generatorID>
<ownerDesignName>modelo_v03</ownerDesignName>
<engineerTo>
<item key="5717F7DC-5FAE-37A9-1A77-C8C90409988D" value="true"/>
</engineerTo>
<referedAttribute>E59862A9-B95F-1AAC-B53C-3D3117172126</referedAttribute>
<useDomainConstraints>false</useDomainConstraints>
<use>1</use>
<logicalDatatype>LOGDT019</logicalDatatype>
<dataTypePrecision>8</dataTypePrecision>
<ownDataTypeParameters>,8,</ownDataTypeParameters>
</Attribute>
<Attribute name="cd_prod" id="1860075C-C70F-E537-452C-D4609C86E7A5">
<createdBy>Marcelo Dias</createdBy>
<createdTime>2015-09-12 18:00:54 UTC</createdTime>
<generatorID>D2315FAB-6972-11A3-BCF0-ECA2A5D7AC7A</generatorID>
<ownerDesignName>modelo_v03</ownerDesignName>
<engineerTo>
<item key="5717F7DC-5FAE-37A9-1A77-C8C90409988D" value="true"/>
</engineerTo>
<nullsAllowed>true</nullsAllowed>
<referedAttribute>C691E740-10DD-C046-8B59-1A1164704BFD</referedAttribute>
<useDomainConstraints>false</useDomainConstraints>
<use>1</use>
<logicalDatatype>LOGDT019</logicalDatatype>
<dataTypePrecision>6</dataTypePrecision>
<ownDataTypeParameters>,6,</ownDataTypeParameters>
</Attribute>
<Attribute name="cd_entr_esto" id="EC581F32-31D5-3FC4-9AA4-ACE01C5FA354">
<createdBy>Rm74581</createdBy>
<createdTime>2016-04-26 14:11:12 UTC</createdTime>
<comment>Este atributo recebe o código da entidade ENTRADA_ESTOQUE,é UID e mandatorio da tabela , tipo de dado é NUMERIC 8.</comment>
<generatorID>29743508-3B73-5B00-F3AB-26C3B90DF40A</generatorID>
<ownerDesignName>modelo_v03</ownerDesignName>
<engineerTo>
<item key="5717F7DC-5FAE-37A9-1A77-C8C90409988D" value="true"/>
</engineerTo>
<referedAttribute>40DF966E-6026-0379-51CB-21F222698491</referedAttribute>
<useDomainConstraints>false</useDomainConstraints>
<use>1</use>
<logicalDatatype>LOGDT019</logicalDatatype>
<dataTypePrecision>8</dataTypePrecision>
<ownDataTypeParameters>,8,</ownDataTypeParameters>
</Attribute>
<Attribute name="vl_uni_compra" id="781F2FEA-BCA1-A1DC-0530-3DDB3D205411">
<createdBy>Rm74581</createdBy>
<createdTime>2016-04-26 14:13:51 UTC</createdTime>
<ownerDesignName>modelo_v03</ownerDesignName>
<engineerTo>
<item key="5717F7DC-5FAE-37A9-1A77-C8C90409988D" value="true"/>
</engineerTo>
<nullsAllowed>true</nullsAllowed>
<useDomainConstraints>false</useDomainConstraints>
<use>1</use>
<logicalDatatype>LOGDT019</logicalDatatype>
<dataTypePrecision>7</dataTypePrecision>
<dataTypeScale>2</dataTypeScale>
<ownDataTypeParameters>,7,2</ownDataTypeParameters>
</Attribute>
</attributes>
<identifiers itemClass="oracle.dbtools.crest.model.design.logical.CandidateKey">
<identifier id="9869AFC1-DBFC-922F-F097-08B21CBA8A44" name="{entity} PK">
<createdBy>Marcelo Dias</createdBy>
<createdTime>2015-09-12 17:56:52 UTC</createdTime>
<generatorID>Gerado pelo usuário</generatorID>
<ownerDesignName>modelo_v03</ownerDesignName>
<engineerTo>
<item key="5717F7DC-5FAE-37A9-1A77-C8C90409988D" value="true"/>
</engineerTo>
<pk>true</pk>
<usedAttributes>
<attributeRef>E681702B-F08E-3A0C-5A95-5E68739732ED</attributeRef>
<attributeRef>F398C259-C403-1D93-EFDC-A558BE29A39F</attributeRef>
</usedAttributes>
</identifier>
</identifiers>
</Entity>