<?xml version = '1.0' encoding = 'UTF-8'?>
<Entity class="oracle.dbtools.crest.model.design.logical.Entity" directorySegmentName="seg_0" id="11D59FED-B2F6-D724-EF17-34156ED2B4B2" name="PROMOCAO_GRUPO">
<createdBy>Gabriel Garcia</createdBy>
<createdTime>2016-04-05 20:32:29 UTC</createdTime>
<ownerDesignName>modelo_v03</ownerDesignName>
<engineerTo>
<item key="5717F7DC-5FAE-37A9-1A77-C8C90409988D" value="true"/>
</engineerTo>
<adequatelyNormalized>NO</adequatelyNormalized>
<expectedVolumes>0</expectedVolumes>
<fwdEngineeringStrategyName>Single Table</fwdEngineeringStrategyName>
<growthPercent>0</growthPercent>
<growthType>Year</growthType>
<maxVolumes>9999999</maxVolumes>
<minVolumes>0</minVolumes>
<normalForm>Third</normalForm>
<attributes itemClass="oracle.dbtools.crest.model.design.logical.Attribute">
<Attribute name="cd_prom_grupo" id="30A6CDC4-5510-E986-9A5C-FEFBE2C05D09">
<createdBy>Gabriel Garcia</createdBy>
<createdTime>2016-04-05 20:34:20 UTC</createdTime>
<ownerDesignName>modelo_v03</ownerDesignName>
<engineerTo>
<item key="5717F7DC-5FAE-37A9-1A77-C8C90409988D" value="true"/>
</engineerTo>
<useDomainConstraints>false</useDomainConstraints>
<use>1</use>
<logicalDatatype>LOGDT019</logicalDatatype>
<dataTypePrecision>4</dataTypePrecision>
<ownDataTypeParameters>,4,</ownDataTypeParameters>
</Attribute>
<Attribute name="cd_prom" id="B3AD67EF-66F0-9EE8-C723-D9807F4358D1">
<createdBy>Gabriel Garcia</createdBy>
<createdTime>2016-04-05 20:32:53 UTC</createdTime>
<comment>Este atributo recebe o código da entidade PROMOCAO,é UID e mandatorio da tabela , tipo de dado é NUMERIC 3.</comment>
<generatorID>D08BAF13-2D53-7C42-6B36-23B865A560A7</generatorID>
<ownerDesignName>modelo_v03</ownerDesignName>
<engineerTo>
<item key="5717F7DC-5FAE-37A9-1A77-C8C90409988D" value="true"/>
</engineerTo>
<nullsAllowed>true</nullsAllowed>
<referedAttribute>7CD064CD-7025-C1BF-9E51-9CD6AEF0D383</referedAttribute>
<useDomainConstraints>false</useDomainConstraints>
<use>1</use>
<logicalDatatype>LOGDT019</logicalDatatype>
<dataTypePrecision>4</dataTypePrecision>
<ownDataTypeParameters>,4,</ownDataTypeParameters>
</Attribute>
<Attribute name="vl_uni_grupo_prom" id="CAC2DB4A-0C44-78C9-9F3E-12ADDF01F35C">
<createdBy>Marcelo Dias</createdBy>
<createdTime>2016-05-18 11:41:41 UTC</createdTime>
<generatorID>Gerado pelo usuário</generatorID>
<ownerDesignName>modelo_v03</ownerDesignName>
<engineerTo>
<item key="5717F7DC-5FAE-37A9-1A77-C8C90409988D" value="true"/>
</engineerTo>
<useDomainConstraints>false</useDomainConstraints>
<use>1</use>
<logicalDatatype>LOGDT019</logicalDatatype>
<dataTypePrecision>7</dataTypePrecision>
<dataTypeScale>2</dataTypeScale>
<ownDataTypeParameters>,7,2</ownDataTypeParameters>
</Attribute>
<Attribute name="cd_prod" id="2E913C0E-BBA3-96F1-58BB-85CB8885EED5">
<createdBy>Marcelo Dias</createdBy>
<createdTime>2016-05-18 11:48:06 UTC</createdTime>
<comment>Este atributo recebe o código da entidade PRODUTO,é UID e mandatorio da tabela , tipo de dado é NUMERIC 8.</comment>
<generatorID>33795DE9-DE3D-040D-3859-F5248BBC2317</generatorID>
<ownerDesignName>modelo_v03</ownerDesignName>
<engineerTo>
<item key="5717F7DC-5FAE-37A9-1A77-C8C90409988D" value="true"/>
</engineerTo>
<referedAttribute>C691E740-10DD-C046-8B59-1A1164704BFD</referedAttribute>
<useDomainConstraints>false</useDomainConstraints>
<use>1</use>
<logicalDatatype>LOGDT019</logicalDatatype>
<dataTypePrecision>6</dataTypePrecision>
<ownDataTypeParameters>,6,</ownDataTypeParameters>
</Attribute>
</attributes>
<identifiers itemClass="oracle.dbtools.crest.model.design.logical.CandidateKey">
<identifier id="0D07D2F8-3CBA-BD88-6320-03D20C38CFBA" name="PROMOCAO_GRUPO PK">
<createdBy>Gabriel Garcia</createdBy>
<createdTime>2016-04-05 20:34:33 UTC</createdTime>
<ownerDesignName>modelo_v03</ownerDesignName>
<shouldEngineer>false</shouldEngineer>
<engineerTo>
<item key="5717F7DC-5FAE-37A9-1A77-C8C90409988D" value="false"/>
</engineerTo>
<pk>true</pk>
<usedAttributes>
<attributeRef>30A6CDC4-5510-E986-9A5C-FEFBE2C05D09</attributeRef>
</usedAttributes>
</identifier>
</identifiers>
</Entity>