<?xml version = '1.0' encoding = 'UTF-8'?>
<Entity class="oracle.dbtools.crest.model.design.logical.Entity" directorySegmentName="seg_0" id="18E955B8-BFE6-9A71-3F49-F50D98D2FDF8" name="PROMOCAO_ITEM">
<createdBy>Gabriel Garcia</createdBy>
<createdTime>2016-04-05 20:31:51 UTC</createdTime>
<ownerDesignName>modelo_v03</ownerDesignName>
<engineerTo>
<item key="5717F7DC-5FAE-37A9-1A77-C8C90409988D" value="true"/>
</engineerTo>
<adequatelyNormalized>NO</adequatelyNormalized>
<expectedVolumes>0</expectedVolumes>
<fwdEngineeringStrategyName>Single Table</fwdEngineeringStrategyName>
<growthPercent>0</growthPercent>
<growthType>Year</growthType>
<maxVolumes>9999999</maxVolumes>
<minVolumes>0</minVolumes>
<normalForm>Third</normalForm>
<attributes itemClass="oracle.dbtools.crest.model.design.logical.Attribute">
<Attribute name="cd_prom_item" id="BE07F127-28D1-463C-BCEA-21287F599E94">
<createdBy>Gabriel Garcia</createdBy>
<createdTime>2016-04-05 20:33:57 UTC</createdTime>
<ownerDesignName>modelo_v03</ownerDesignName>
<engineerTo>
<item key="5717F7DC-5FAE-37A9-1A77-C8C90409988D" value="true"/>
</engineerTo>
<useDomainConstraints>false</useDomainConstraints>
<use>1</use>
<logicalDatatype>LOGDT019</logicalDatatype>
<dataTypePrecision>4</dataTypePrecision>
<ownDataTypeParameters>,4,</ownDataTypeParameters>
</Attribute>
<Attribute name="cd_prom" id="25F1E120-8C29-2E99-0C6F-2D948277DE35">
<createdBy>Gabriel Garcia</createdBy>
<createdTime>2016-04-05 20:33:23 UTC</createdTime>
<comment>Este atributo recebe o código da entidade PROMOCAO,é UID e mandatorio da tabela , tipo de dado é NUMERIC 3.</comment>
<generatorID>137DB28F-CB50-2939-37FC-7254023DAF48</generatorID>
<ownerDesignName>modelo_v03</ownerDesignName>
<engineerTo>
<item key="5717F7DC-5FAE-37A9-1A77-C8C90409988D" value="true"/>
</engineerTo>
<nullsAllowed>true</nullsAllowed>
<referedAttribute>7CD064CD-7025-C1BF-9E51-9CD6AEF0D383</referedAttribute>
<useDomainConstraints>false</useDomainConstraints>
<use>1</use>
<logicalDatatype>LOGDT019</logicalDatatype>
<dataTypePrecision>4</dataTypePrecision>
<ownDataTypeParameters>,4,</ownDataTypeParameters>
</Attribute>
<Attribute name="cd_vend" id="700398C5-6640-06F7-2C4C-F5FDF1C5F495">
<createdBy>rm74585</createdBy>
<createdTime>2016-04-26 13:33:41 UTC</createdTime>
<comment>Este atributo recebe o código da entidade VENDA,é UID e mandatorio da tabela , tipo de dado é NUMERIC 8.</comment>
<generatorID>068DA96B-8D0B-9308-7DC1-5536C7653EF8</generatorID>
<ownerDesignName>modelo_v03</ownerDesignName>
<engineerTo>
<item key="5717F7DC-5FAE-37A9-1A77-C8C90409988D" value="true"/>
</engineerTo>
<referedAttribute>CE898A93-D50E-AD5D-E90B-D2E2DC6212F2</referedAttribute>
<useDomainConstraints>false</useDomainConstraints>
<use>1</use>
<logicalDatatype>LOGDT019</logicalDatatype>
<dataTypePrecision>8</dataTypePrecision>
<ownDataTypeParameters>,8,</ownDataTypeParameters>
</Attribute>
<Attribute name="vl_uni_prom_item" id="B03B001B-D5BD-B41E-6F78-56EC4886C401">
<createdBy>Marcelo Dias</createdBy>
<createdTime>2016-05-18 11:37:59 UTC</createdTime>
<generatorID>Gerado pelo usuário</generatorID>
<ownerDesignName>modelo_v03</ownerDesignName>
<engineerTo>
<item key="5717F7DC-5FAE-37A9-1A77-C8C90409988D" value="true"/>
</engineerTo>
<useDomainConstraints>false</useDomainConstraints>
<use>1</use>
<logicalDatatype>LOGDT019</logicalDatatype>
<dataTypePrecision>7</dataTypePrecision>
<dataTypeScale>2</dataTypeScale>
<ownDataTypeParameters>,7,2</ownDataTypeParameters>
</Attribute>
<Attribute name="cd_prod" id="2911344A-4C3F-50D5-F9A9-6122778F2E09">
<createdBy>Marcelo Dias</createdBy>
<createdTime>2016-05-18 12:58:07 UTC</createdTime>
<comment>Este atributo recebe o código da entidade PRODUTO,é UID e mandatorio da tabela , tipo de dado é NUMERIC 8.</comment>
<generatorID>C8D5FBBD-30A0-4FC5-24AC-4A8800DF2483</generatorID>
<ownerDesignName>modelo_v03</ownerDesignName>
<engineerTo>
<item key="5717F7DC-5FAE-37A9-1A77-C8C90409988D" value="true"/>
</engineerTo>
<referedAttribute>C691E740-10DD-C046-8B59-1A1164704BFD</referedAttribute>
<useDomainConstraints>false</useDomainConstraints>
<use>1</use>
<logicalDatatype>LOGDT019</logicalDatatype>
<dataTypePrecision>6</dataTypePrecision>
<ownDataTypeParameters>,6,</ownDataTypeParameters>
</Attribute>
</attributes>
<identifiers itemClass="oracle.dbtools.crest.model.design.logical.CandidateKey">
<identifier id="37704030-A6ED-1D8C-A4AF-E39E9B11195B" name="PROMOCAO_ITEM PK">
<createdBy>Gabriel Garcia</createdBy>
<createdTime>2016-04-05 20:34:13 UTC</createdTime>
<ownerDesignName>modelo_v03</ownerDesignName>
<shouldEngineer>false</shouldEngineer>
<engineerTo>
<item key="5717F7DC-5FAE-37A9-1A77-C8C90409988D" value="false"/>
</engineerTo>
<pk>true</pk>
<usedAttributes>
<attributeRef>BE07F127-28D1-463C-BCEA-21287F599E94</attributeRef>
<attributeRef>700398C5-6640-06F7-2C4C-F5FDF1C5F495</attributeRef>
</usedAttributes>
</identifier>
</identifiers>
</Entity>