<?xml version = '1.0' encoding = 'UTF-8'?>
<Entity class="oracle.dbtools.crest.model.design.logical.Entity" directorySegmentName="seg_0" id="1C83C434-3946-A69A-4440-64809754A53B" name="FILIAL">
<createdBy>Marcelo Dias</createdBy>
<createdTime>2015-09-12 17:37:51 UTC</createdTime>
<generatorID>Gerado pelo usuário</generatorID>
<ownerDesignName>modelo_v03</ownerDesignName>
<engineerTo>
<item key="5717F7DC-5FAE-37A9-1A77-C8C90409988D" value="true"/>
</engineerTo>
<adequatelyNormalized>NO</adequatelyNormalized>
<expectedVolumes>0</expectedVolumes>
<fwdEngineeringStrategyName>Single Table</fwdEngineeringStrategyName>
<growthPercent>0</growthPercent>
<growthType>Year</growthType>
<maxVolumes>9999999</maxVolumes>
<minVolumes>0</minVolumes>
<normalForm>Third</normalForm>
<attributes itemClass="oracle.dbtools.crest.model.design.logical.Attribute">
<Attribute name="cd_fili" id="44265CED-BAD4-97EB-92A3-0A5BC3876143">
<createdBy>Marcelo Dias</createdBy>
<createdTime>2015-09-12 17:37:59 UTC</createdTime>
<comment>Este atributo recebe o código da entidade FILIAL,é UID e mandatorio da tabela , tipo de dado é NUMERIC 8.</comment>
<commentInRDBMS>Este atributo recebe o código da entidade FILIAL,é UID e mandatorio da tabela , tipo de dado é NUMERIC 8.</commentInRDBMS>
<generatorID>Gerado pelo usuário</generatorID>
<ownerDesignName>modelo_v03</ownerDesignName>
<engineerTo>
<item key="5717F7DC-5FAE-37A9-1A77-C8C90409988D" value="true"/>
</engineerTo>
<useDomainConstraints>false</useDomainConstraints>
<use>1</use>
<logicalDatatype>LOGDT019</logicalDatatype>
<dataTypePrecision>8</dataTypePrecision>
<ownDataTypeParameters>,8,</ownDataTypeParameters>
</Attribute>
<Attribute name="nm_fili" id="5E7F21A0-ED2A-76D1-B593-6FDD254F6438">
<createdBy>Marcelo Dias</createdBy>
<createdTime>2015-09-12 17:38:16 UTC</createdTime>
<comment>Este atributo recebe o nome da filial da entidade FILIAL,é mandátorio da tabela , tipo de dado é VARCHAR2, tamanho 30.</comment>
<commentInRDBMS>Este atributo recebe o nome da filial da entidade FILIAL,é mandátorio da tabela , tipo de dado é VARCHAR2, tamanho 30.</commentInRDBMS>
<generatorID>Gerado pelo usuário</generatorID>
<ownerDesignName>modelo_v03</ownerDesignName>
<engineerTo>
<item key="5717F7DC-5FAE-37A9-1A77-C8C90409988D" value="true"/>
</engineerTo>
<useDomainConstraints>false</useDomainConstraints>
<use>1</use>
<logicalDatatype>LOGDT024</logicalDatatype>
<dataTypeSize>30</dataTypeSize>
<ownDataTypeParameters>30,,</ownDataTypeParameters>
</Attribute>
<Attribute name="nu_cnpj_fili" id="F35160CB-4700-3CF5-527F-3E004AB1CD98">
<createdBy>Marcelo Dias</createdBy>
<createdTime>2015-09-12 17:38:33 UTC</createdTime>
<comment>Este atributo recebe o número do cnpj da filial da entidade FILIAL,é mandatorio da tabela , tipo de dado é NUMERIC tamanho 18.</comment>
<commentInRDBMS>Este atributo recebe o número do cnpj da filial da entidade FILIAL,é mandatorio da tabela , tipo de dado é NUMERIC tamanho 18.</commentInRDBMS>
<generatorID>Gerado pelo usuário</generatorID>
<ownerDesignName>modelo_v03</ownerDesignName>
<engineerTo>
<item key="5717F7DC-5FAE-37A9-1A77-C8C90409988D" value="true"/>
</engineerTo>
<useDomainConstraints>false</useDomainConstraints>
<use>1</use>
<logicalDatatype>LOGDT024</logicalDatatype>
<dataTypeSize>18 CHAR</dataTypeSize>
<ownDataTypeParameters>18 CHAR,,</ownDataTypeParameters>
</Attribute>
<Attribute name="cd_esto" id="DC96C2A7-3BB3-EAAF-193C-336B95550B9C">
<createdBy>Marcelo Dias</createdBy>
<createdTime>2015-09-12 17:39:41 UTC</createdTime>
<generatorID>C96F8BF2-E19C-39BC-65B3-9F49FF24EFDF</generatorID>
<ownerDesignName>modelo_v03</ownerDesignName>
<engineerTo>
<item key="5717F7DC-5FAE-37A9-1A77-C8C90409988D" value="true"/>
</engineerTo>
<referedAttribute>691DA30B-5A28-7D70-81F7-F5EEF1D3E58D</referedAttribute>
<useDomainConstraints>false</useDomainConstraints>
<use>1</use>
<logicalDatatype>LOGDT019</logicalDatatype>
<dataTypePrecision>8</dataTypePrecision>
<ownDataTypeParameters>,8,</ownDataTypeParameters>
</Attribute>
<Attribute name="cd_ende" id="7110CCAA-807A-1721-C803-32524BA24484">
<createdBy>Marcelo Dias</createdBy>
<createdTime>2015-09-12 17:40:42 UTC</createdTime>
<generatorID>E92927F4-E901-DA9E-1234-F687389558DF</generatorID>
<ownerDesignName>modelo_v03</ownerDesignName>
<engineerTo>
<item key="5717F7DC-5FAE-37A9-1A77-C8C90409988D" value="true"/>
</engineerTo>
<nullsAllowed>true</nullsAllowed>
<referedAttribute>023DB110-E30A-0DFA-8116-AC9CEEC95103</referedAttribute>
<useDomainConstraints>false</useDomainConstraints>
<use>1</use>
<logicalDatatype>LOGDT019</logicalDatatype>
<dataTypePrecision>3</dataTypePrecision>
<ownDataTypeParameters>,3,</ownDataTypeParameters>
</Attribute>
<Attribute name="ds_filial" id="95B67E63-652D-3DD9-29FD-8996D40595F8">
<createdBy>Marcelo Dias</createdBy>
<createdTime>2016-05-18 12:49:43 UTC</createdTime>
<comment>Este atributo recebe a descrição da entidade FILIAL, é um atributo opcional da tabela , tipo de dado é VARCHAR2, tamanho 100.</comment>
<commentInRDBMS>Este atributo recebe a descrição da entidade FILIAL, é um atributo opcional da tabela , tipo de dado é VARCHAR2, tamanho 100.</commentInRDBMS>
<generatorID>Gerado pelo usuário</generatorID>
<ownerDesignName>modelo_v03</ownerDesignName>
<engineerTo>
<item key="5717F7DC-5FAE-37A9-1A77-C8C90409988D" value="true"/>
</engineerTo>
<nullsAllowed>true</nullsAllowed>
<useDomainConstraints>false</useDomainConstraints>
<use>1</use>
<logicalDatatype>LOGDT024</logicalDatatype>
<dataTypeSize>100</dataTypeSize>
<ownDataTypeParameters>100,,</ownDataTypeParameters>
</Attribute>
<Attribute name="ds_tipo_filial" id="E41D3041-CB12-4F9A-E08E-923C342FE6A7">
<createdBy>Marcelo Dias</createdBy>
<createdTime>2016-05-18 12:50:51 UTC</createdTime>
<comment>Este atributo recebe o tipo de loja da entidade FILIAL, é um atributo opcional da tabela , tipo de dado é VARCHAR2, tamanho 100.</comment>
<commentInRDBMS>Este atributo recebe o tipo de loja da entidade FILIAL, é um atributo opcional da tabela , tipo de dado é VARCHAR2, tamanho 100.</commentInRDBMS>
<generatorID>Gerado pelo usuário</generatorID>
<ownerDesignName>modelo_v03</ownerDesignName>
<engineerTo>
<item key="5717F7DC-5FAE-37A9-1A77-C8C90409988D" value="true"/>
</engineerTo>
<nullsAllowed>true</nullsAllowed>
<useDomainConstraints>false</useDomainConstraints>
<use>1</use>
<logicalDatatype>LOGDT024</logicalDatatype>
<dataTypeSize>100</dataTypeSize>
<ownDataTypeParameters>100,,</ownDataTypeParameters>
</Attribute>
<Attribute name="nu_metro_quad" id="D9A5554F-8D62-EB20-827F-074AB89C7180">
<createdBy>Marcelo Dias</createdBy>
<createdTime>2016-05-18 12:51:24 UTC</createdTime>
<comment>Este atributo recebe o número em m² de loja da entidade FILIAL, é um atributo opcional da tabela , tipo de dado é NUMERIC, tamanho 5 precisão 2.</comment>
<commentInRDBMS>Este atributo recebe o número em m² de loja da entidade FILIAL, é um atributo opcional da tabela , tipo de dado é NUMERIC, tamanho 5 precisão 2.</commentInRDBMS>
<generatorID>Gerado pelo usuário</generatorID>
<ownerDesignName>modelo_v03</ownerDesignName>
<engineerTo>
<item key="5717F7DC-5FAE-37A9-1A77-C8C90409988D" value="true"/>
</engineerTo>
<nullsAllowed>true</nullsAllowed>
<useDomainConstraints>false</useDomainConstraints>
<use>1</use>
<logicalDatatype>LOGDT019</logicalDatatype>
<dataTypePrecision>5</dataTypePrecision>
<dataTypeScale>2</dataTypeScale>
<ownDataTypeParameters>,5,2</ownDataTypeParameters>
</Attribute>
<Attribute name="tp_planta" id="9D0ECD65-2702-CF6A-130E-91BEB4DD5FB0">
<createdBy>Marcelo Dias</createdBy>
<createdTime>2016-05-18 12:52:01 UTC</createdTime>
<comment>Este atributo recebe o tipo da planta da entidade FILIAL, é um atributo opcional da tabela , tipo de dado é VARCHAR2, tamanho 10.</comment>
<commentInRDBMS>Este atributo recebe o tipo da planta da entidade FILIAL, é um atributo opcional da tabela , tipo de dado é VARCHAR2, tamanho 10.</commentInRDBMS>
<generatorID>Gerado pelo usuário</generatorID>
<ownerDesignName>modelo_v03</ownerDesignName>
<engineerTo>
<item key="5717F7DC-5FAE-37A9-1A77-C8C90409988D" value="true"/>
</engineerTo>
<nullsAllowed>true</nullsAllowed>
<useDomainConstraints>false</useDomainConstraints>
<use>1</use>
<logicalDatatype>LOGDT024</logicalDatatype>
<dataTypeSize>10</dataTypeSize>
<ownDataTypeParameters>10,,</ownDataTypeParameters>
</Attribute>
<Attribute name="dt_abertura_filial" id="83292883-4C2D-55FE-6FAC-B4B2B2A3E36A">
<createdBy>Marcelo Dias</createdBy>
<createdTime>2016-05-18 12:52:25 UTC</createdTime>
<comment>Este atributo recebe a data da abertura da loja da entidade FILIAL, é um atributo mandatório da tabela , tipo de dado é DATE.</comment>
<commentInRDBMS>Este atributo recebe a data da abertura da loja da entidade FILIAL, é um atributo mandatório da tabela , tipo de dado é DATE.</commentInRDBMS>
<generatorID>Gerado pelo usuário</generatorID>
<ownerDesignName>modelo_v03</ownerDesignName>
<engineerTo>
<item key="5717F7DC-5FAE-37A9-1A77-C8C90409988D" value="true"/>
</engineerTo>
<nullsAllowed>true</nullsAllowed>
<useDomainConstraints>false</useDomainConstraints>
<use>1</use>
<logicalDatatype>LOGDT007</logicalDatatype>
<ownDataTypeParameters>,,</ownDataTypeParameters>
</Attribute>
<Attribute name="dt_ultima_reforma" id="C6358D94-AEAB-5FFB-9322-4632DFF62FA3">
<createdBy>rm69296</createdBy>
<createdTime>2016-05-19 14:37:30 UTC</createdTime>
<comment>Este atributo recebe a data da ultima reforma da loja da entidade FILIAL, é um atributo mandatório da tabela , tipo de dado é DATE.</comment>
<commentInRDBMS>Este atributo recebe a data da ultima reforma da loja da entidade FILIAL, é um atributo mandatório da tabela , tipo de dado é DATE.</commentInRDBMS>
<ownerDesignName>modelo_v03</ownerDesignName>
<engineerTo>
<item key="5717F7DC-5FAE-37A9-1A77-C8C90409988D" value="true"/>
</engineerTo>
<useDomainConstraints>false</useDomainConstraints>
<use>1</use>
<logicalDatatype>LOGDT007</logicalDatatype>
<ownDataTypeParameters>,,</ownDataTypeParameters>
</Attribute>
</attributes>
<identifiers itemClass="oracle.dbtools.crest.model.design.logical.CandidateKey">
<identifier id="61865247-85FE-796F-AC0A-DC1943082639" name="{entity} PK">
<createdBy>Marcelo Dias</createdBy>
<createdTime>2015-09-12 17:38:14 UTC</createdTime>
<generatorID>Gerado pelo usuário</generatorID>
<ownerDesignName>modelo_v03</ownerDesignName>
<engineerTo>
<item key="5717F7DC-5FAE-37A9-1A77-C8C90409988D" value="true"/>
</engineerTo>
<pk>true</pk>
<usedAttributes>
<attributeRef>44265CED-BAD4-97EB-92A3-0A5BC3876143</attributeRef>
</usedAttributes>
</identifier>
</identifiers>
</Entity>