<?xml version = '1.0' encoding = 'UTF-8'?>
<Entity class="oracle.dbtools.crest.model.design.logical.Entity" directorySegmentName="seg_0" id="1D2CA5A7-8854-4314-288D-C74D6CB042F4" name="CIDADE">
<createdBy>sidi</createdBy>
<createdTime>2015-09-08 00:58:47 UTC</createdTime>
<generatorID>Gerado pelo usuário</generatorID>
<ownerDesignName>modelo_v03</ownerDesignName>
<importedID>0A3DC06D-3A0C-FB60-BCDB-D0CB1A1ECA41</importedID>
<engineerTo>
<item key="5717F7DC-5FAE-37A9-1A77-C8C90409988D" value="true"/>
</engineerTo>
<adequatelyNormalized>NO</adequatelyNormalized>
<expectedVolumes>0</expectedVolumes>
<fwdEngineeringStrategyName>Single Table</fwdEngineeringStrategyName>
<growthPercent>0</growthPercent>
<growthType>Year</growthType>
<maxVolumes>9999999</maxVolumes>
<minVolumes>0</minVolumes>
<normalForm>Third</normalForm>
<attributes itemClass="oracle.dbtools.crest.model.design.logical.Attribute">
<Attribute name="cd_cida" id="1D3D45CD-80EF-08FF-0FC9-5DAC08AF6C3B">
<createdBy>sidi</createdBy>
<createdTime>2015-09-08 00:58:47 UTC</createdTime>
<comment>Este atributo recebe o código da entidade CIDADE,é UID e mandatorio da tabela , tipo de dado é NUMERIC 4.</comment>
<commentInRDBMS>Este atributo recebe o código da entidade CIDADE,é UID e mandatorio da tabela , tipo de dado é NUMERIC 4.</commentInRDBMS>
<generatorID>Gerado pelo usuário</generatorID>
<ownerDesignName>modelo_v03</ownerDesignName>
<importedID>D7253910-0253-25C1-B9FC-6E82839BFB03</importedID>
<engineerTo>
<item key="5717F7DC-5FAE-37A9-1A77-C8C90409988D" value="true"/>
</engineerTo>
<useDomainConstraints>false</useDomainConstraints>
<use>1</use>
<logicalDatatype>LOGDT019</logicalDatatype>
<dataTypePrecision>4</dataTypePrecision>
<ownDataTypeParameters>,4,</ownDataTypeParameters>
</Attribute>
<Attribute name="nm_cida" id="3C03A056-3E53-2BC5-8E18-4BA8526DA72C">
<createdBy>sidi</createdBy>
<createdTime>2015-09-08 00:58:47 UTC</createdTime>
<comment>Este atributo recebe o nome do cidade da entidade CIDADE,é mandátorio da tabela , tipo de dado é VARCHAR2, tamanho 100.</comment>
<commentInRDBMS>Este atributo recebe o nome do cidade da entidade CIDADE,é mandátorio da tabela , tipo de dado é VARCHAR2, tamanho 100.</commentInRDBMS>
<generatorID>Gerado pelo usuário</generatorID>
<ownerDesignName>modelo_v03</ownerDesignName>
<importedID>BAD589BE-97D6-7F1F-FF58-B31AA7268EEE</importedID>
<engineerTo>
<item key="5717F7DC-5FAE-37A9-1A77-C8C90409988D" value="true"/>
</engineerTo>
<useDomainConstraints>false</useDomainConstraints>
<use>1</use>
<logicalDatatype>LOGDT024</logicalDatatype>
<dataTypeSize>100</dataTypeSize>
<ownDataTypeParameters>100,,</ownDataTypeParameters>
</Attribute>
<Attribute name="cd_esta" id="BFC74B06-B2B5-C205-571C-5D385FC45AB3">
<createdBy>sidi</createdBy>
<createdTime>2015-09-08 00:58:47 UTC</createdTime>
<generatorID>9CC4A034-22F6-071D-322F-3FA4365518BA</generatorID>
<ownerDesignName>modelo_v03</ownerDesignName>
<importedID>352FCEB6-31FE-ADF6-E455-BFB7B6FCB65E</importedID>
<engineerTo>
<item key="5717F7DC-5FAE-37A9-1A77-C8C90409988D" value="true"/>
</engineerTo>
<referedAttribute>110AC173-F596-0E1E-7BDE-E2E86DC9CB96</referedAttribute>
<useDomainConstraints>false</useDomainConstraints>
<use>1</use>
<logicalDatatype>LOGDT019</logicalDatatype>
<dataTypePrecision>3</dataTypePrecision>
<ownDataTypeParameters>,3,</ownDataTypeParameters>
</Attribute>
<Attribute name="ds_zona" id="196F7983-6670-FF24-515D-62A1FC91F165">
<createdBy>rm69296</createdBy>
<createdTime>2016-05-19 14:17:01 UTC</createdTime>
<comment>Este atributo recebe zona que se situa a cidadeda entidade CIDADE, é um atributo opcional da tabela , tipo de dado é VARCHAR2, tamanho 10.</comment>
<commentInRDBMS>Este atributo recebe zona que se situa a cidadeda entidade CIDADE, é um atributo opcional da tabela , tipo de dado é VARCHAR2, tamanho 10.</commentInRDBMS>
<generatorID>Gerado pelo usuário</generatorID>
<ownerDesignName>modelo_v03</ownerDesignName>
<engineerTo>
<item key="5717F7DC-5FAE-37A9-1A77-C8C90409988D" value="true"/>
</engineerTo>
<nullsAllowed>true</nullsAllowed>
<useDomainConstraints>false</useDomainConstraints>
<use>1</use>
<logicalDatatype>LOGDT024</logicalDatatype>
<dataTypeSize>10</dataTypeSize>
<ownDataTypeParameters>10,,</ownDataTypeParameters>
</Attribute>
</attributes>
<identifiers itemClass="oracle.dbtools.crest.model.design.logical.CandidateKey">
<identifier id="6B8B8716-804D-3EE7-504A-69187F497D41" name="CIDADE PK">
<createdBy>sidi</createdBy>
<createdTime>2015-09-08 00:58:47 UTC</createdTime>
<generatorID>Gerado pelo usuário</generatorID>
<ownerDesignName>modelo_v03</ownerDesignName>
<shouldEngineer>false</shouldEngineer>
<importedID>821E80FE-F6D0-625A-7FE1-C84152D7256E</importedID>
<engineerTo>
<item key="5717F7DC-5FAE-37A9-1A77-C8C90409988D" value="false"/>
</engineerTo>
<pk>true</pk>
<usedAttributes>
<attributeRef>1D3D45CD-80EF-08FF-0FC9-5DAC08AF6C3B</attributeRef>
</usedAttributes>
</identifier>
</identifiers>
</Entity>