<?xml version = '1.0' encoding = 'UTF-8'?>
<Entity class="oracle.dbtools.crest.model.design.logical.Entity" directorySegmentName="seg_0" id="23A1FE30-33AA-E274-CFBC-9097E0F0CA6F" name="CATEGORIA">
<createdBy>Marcelo Dias</createdBy>
<createdTime>2015-09-12 15:17:18 UTC</createdTime>
<comment>Tabela referente à categoria dos produtos </comment>
<generatorID>Gerado pelo usuário</generatorID>
<ownerDesignName>modelo_v03</ownerDesignName>
<engineerTo>
<item key="5717F7DC-5FAE-37A9-1A77-C8C90409988D" value="true"/>
</engineerTo>
<adequatelyNormalized>NO</adequatelyNormalized>
<expectedVolumes>0</expectedVolumes>
<fwdEngineeringStrategyName>Single Table</fwdEngineeringStrategyName>
<growthPercent>0</growthPercent>
<growthType>Year</growthType>
<maxVolumes>9999999</maxVolumes>
<minVolumes>0</minVolumes>
<normalForm>Third</normalForm>
<attributes itemClass="oracle.dbtools.crest.model.design.logical.Attribute">
<Attribute name="cd_cate" id="DA741327-3720-66DF-19BC-3F2E633B207C">
<createdBy>Marcelo Dias</createdBy>
<createdTime>2015-09-12 15:17:28 UTC</createdTime>
<comment>Este atributo recebe o código da entidade CATEGORIA,é UID e mandatorio da tabela , tipo de dado é NUMERIC 8.</comment>
<commentInRDBMS>Este atributo recebe o código da entidade CATEGORIA,é UID e mandatorio da tabela , tipo de dado é NUMERIC 8.</commentInRDBMS>
<generatorID>Gerado pelo usuário</generatorID>
<ownerDesignName>modelo_v03</ownerDesignName>
<engineerTo>
<item key="5717F7DC-5FAE-37A9-1A77-C8C90409988D" value="true"/>
</engineerTo>
<useDomainConstraints>false</useDomainConstraints>
<use>1</use>
<logicalDatatype>LOGDT019</logicalDatatype>
<dataTypePrecision>8</dataTypePrecision>
<ownDataTypeParameters>,8,</ownDataTypeParameters>
</Attribute>
<Attribute name="nm_cate" id="3C57F913-8CE7-D47C-FBD3-9689333C5E00">
<createdBy>Marcelo Dias</createdBy>
<createdTime>2015-09-12 15:18:01 UTC</createdTime>
<comment>Este atributo recebe o nome da categoria da entidade CATEGORIA,é mandátorio da tabela , tipo de dado é VARCHAR2, tamanho 30.</comment>
<commentInRDBMS>Este atributo recebe o nome da categoria da entidade CATEGORIA,é mandátorio da tabela , tipo de dado é VARCHAR2, tamanho 30.</commentInRDBMS>
<generatorID>Gerado pelo usuário</generatorID>
<ownerDesignName>modelo_v03</ownerDesignName>
<engineerTo>
<item key="5717F7DC-5FAE-37A9-1A77-C8C90409988D" value="true"/>
</engineerTo>
<useDomainConstraints>false</useDomainConstraints>
<use>1</use>
<logicalDatatype>LOGDT024</logicalDatatype>
<dataTypeSize>30</dataTypeSize>
<ownDataTypeParameters>30,,</ownDataTypeParameters>
</Attribute>
<Attribute name="cd_cate1" id="E1C73F08-7472-F8AB-05A1-320AAFFC1BD3">
<createdBy>Gabriel Garcia</createdBy>
<createdTime>2016-04-05 20:29:56 UTC</createdTime>
<comment>Este atributo recebe o código da entidade CATEGORIA,é UID e mandatorio da tabela , tipo de dado é NUMERIC 8.</comment>
<generatorID>A9156326-F4F4-D7CE-3E35-402B336B4CA9</generatorID>
<ownerDesignName>modelo_v03</ownerDesignName>
<engineerTo>
<item key="5717F7DC-5FAE-37A9-1A77-C8C90409988D" value="true"/>
</engineerTo>
<nullsAllowed>true</nullsAllowed>
<referedAttribute>DA741327-3720-66DF-19BC-3F2E633B207C</referedAttribute>
<useDomainConstraints>false</useDomainConstraints>
<use>1</use>
<logicalDatatype>LOGDT019</logicalDatatype>
<dataTypePrecision>8</dataTypePrecision>
<ownDataTypeParameters>,8,</ownDataTypeParameters>
</Attribute>
</attributes>
<identifiers itemClass="oracle.dbtools.crest.model.design.logical.CandidateKey">
<identifier id="B8B7E412-C920-DFFB-37E5-0A7B87B52E40" name="{entity} PK">
<createdBy>Marcelo Dias</createdBy>
<createdTime>2015-09-12 15:17:51 UTC</createdTime>
<generatorID>Gerado pelo usuário</generatorID>
<ownerDesignName>modelo_v03</ownerDesignName>
<shouldEngineer>false</shouldEngineer>
<engineerTo>
<item key="5717F7DC-5FAE-37A9-1A77-C8C90409988D" value="false"/>
</engineerTo>
<pk>true</pk>
<usedAttributes>
<attributeRef>DA741327-3720-66DF-19BC-3F2E633B207C</attributeRef>
</usedAttributes>
</identifier>
</identifiers>
</Entity>