<?xml version = '1.0' encoding = 'UTF-8'?>
<Entity class="oracle.dbtools.crest.model.design.logical.Entity" directorySegmentName="seg_0" id="278C6544-4613-8F74-E759-D739DBCF7681" name="PRODUTO">
<createdBy>sidi</createdBy>
<createdTime>2015-09-08 00:58:47 UTC</createdTime>
<generatorID>Gerado pelo usuário</generatorID>
<ownerDesignName>modelo_v03</ownerDesignName>
<importedID>8FC64A7B-4B35-B4D2-13A3-ABDFC659D2EC</importedID>
<engineerTo>
<item key="5717F7DC-5FAE-37A9-1A77-C8C90409988D" value="true"/>
</engineerTo>
<adequatelyNormalized>NO</adequatelyNormalized>
<expectedVolumes>0</expectedVolumes>
<fwdEngineeringStrategyName>Single Table</fwdEngineeringStrategyName>
<growthPercent>0</growthPercent>
<growthType>Year</growthType>
<maxVolumes>9999999</maxVolumes>
<minVolumes>0</minVolumes>
<normalForm>Third</normalForm>
<attributes itemClass="oracle.dbtools.crest.model.design.logical.Attribute">
<Attribute name="cd_prod" id="C691E740-10DD-C046-8B59-1A1164704BFD">
<createdBy>sidi</createdBy>
<createdTime>2015-09-08 00:58:47 UTC</createdTime>
<comment>Este atributo recebe o código da entidade PRODUTO,é UID e mandatorio da tabela , tipo de dado é NUMERIC 8.</comment>
<commentInRDBMS>Este atributo recebe o código da entidade PRODUTO,é UID e mandatorio da tabela , tipo de dado é NUMERIC 8.</commentInRDBMS>
<generatorID>Gerado pelo usuário</generatorID>
<ownerDesignName>modelo_v03</ownerDesignName>
<importedID>9F7BC15C-EF0A-7098-63FE-72653980C8F7</importedID>
<engineerTo>
<item key="5717F7DC-5FAE-37A9-1A77-C8C90409988D" value="true"/>
</engineerTo>
<useDomainConstraints>false</useDomainConstraints>
<use>1</use>
<logicalDatatype>LOGDT019</logicalDatatype>
<dataTypePrecision>6</dataTypePrecision>
<ownDataTypeParameters>,6,</ownDataTypeParameters>
</Attribute>
<Attribute name="nm_prod" id="D7375E72-17D3-8074-60E2-E8FBFAAD1551">
<createdBy>sidi</createdBy>
<createdTime>2015-09-08 00:58:47 UTC</createdTime>
<comment>Este atributo recebe o nome do produto da entidade PRODUTO,é mandátorio da tabela , tipo de dado é VARCHAR2, tamanho 100.</comment>
<commentInRDBMS>Este atributo recebe o nome do produto da entidade PRODUTO,é mandátorio da tabela , tipo de dado é VARCHAR2, tamanho 100.</commentInRDBMS>
<generatorID>Gerado pelo usuário</generatorID>
<ownerDesignName>modelo_v03</ownerDesignName>
<importedID>DDC9F3CC-7EC6-D9AF-E057-0ABE7F35E2C8</importedID>
<engineerTo>
<item key="5717F7DC-5FAE-37A9-1A77-C8C90409988D" value="true"/>
</engineerTo>
<useDomainConstraints>false</useDomainConstraints>
<use>1</use>
<logicalDatatype>LOGDT024</logicalDatatype>
<dataTypeSize>100</dataTypeSize>
<ownDataTypeParameters>100,,</ownDataTypeParameters>
</Attribute>
<Attribute name="vl_prod_v" id="2A77390D-6247-E881-79F0-36F87EB7BB5E">
<createdBy>sidi</createdBy>
<createdTime>2015-09-08 00:58:47 UTC</createdTime>
<comment>Este atributo recebe o valor de venda do produto da entidade PRODUTO,é mandatorio da tabela , tipo de dado é NUMERIC tamanho 7, escala 2.</comment>
<commentInRDBMS>Este atributo recebe o valor do produto da entidade PRODUTO,é mandatorio da tabela , tipo de dado é NUMERIC tamanho 7, escala 2.</commentInRDBMS>
<generatorID>Gerado pelo usuário</generatorID>
<ownerDesignName>modelo_v03</ownerDesignName>
<importedID>A909654A-D59E-615A-DF11-4FA6240434C0</importedID>
<engineerTo>
<item key="5717F7DC-5FAE-37A9-1A77-C8C90409988D" value="true"/>
</engineerTo>
<useDomainConstraints>false</useDomainConstraints>
<use>1</use>
<logicalDatatype>LOGDT019</logicalDatatype>
<dataTypePrecision>7</dataTypePrecision>
<dataTypeScale>2</dataTypeScale>
<ownDataTypeParameters>,7,2</ownDataTypeParameters>
</Attribute>
<Attribute name="vl_prod_c" id="8E7EC698-9967-24BA-54AC-9FCA70E96CE1">
<createdBy>rm74585</createdBy>
<createdTime>2016-04-26 13:27:36 UTC</createdTime>
<comment>Este atributo recebe o valor de custo do produto da entidade PRODUTO,é mandatorio da tabela , tipo de dado é NUMERIC tamanho 7, escala 2.</comment>
<ownerDesignName>modelo_v03</ownerDesignName>
<engineerTo>
<item key="5717F7DC-5FAE-37A9-1A77-C8C90409988D" value="true"/>
</engineerTo>
<useDomainConstraints>false</useDomainConstraints>
<use>1</use>
<logicalDatatype>LOGDT019</logicalDatatype>
<dataTypePrecision>7</dataTypePrecision>
<dataTypeScale>2</dataTypeScale>
<ownDataTypeParameters>,7,2</ownDataTypeParameters>
</Attribute>
<Attribute name="ds_produto" id="AA4DB70A-54AD-D8E4-7595-1587D2A6B386">
<createdBy>Marcelo Dias</createdBy>
<createdTime>2016-05-18 13:16:51 UTC</createdTime>
<comment>Este atributo recebe a descrição da produto da entidade PRODUTO, é um atributo opcional da tabela , tipo de dado é VARCHAR2, tamanho 100.</comment>
<commentInRDBMS>Este atributo recebe a descrição da produto da entidade PRODUTO, é um atributo opcional da tabela , tipo de dado é VARCHAR2, tamanho 100.</commentInRDBMS>
<generatorID>Gerado pelo usuário</generatorID>
<ownerDesignName>modelo_v03</ownerDesignName>
<engineerTo>
<item key="5717F7DC-5FAE-37A9-1A77-C8C90409988D" value="true"/>
</engineerTo>
<nullsAllowed>true</nullsAllowed>
<useDomainConstraints>false</useDomainConstraints>
<use>1</use>
<logicalDatatype>LOGDT024</logicalDatatype>
<dataTypeSize>100</dataTypeSize>
<ownDataTypeParameters>100,,</ownDataTypeParameters>
</Attribute>
<Attribute name="tp_embalagem" id="64D2184C-0608-9966-BE43-F3F9755F9CB5">
<createdBy>Marcelo Dias</createdBy>
<createdTime>2016-05-18 13:18:01 UTC</createdTime>
<comment>Este atributo recebe o tipo da embalagem da entidade PRODUTO, é um atributo opcional da tabela , tipo de dado é VARCHAR2, tamanho 30.</comment>
<commentInRDBMS>Este atributo recebe o tipo da embalagem da entidade PRODUTO, é um atributo opcional da tabela , tipo de dado é VARCHAR2, tamanho 30.</commentInRDBMS>
<generatorID>Gerado pelo usuário</generatorID>
<ownerDesignName>modelo_v03</ownerDesignName>
<engineerTo>
<item key="5717F7DC-5FAE-37A9-1A77-C8C90409988D" value="true"/>
</engineerTo>
<nullsAllowed>true</nullsAllowed>
<useDomainConstraints>false</useDomainConstraints>
<use>1</use>
<logicalDatatype>LOGDT024</logicalDatatype>
<dataTypeSize>30</dataTypeSize>
<ownDataTypeParameters>30,,</ownDataTypeParameters>
</Attribute>
<Attribute name="nu_largura_embalagem" id="6CA67D0C-8E9F-AE63-FFD2-FD8AE92505ED">
<createdBy>Marcelo Dias</createdBy>
<createdTime>2016-05-18 13:18:45 UTC</createdTime>
<comment>Este atributo recebe o número da largura embalagem da entidade PRODUTO, é um atributo opcional da tabela , tipo de dado é NUMERIC, tamanho 4 precisão 2.</comment>
<commentInRDBMS>Este atributo recebe o número da largura embalagem da entidade PRODUTO, é um atributo opcional da tabela , tipo de dado é NUMERIC, tamanho 4 precisão 2.</commentInRDBMS>
<generatorID>Gerado pelo usuário</generatorID>
<ownerDesignName>modelo_v03</ownerDesignName>
<engineerTo>
<item key="5717F7DC-5FAE-37A9-1A77-C8C90409988D" value="true"/>
</engineerTo>
<nullsAllowed>true</nullsAllowed>
<useDomainConstraints>false</useDomainConstraints>
<use>1</use>
<logicalDatatype>LOGDT019</logicalDatatype>
<dataTypePrecision>4</dataTypePrecision>
<dataTypeScale>2</dataTypeScale>
<ownDataTypeParameters>,4,2</ownDataTypeParameters>
</Attribute>
<Attribute name="nu_altura_embalagem" id="FE5D8694-8FBF-6631-9DFE-850BE02465E9">
<createdBy>Marcelo Dias</createdBy>
<createdTime>2016-05-18 13:19:20 UTC</createdTime>
<comment>Este atributo recebe o número da altura embalagem da entidade PRODUTO, é um atributo opcional da tabela , tipo de dado é NUMERIC, tamanho 4 precisão 2.</comment>
<commentInRDBMS>Este atributo recebe o número da altura embalagem da entidade PRODUTO, é um atributo opcional da tabela , tipo de dado é NUMERIC, tamanho 4 precisão 2.</commentInRDBMS>
<generatorID>Gerado pelo usuário</generatorID>
<ownerDesignName>modelo_v03</ownerDesignName>
<engineerTo>
<item key="5717F7DC-5FAE-37A9-1A77-C8C90409988D" value="true"/>
</engineerTo>
<nullsAllowed>true</nullsAllowed>
<useDomainConstraints>false</useDomainConstraints>
<use>1</use>
<logicalDatatype>LOGDT019</logicalDatatype>
<dataTypePrecision>4</dataTypePrecision>
<dataTypeScale>2</dataTypeScale>
<ownDataTypeParameters>,4,2</ownDataTypeParameters>
</Attribute>
<Attribute name="nu_peso" id="4436D8C3-597E-B037-F2AF-81B0F221FFE6">
<createdBy>Marcelo Dias</createdBy>
<createdTime>2016-05-18 13:19:47 UTC</createdTime>
<comment>Este atributo recebe o número do peso embalagem da entidade PRODUTO, é um atributo opcional da tabela , tipo de dado é NUMERIC, tamanho 6 precisão 2.</comment>
<commentInRDBMS>Este atributo recebe o número do peso embalagem da entidade PRODUTO, é um atributo opcional da tabela , tipo de dado é NUMERIC, tamanho 6 precisão 2.</commentInRDBMS>
<generatorID>Gerado pelo usuário</generatorID>
<ownerDesignName>modelo_v03</ownerDesignName>
<engineerTo>
<item key="5717F7DC-5FAE-37A9-1A77-C8C90409988D" value="true"/>
</engineerTo>
<nullsAllowed>true</nullsAllowed>
<useDomainConstraints>false</useDomainConstraints>
<use>1</use>
<logicalDatatype>LOGDT019</logicalDatatype>
<dataTypePrecision>6</dataTypePrecision>
<dataTypeScale>2</dataTypeScale>
<ownDataTypeParameters>,6,2</ownDataTypeParameters>
</Attribute>
<Attribute name="cd_marc" id="1E95D660-8968-4AA7-D4FC-808C4C9B4FE4">
<createdBy>Marcelo Dias</createdBy>
<createdTime>2015-09-12 16:58:22 UTC</createdTime>
<generatorID>03646155-8B98-3571-0979-0F73BD95917F</generatorID>
<ownerDesignName>modelo_v03</ownerDesignName>
<engineerTo>
<item key="5717F7DC-5FAE-37A9-1A77-C8C90409988D" value="true"/>
</engineerTo>
<referedAttribute>36173632-B924-A76F-A99C-19BF3D7CD082</referedAttribute>
<useDomainConstraints>false</useDomainConstraints>
<use>1</use>
<logicalDatatype>LOGDT019</logicalDatatype>
<dataTypePrecision>4</dataTypePrecision>
<ownDataTypeParameters>,4,</ownDataTypeParameters>
</Attribute>
<Attribute name="cd_esto" id="6FD1EE04-C856-1A8E-252E-8F9868855BD2">
<createdBy>Marcelo Dias</createdBy>
<createdTime>2015-09-20 17:20:36 UTC</createdTime>
<generatorID>04AF22A6-CF0E-CE61-2930-3C51748C1A03</generatorID>
<ownerDesignName>modelo_v03</ownerDesignName>
<engineerTo>
<item key="5717F7DC-5FAE-37A9-1A77-C8C90409988D" value="true"/>
</engineerTo>
<referedAttribute>691DA30B-5A28-7D70-81F7-F5EEF1D3E58D</referedAttribute>
<useDomainConstraints>false</useDomainConstraints>
<use>1</use>
<logicalDatatype>LOGDT019</logicalDatatype>
<dataTypePrecision>8</dataTypePrecision>
<ownDataTypeParameters>,8,</ownDataTypeParameters>
</Attribute>
<Attribute name="cd_cate" id="94FCA0A4-4612-3CA2-07E4-616ED1F88F4F">
<createdBy>Gabriel Garcia</createdBy>
<createdTime>2016-04-05 20:29:44 UTC</createdTime>
<comment>Este atributo recebe o código da entidade CATEGORIA,é UID e mandatorio da tabela , tipo de dado é NUMERIC 8.</comment>
<generatorID>5D18B6B0-BD6B-06C4-4772-59FAAAB4E5E9</generatorID>
<ownerDesignName>modelo_v03</ownerDesignName>
<engineerTo>
<item key="5717F7DC-5FAE-37A9-1A77-C8C90409988D" value="true"/>
</engineerTo>
<referedAttribute>DA741327-3720-66DF-19BC-3F2E633B207C</referedAttribute>
<useDomainConstraints>false</useDomainConstraints>
<use>1</use>
<logicalDatatype>LOGDT019</logicalDatatype>
<dataTypePrecision>8</dataTypePrecision>
<ownDataTypeParameters>,8,</ownDataTypeParameters>
</Attribute>
</attributes>
<identifiers itemClass="oracle.dbtools.crest.model.design.logical.CandidateKey">
<identifier id="6A704828-0642-26FE-7424-CDD11808F2A8" name="PRODUTO PK">
<createdBy>sidi</createdBy>
<createdTime>2015-09-08 00:58:47 UTC</createdTime>
<generatorID>Gerado pelo usuário</generatorID>
<ownerDesignName>modelo_v03</ownerDesignName>
<shouldEngineer>false</shouldEngineer>
<importedID>4DBD6E4C-5F3C-E67D-AFD1-F53952F35736</importedID>
<engineerTo>
<item key="5717F7DC-5FAE-37A9-1A77-C8C90409988D" value="false"/>
</engineerTo>
<pk>true</pk>
<usedAttributes>
<attributeRef>C691E740-10DD-C046-8B59-1A1164704BFD</attributeRef>
</usedAttributes>
</identifier>
</identifiers>
</Entity>