<?xml version = '1.0' encoding = 'UTF-8'?>
<Entity class="oracle.dbtools.crest.model.design.logical.Entity" directorySegmentName="seg_0" id="32D2E744-0DD5-D8E2-9B50-81B81AE14856" name="EVENTO">
<createdBy>Marcelo Dias</createdBy>
<createdTime>2016-05-18 11:28:37 UTC</createdTime>
<generatorID>Gerado pelo usuário</generatorID>
<ownerDesignName>modelo_v03</ownerDesignName>
<engineerTo>
<item key="5717F7DC-5FAE-37A9-1A77-C8C90409988D" value="true"/>
</engineerTo>
<adequatelyNormalized>NO</adequatelyNormalized>
<expectedVolumes>0</expectedVolumes>
<fwdEngineeringStrategyName>Single Table</fwdEngineeringStrategyName>
<growthPercent>0</growthPercent>
<growthType>Year</growthType>
<maxVolumes>9999999</maxVolumes>
<minVolumes>0</minVolumes>
<normalForm>Third</normalForm>
<attributes itemClass="oracle.dbtools.crest.model.design.logical.Attribute">
<Attribute name="cd_evento" id="9517DC9A-C0C6-E006-2CA0-590929BEAA14">
<createdBy>Marcelo Dias</createdBy>
<createdTime>2016-05-18 11:29:17 UTC</createdTime>
<comment>Este atributo recebe o código da entidade EVENTO,é UID e mandatorio da tabela , tipo de dado é NUMERIC 4.</comment>
<commentInRDBMS>Este atributo recebe o código da entidade EVENTO,é UID e mandatorio da tabela , tipo de dado é NUMERIC 4.</commentInRDBMS>
<generatorID>Gerado pelo usuário</generatorID>
<ownerDesignName>modelo_v03</ownerDesignName>
<engineerTo>
<item key="5717F7DC-5FAE-37A9-1A77-C8C90409988D" value="true"/>
</engineerTo>
<useDomainConstraints>false</useDomainConstraints>
<use>1</use>
<logicalDatatype>LOGDT019</logicalDatatype>
<dataTypePrecision>4</dataTypePrecision>
<ownDataTypeParameters>,4,</ownDataTypeParameters>
</Attribute>
<Attribute name="nm_evento" id="04B49C5C-82E5-4DD0-D35A-7FC561989FDC">
<createdBy>Marcelo Dias</createdBy>
<createdTime>2016-05-18 11:32:02 UTC</createdTime>
<comment>Este atributo recebe o nome do evento da entidade EVENTO,é mandátorio da tabela , tipo de dado é VARCHAR2, tamanho 20.</comment>
<commentInRDBMS>Este atributo recebe o nome do evento da entidade EVENTO,é mandátorio da tabela , tipo de dado é VARCHAR2, tamanho 20.</commentInRDBMS>
<generatorID>Gerado pelo usuário</generatorID>
<ownerDesignName>modelo_v03</ownerDesignName>
<engineerTo>
<item key="5717F7DC-5FAE-37A9-1A77-C8C90409988D" value="true"/>
</engineerTo>
<useDomainConstraints>false</useDomainConstraints>
<use>1</use>
<logicalDatatype>LOGDT024</logicalDatatype>
<dataTypeSize>20</dataTypeSize>
<ownDataTypeParameters>20,,</ownDataTypeParameters>
</Attribute>
<Attribute name="ds_evento" id="A21EE440-4A79-9C7D-6642-0580A66F27DC">
<createdBy>Marcelo Dias</createdBy>
<createdTime>2016-05-18 11:29:48 UTC</createdTime>
<comment>Este atributo recebe a descrição do evento da entidade EVENTO,é opcional da tabela , tipo de dado é VARCHAR2, tamanho 200.</comment>
<commentInRDBMS>Este atributo recebe a descrição do evento da entidade EVENTO,é opcional da tabela , tipo de dado é VARCHAR2, tamanho 200.</commentInRDBMS>
<generatorID>Gerado pelo usuário</generatorID>
<ownerDesignName>modelo_v03</ownerDesignName>
<engineerTo>
<item key="5717F7DC-5FAE-37A9-1A77-C8C90409988D" value="true"/>
</engineerTo>
<nullsAllowed>true</nullsAllowed>
<useDomainConstraints>false</useDomainConstraints>
<use>1</use>
<logicalDatatype>LOGDT024</logicalDatatype>
<dataTypeSize>200</dataTypeSize>
<ownDataTypeParameters>200,,</ownDataTypeParameters>
</Attribute>
<Attribute name="dt_inicio_evento" id="36B09A14-B291-D19D-A5BC-3EC507936810">
<createdBy>Marcelo Dias</createdBy>
<createdTime>2016-05-18 11:30:55 UTC</createdTime>
<comment>Este atributo recebe a data de inicio do evento da entidade EVENTO,é  mandatorio da tabela , tipo de dado é DATE.</comment>
<commentInRDBMS>Este atributo recebe a data de inicio do evento da entidade EVENTO,é  mandatorio da tabela , tipo de dado é DATE.</commentInRDBMS>
<generatorID>Gerado pelo usuário</generatorID>
<ownerDesignName>modelo_v03</ownerDesignName>
<engineerTo>
<item key="5717F7DC-5FAE-37A9-1A77-C8C90409988D" value="true"/>
</engineerTo>
<useDomainConstraints>false</useDomainConstraints>
<use>1</use>
<logicalDatatype>LOGDT007</logicalDatatype>
<ownDataTypeParameters>,,</ownDataTypeParameters>
</Attribute>
<Attribute name="dt_final_evento" id="2A3A3ED4-E994-1BA6-06A8-D14F4B6C6869">
<createdBy>Marcelo Dias</createdBy>
<createdTime>2016-05-18 11:31:24 UTC</createdTime>
<comment>Este atributo recebe a data de fim do evento da entidade EVENTO,é  mandatorio da tabela , tipo de dado é DATE.</comment>
<commentInRDBMS>Este atributo recebe a data de fim do evento da entidade EVENTO,é  mandatorio da tabela , tipo de dado é DATE.</commentInRDBMS>
<generatorID>Gerado pelo usuário</generatorID>
<ownerDesignName>modelo_v03</ownerDesignName>
<engineerTo>
<item key="5717F7DC-5FAE-37A9-1A77-C8C90409988D" value="true"/>
</engineerTo>
<useDomainConstraints>false</useDomainConstraints>
<use>1</use>
<logicalDatatype>LOGDT007</logicalDatatype>
<ownDataTypeParameters>,,</ownDataTypeParameters>
</Attribute>
</attributes>
<identifiers itemClass="oracle.dbtools.crest.model.design.logical.CandidateKey">
<identifier id="ECD1A83F-CDB1-722E-10BF-019FDC30C272" name="{entity} PK">
<createdBy>Marcelo Dias</createdBy>
<createdTime>2016-05-18 11:29:45 UTC</createdTime>
<generatorID>Gerado pelo usuário</generatorID>
<ownerDesignName>modelo_v03</ownerDesignName>
<engineerTo>
<item key="5717F7DC-5FAE-37A9-1A77-C8C90409988D" value="true"/>
</engineerTo>
<pk>true</pk>
<usedAttributes>
<attributeRef>9517DC9A-C0C6-E006-2CA0-590929BEAA14</attributeRef>
</usedAttributes>
</identifier>
</identifiers>
</Entity>