<?xml version = '1.0' encoding = 'UTF-8'?>
<Entity class="oracle.dbtools.crest.model.design.logical.Entity" directorySegmentName="seg_0" id="3CB0D009-B7B2-F57B-3E45-EDA82B3963F0" name="NOTA_FISCAL">
<createdBy>Marcelo Dias</createdBy>
<createdTime>2015-09-12 18:18:55 UTC</createdTime>
<generatorID>Gerado pelo usuário</generatorID>
<ownerDesignName>modelo_v03</ownerDesignName>
<engineerTo>
<item key="5717F7DC-5FAE-37A9-1A77-C8C90409988D" value="true"/>
</engineerTo>
<adequatelyNormalized>NO</adequatelyNormalized>
<expectedVolumes>0</expectedVolumes>
<fwdEngineeringStrategyName>Single Table</fwdEngineeringStrategyName>
<growthPercent>0</growthPercent>
<growthType>Year</growthType>
<maxVolumes>9999999</maxVolumes>
<minVolumes>0</minVolumes>
<normalForm>Third</normalForm>
<attributes itemClass="oracle.dbtools.crest.model.design.logical.Attribute">
<Attribute name="cd_nota_fisc" id="C960B535-BA22-6EE3-0F0B-515ECB70FC03">
<createdBy>Marcelo Dias</createdBy>
<createdTime>2015-09-12 18:19:05 UTC</createdTime>
<comment>Este atributo recebe o código da nota fiscal entidade NOTA_FISCAL,é UID e mandatorio da tabela , tipo de dado é NUMERIC 9.</comment>
<commentInRDBMS>Este atributo recebe o código da nota fiscal entidade NOTA_FISCAL,é UID e mandatorio da tabela , tipo de dado é NUMERIC 9.</commentInRDBMS>
<generatorID>Gerado pelo usuário</generatorID>
<ownerDesignName>modelo_v03</ownerDesignName>
<engineerTo>
<item key="5717F7DC-5FAE-37A9-1A77-C8C90409988D" value="true"/>
</engineerTo>
<useDomainConstraints>false</useDomainConstraints>
<use>1</use>
<logicalDatatype>LOGDT019</logicalDatatype>
<dataTypePrecision>9</dataTypePrecision>
<ownDataTypeParameters>,9,</ownDataTypeParameters>
</Attribute>
<Attribute name="dt_emis" id="12CCCC56-F1B1-BA56-7448-01F1A97BD55F">
<createdBy>rm73832</createdBy>
<createdTime>2015-09-21 13:05:44 UTC</createdTime>
<comment>Este atributo recebe a data da emissao da entidade NOTA_FISCAL,é  mandatorio da tabela , tipo de dado é DATE.</comment>
<commentInRDBMS>Este atributo recebe a data da emissao da entidade NOTA_FISCAL,é  mandatorio da tabela , tipo de dado é DATE.</commentInRDBMS>
<ownerDesignName>modelo_v03</ownerDesignName>
<engineerTo>
<item key="5717F7DC-5FAE-37A9-1A77-C8C90409988D" value="true"/>
</engineerTo>
<useDomainConstraints>false</useDomainConstraints>
<use>1</use>
<logicalDatatype>LOGDT007</logicalDatatype>
<ownDataTypeParameters>,,</ownDataTypeParameters>
</Attribute>
<Attribute name="vl_nota_fisc" id="5AFC1292-FF23-0561-4D73-222326D020FA">
<createdBy>Marcelo Dias</createdBy>
<createdTime>2015-09-12 18:21:03 UTC</createdTime>
<comment>Este atributo recebe o valor pago da entidade NOTA_FISCAL,é mandatorio da tabela , tipo de dado é NUMERIC tamanho 7, escala 2.</comment>
<commentInRDBMS>Este atributo recebe o valor pago da entidade NOTA_FISCAL,é mandatorio da tabela , tipo de dado é NUMERIC tamanho 7, escala 2.</commentInRDBMS>
<generatorID>Gerado pelo usuário</generatorID>
<ownerDesignName>modelo_v03</ownerDesignName>
<engineerTo>
<item key="5717F7DC-5FAE-37A9-1A77-C8C90409988D" value="true"/>
</engineerTo>
<useDomainConstraints>false</useDomainConstraints>
<use>1</use>
<logicalDatatype>LOGDT019</logicalDatatype>
<dataTypePrecision>7</dataTypePrecision>
<dataTypeScale>2</dataTypeScale>
<ownDataTypeParameters>,7,2</ownDataTypeParameters>
</Attribute>
<Attribute name="ds_obse" id="DB8F1116-86C0-5EC5-FAE6-2E9C4964F6C0">
<createdBy>Marcelo Dias</createdBy>
<createdTime>2015-09-20 19:21:10 UTC</createdTime>
<comment>Este atributo recebe um texto com observações da entidade NOTA_FISCAL, é um atributo opcional da tabela , tipo de dado é VARCHAR2, tamanho 100.</comment>
<commentInRDBMS>Este atributo recebe um texto com observações da entidade NOTA_FISCAL, é um atributo opcional da tabela , tipo de dado é VARCHAR2, tamanho 100.</commentInRDBMS>
<generatorID>Gerado pelo usuário</generatorID>
<ownerDesignName>modelo_v03</ownerDesignName>
<engineerTo>
<item key="5717F7DC-5FAE-37A9-1A77-C8C90409988D" value="true"/>
</engineerTo>
<nullsAllowed>true</nullsAllowed>
<useDomainConstraints>false</useDomainConstraints>
<use>1</use>
<logicalDatatype>LOGDT024</logicalDatatype>
<dataTypeSize>100</dataTypeSize>
<ownDataTypeParameters>100,,</ownDataTypeParameters>
</Attribute>
<Attribute name="cd_impo_item" id="8EE3F478-E806-3046-2B47-B3F2F49C9A2D">
<createdBy>Marcelo Dias</createdBy>
<createdTime>2015-09-20 20:14:32 UTC</createdTime>
<generatorID>333AF647-B227-89A8-E79F-396F9861910D</generatorID>
<ownerDesignName>modelo_v03</ownerDesignName>
<engineerTo>
<item key="5717F7DC-5FAE-37A9-1A77-C8C90409988D" value="true"/>
</engineerTo>
<nullsAllowed>true</nullsAllowed>
<referedAttribute>FC0A0E32-1031-5607-143D-943C98439BC6</referedAttribute>
<useDomainConstraints>false</useDomainConstraints>
<use>1</use>
<logicalDatatype>LOGDT019</logicalDatatype>
<dataTypePrecision>8</dataTypePrecision>
<ownDataTypeParameters>,8,</ownDataTypeParameters>
</Attribute>
<Attribute name="cd_comp" id="EF2920DC-98CF-9333-486B-6847667F2E28">
<createdBy>Marcelo Dias</createdBy>
<createdTime>2015-09-12 18:27:23 UTC</createdTime>
<generatorID>53337346-21C1-42A0-9066-E4DBA2AAD620</generatorID>
<ownerDesignName>modelo_v03</ownerDesignName>
<engineerTo>
<item key="5717F7DC-5FAE-37A9-1A77-C8C90409988D" value="true"/>
</engineerTo>
<nullsAllowed>true</nullsAllowed>
<referedAttribute>E59862A9-B95F-1AAC-B53C-3D3117172126</referedAttribute>
<useDomainConstraints>false</useDomainConstraints>
<use>1</use>
<logicalDatatype>LOGDT019</logicalDatatype>
<dataTypePrecision>8</dataTypePrecision>
<ownDataTypeParameters>,8,</ownDataTypeParameters>
</Attribute>
<Attribute name="cd_vend" id="F4D499FC-933E-9C9C-737B-C73DC2167F26">
<createdBy>Marcelo Dias</createdBy>
<createdTime>2015-09-12 18:21:47 UTC</createdTime>
<generatorID>59E50175-4133-129D-EC7B-BA1816F60613</generatorID>
<ownerDesignName>modelo_v03</ownerDesignName>
<engineerTo>
<item key="5717F7DC-5FAE-37A9-1A77-C8C90409988D" value="true"/>
</engineerTo>
<nullsAllowed>true</nullsAllowed>
<referedAttribute>CE898A93-D50E-AD5D-E90B-D2E2DC6212F2</referedAttribute>
<useDomainConstraints>false</useDomainConstraints>
<use>1</use>
<logicalDatatype>LOGDT019</logicalDatatype>
<dataTypePrecision>8</dataTypePrecision>
<ownDataTypeParameters>,8,</ownDataTypeParameters>
</Attribute>
<Attribute name="cd_seri_nfe" id="BE519E18-7C60-CC59-646F-F637CC44B629">
<createdBy>Marcelo Dias</createdBy>
<createdTime>2015-09-20 20:06:09 UTC</createdTime>
<generatorID>F2704C2B-6F27-5F89-7C6B-228362F5B103</generatorID>
<ownerDesignName>modelo_v03</ownerDesignName>
<engineerTo>
<item key="5717F7DC-5FAE-37A9-1A77-C8C90409988D" value="true"/>
</engineerTo>
<referedAttribute>CB330654-15DB-2F68-98CF-706A45317B95</referedAttribute>
<useDomainConstraints>false</useDomainConstraints>
<use>1</use>
<logicalDatatype>LOGDT019</logicalDatatype>
<dataTypePrecision>2</dataTypePrecision>
<ownDataTypeParameters>,2,</ownDataTypeParameters>
</Attribute>
<Attribute name="cd_natu_oper_nfe" id="AA748CF7-334A-5DF4-4B77-FB672EEE70A4">
<createdBy>Marcelo Dias</createdBy>
<createdTime>2015-09-20 20:03:34 UTC</createdTime>
<generatorID>6D4323F2-B836-22A2-29B5-B81FC73D2C37</generatorID>
<ownerDesignName>modelo_v03</ownerDesignName>
<engineerTo>
<item key="5717F7DC-5FAE-37A9-1A77-C8C90409988D" value="true"/>
</engineerTo>
<referedAttribute>04B9AA21-104B-147D-4F71-9C7375938EEB</referedAttribute>
<useDomainConstraints>false</useDomainConstraints>
<use>1</use>
<logicalDatatype>LOGDT019</logicalDatatype>
<dataTypePrecision>4</dataTypePrecision>
<ownDataTypeParameters>,4,</ownDataTypeParameters>
</Attribute>
</attributes>
<identifiers itemClass="oracle.dbtools.crest.model.design.logical.CandidateKey">
<identifier id="69B5A33F-DD1E-63D0-2956-E91632FCA9AF" name="{entity} PK">
<createdBy>Marcelo Dias</createdBy>
<createdTime>2015-09-12 18:19:20 UTC</createdTime>
<generatorID>Gerado pelo usuário</generatorID>
<ownerDesignName>modelo_v03</ownerDesignName>
<engineerTo>
<item key="5717F7DC-5FAE-37A9-1A77-C8C90409988D" value="true"/>
</engineerTo>
<pk>true</pk>
<usedAttributes>
<attributeRef>C960B535-BA22-6EE3-0F0B-515ECB70FC03</attributeRef>
</usedAttributes>
</identifier>
</identifiers>
</Entity>