<?xml version = '1.0' encoding = 'UTF-8'?>
<Entity class="oracle.dbtools.crest.model.design.logical.Entity" directorySegmentName="seg_0" id="3D20F067-30A2-D92E-1E64-AF194A3559C8" name="VENDA">
<createdBy>sidi</createdBy>
<createdTime>2015-09-08 00:58:47 UTC</createdTime>
<generatorID>Gerado pelo usuário</generatorID>
<ownerDesignName>modelo_v03</ownerDesignName>
<importedID>7BE1D09C-7B9D-36A1-8222-975B6F628097</importedID>
<engineerTo>
<item key="5717F7DC-5FAE-37A9-1A77-C8C90409988D" value="true"/>
</engineerTo>
<adequatelyNormalized>NO</adequatelyNormalized>
<expectedVolumes>0</expectedVolumes>
<fwdEngineeringStrategyName>Single Table</fwdEngineeringStrategyName>
<growthPercent>0</growthPercent>
<growthType>Year</growthType>
<maxVolumes>9999999</maxVolumes>
<minVolumes>0</minVolumes>
<normalForm>Third</normalForm>
<attributes itemClass="oracle.dbtools.crest.model.design.logical.Attribute">
<Attribute name="cd_vend" id="CE898A93-D50E-AD5D-E90B-D2E2DC6212F2">
<createdBy>sidi</createdBy>
<createdTime>2015-09-08 00:58:47 UTC</createdTime>
<comment>Este atributo recebe o código da entidade VENDA,é UID e mandatorio da tabela , tipo de dado é NUMERIC 8.</comment>
<commentInRDBMS>Este atributo recebe o código da entidade VENDA,é UID e mandatorio da tabela , tipo de dado é NUMERIC 8.</commentInRDBMS>
<generatorID>Gerado pelo usuário</generatorID>
<ownerDesignName>modelo_v03</ownerDesignName>
<importedID>E8505174-4A61-891A-9D16-F38B6FFACFC7</importedID>
<engineerTo>
<item key="5717F7DC-5FAE-37A9-1A77-C8C90409988D" value="true"/>
</engineerTo>
<useDomainConstraints>false</useDomainConstraints>
<use>1</use>
<logicalDatatype>LOGDT019</logicalDatatype>
<dataTypePrecision>8</dataTypePrecision>
<ownDataTypeParameters>,8,</ownDataTypeParameters>
</Attribute>
<Attribute name="vl_vend" id="A75856C6-195C-9A6C-9D9E-6DC090CA7D5A">
<createdBy>sidi</createdBy>
<createdTime>2015-09-08 00:58:47 UTC</createdTime>
<comment>Este atributo recebe o valor da venda da entidade VENDA,é mandatorio da tabela , tipo de dado é NUMERIC tamanho 7, escala 2.</comment>
<commentInRDBMS>Este atributo recebe o valor da venda da entidade VENDA,é mandatorio da tabela , tipo de dado é NUMERIC tamanho 7, escala 2.</commentInRDBMS>
<generatorID>Gerado pelo usuário</generatorID>
<ownerDesignName>modelo_v03</ownerDesignName>
<importedID>D845675A-BC9C-7FE1-2D31-47C992BF782F</importedID>
<engineerTo>
<item key="5717F7DC-5FAE-37A9-1A77-C8C90409988D" value="true"/>
</engineerTo>
<useDomainConstraints>false</useDomainConstraints>
<use>1</use>
<logicalDatatype>LOGDT019</logicalDatatype>
<dataTypePrecision>7</dataTypePrecision>
<dataTypeScale>2</dataTypeScale>
<ownDataTypeParameters>,7,2</ownDataTypeParameters>
</Attribute>
<Attribute name="dt_vend" id="1627EAB0-1BD8-421C-7229-8E3C62461B58">
<createdBy>sidi</createdBy>
<createdTime>2015-09-08 00:58:47 UTC</createdTime>
<comment>Este atributo recebe a data da venda da entidade VENDA,é  mandatorio da tabela , tipo de dado é DATE.</comment>
<commentInRDBMS>Este atributo recebe a data da venda da entidade VENDA,é  mandatorio da tabela , tipo de dado é DATE.</commentInRDBMS>
<generatorID>Gerado pelo usuário</generatorID>
<ownerDesignName>modelo_v03</ownerDesignName>
<importedID>DFBA3F29-9C77-7CB0-5AFD-5D8FEED67224</importedID>
<engineerTo>
<item key="5717F7DC-5FAE-37A9-1A77-C8C90409988D" value="true"/>
</engineerTo>
<useDomainConstraints>false</useDomainConstraints>
<use>1</use>
<logicalDatatype>LOGDT007</logicalDatatype>
<ownDataTypeParameters>,,</ownDataTypeParameters>
</Attribute>
<Attribute name="cd_func" id="BBACC810-9B77-D053-4802-02EEC29E1575">
<createdBy>sidi</createdBy>
<createdTime>2015-09-08 00:58:47 UTC</createdTime>
<generatorID>99EB1CB8-5F56-A264-5073-B61D83072616</generatorID>
<ownerDesignName>modelo_v03</ownerDesignName>
<importedID>BEFED737-BF0B-1CBE-C81D-9545E47740E6</importedID>
<engineerTo>
<item key="5717F7DC-5FAE-37A9-1A77-C8C90409988D" value="true"/>
</engineerTo>
<referedAttribute>2FA36524-A060-7F7F-C3C4-39DA8AEB79B3</referedAttribute>
<useDomainConstraints>false</useDomainConstraints>
<use>1</use>
<logicalDatatype>LOGDT019</logicalDatatype>
<dataTypePrecision>5</dataTypePrecision>
<ownDataTypeParameters>,5,</ownDataTypeParameters>
</Attribute>
<Attribute name="cd_clie" id="E398AE23-BB97-4671-8E5F-F87A6CE1A132">
<createdBy>sidi</createdBy>
<createdTime>2015-09-08 00:58:47 UTC</createdTime>
<generatorID>6827FB22-7275-750A-C6D8-C05551BC8F24</generatorID>
<ownerDesignName>modelo_v03</ownerDesignName>
<importedID>11906BFB-BB3A-7680-19B3-1568B40FA0EE</importedID>
<engineerTo>
<item key="5717F7DC-5FAE-37A9-1A77-C8C90409988D" value="true"/>
</engineerTo>
<referedAttribute>09F7A5DF-369F-4475-E133-E8B4E5CC1949</referedAttribute>
<useDomainConstraints>false</useDomainConstraints>
<use>1</use>
<logicalDatatype>LOGDT019</logicalDatatype>
<dataTypePrecision>7</dataTypePrecision>
<ownDataTypeParameters>,7,</ownDataTypeParameters>
</Attribute>
</attributes>
<identifiers itemClass="oracle.dbtools.crest.model.design.logical.CandidateKey">
<identifier id="EC26E231-DD6A-979B-5519-F5CDADC0A08C" name="VENDA PK">
<createdBy>sidi</createdBy>
<createdTime>2015-09-08 00:58:47 UTC</createdTime>
<generatorID>Gerado pelo usuário</generatorID>
<ownerDesignName>modelo_v03</ownerDesignName>
<shouldEngineer>false</shouldEngineer>
<importedID>9FBC58FA-A84B-88F8-653F-C86FFB4BFE01</importedID>
<engineerTo>
<item key="5717F7DC-5FAE-37A9-1A77-C8C90409988D" value="false"/>
</engineerTo>
<pk>true</pk>
<usedAttributes>
<attributeRef>CE898A93-D50E-AD5D-E90B-D2E2DC6212F2</attributeRef>
</usedAttributes>
</identifier>
</identifiers>
</Entity>