<?xml version = '1.0' encoding = 'UTF-8'?>
<Entity class="oracle.dbtools.crest.model.design.logical.Entity" directorySegmentName="seg_0" id="4439492B-9FFF-B4EE-ACA1-F87C45E394F4" name="MARCA">
<createdBy>Marcelo Dias</createdBy>
<createdTime>2015-09-12 16:55:37 UTC</createdTime>
<generatorID>Gerado pelo usuário</generatorID>
<ownerDesignName>modelo_v03</ownerDesignName>
<engineerTo>
<item key="5717F7DC-5FAE-37A9-1A77-C8C90409988D" value="true"/>
</engineerTo>
<adequatelyNormalized>NO</adequatelyNormalized>
<expectedVolumes>0</expectedVolumes>
<fwdEngineeringStrategyName>Single Table</fwdEngineeringStrategyName>
<growthPercent>0</growthPercent>
<growthType>Year</growthType>
<maxVolumes>9999999</maxVolumes>
<minVolumes>0</minVolumes>
<normalForm>Third</normalForm>
<attributes itemClass="oracle.dbtools.crest.model.design.logical.Attribute">
<Attribute name="cd_marc" id="36173632-B924-A76F-A99C-19BF3D7CD082">
<createdBy>Marcelo Dias</createdBy>
<createdTime>2015-09-12 16:55:43 UTC</createdTime>
<comment>Este atributo recebe o código da entidade MARCA,é UID e mandatorio da tabela , tipo de dado é NUMERIC 4.</comment>
<commentInRDBMS>Este atributo recebe o código da entidade MARCA,é UID e mandatorio da tabela , tipo de dado é NUMERIC 4.</commentInRDBMS>
<generatorID>Gerado pelo usuário</generatorID>
<ownerDesignName>modelo_v03</ownerDesignName>
<engineerTo>
<item key="5717F7DC-5FAE-37A9-1A77-C8C90409988D" value="true"/>
</engineerTo>
<useDomainConstraints>false</useDomainConstraints>
<use>1</use>
<logicalDatatype>LOGDT019</logicalDatatype>
<dataTypePrecision>4</dataTypePrecision>
<ownDataTypeParameters>,4,</ownDataTypeParameters>
</Attribute>
<Attribute name="nm_marc" id="77132DC9-D353-7BBA-486D-159E3D2EC4E2">
<createdBy>Marcelo Dias</createdBy>
<createdTime>2015-09-12 16:56:00 UTC</createdTime>
<comment>Este atributo recebe o nome da marca da entidade MARCA,é mandátorio da tabela , tipo de dado é VARCHAR2, tamanho 50.</comment>
<commentInRDBMS>Este atributo recebe o nome da marca da entidade MARCA,é mandátorio da tabela , tipo de dado é VARCHAR2, tamanho 50.</commentInRDBMS>
<generatorID>Gerado pelo usuário</generatorID>
<ownerDesignName>modelo_v03</ownerDesignName>
<engineerTo>
<item key="5717F7DC-5FAE-37A9-1A77-C8C90409988D" value="true"/>
</engineerTo>
<useDomainConstraints>false</useDomainConstraints>
<use>1</use>
<logicalDatatype>LOGDT024</logicalDatatype>
<dataTypeSize>50</dataTypeSize>
<ownDataTypeParameters>50,,</ownDataTypeParameters>
</Attribute>
</attributes>
<identifiers itemClass="oracle.dbtools.crest.model.design.logical.CandidateKey">
<identifier id="2FF853FD-D984-AC08-0786-F879E92B196A" name="{entity} PK">
<createdBy>Marcelo Dias</createdBy>
<createdTime>2015-09-12 16:55:56 UTC</createdTime>
<generatorID>Gerado pelo usuário</generatorID>
<ownerDesignName>modelo_v03</ownerDesignName>
<engineerTo>
<item key="5717F7DC-5FAE-37A9-1A77-C8C90409988D" value="true"/>
</engineerTo>
<pk>true</pk>
<usedAttributes>
<attributeRef>36173632-B924-A76F-A99C-19BF3D7CD082</attributeRef>
</usedAttributes>
</identifier>
</identifiers>
</Entity>