<?xml version = '1.0' encoding = 'UTF-8'?>
<Entity class="oracle.dbtools.crest.model.design.logical.Entity" directorySegmentName="seg_0" id="46E63D51-F548-0D46-24BD-EA96CEBEBE70" name="TELEFONE">
<createdBy>sidi</createdBy>
<createdTime>2015-09-08 00:58:46 UTC</createdTime>
<generatorID>Gerado pelo usuário</generatorID>
<ownerDesignName>modelo_v03</ownerDesignName>
<importedID>08561C67-9CAD-5B9B-318E-AB3625F25E26</importedID>
<engineerTo>
<item key="5717F7DC-5FAE-37A9-1A77-C8C90409988D" value="true"/>
</engineerTo>
<adequatelyNormalized>NO</adequatelyNormalized>
<expectedVolumes>0</expectedVolumes>
<fwdEngineeringStrategyName>Single Table</fwdEngineeringStrategyName>
<growthPercent>0</growthPercent>
<growthType>Year</growthType>
<maxVolumes>9999999</maxVolumes>
<minVolumes>0</minVolumes>
<normalForm>Third</normalForm>
<attributes itemClass="oracle.dbtools.crest.model.design.logical.Attribute">
<Attribute name="cd_tele" id="D2BE3312-865C-EB9C-0EF5-CE6BF708F059">
<createdBy>sidi</createdBy>
<createdTime>2015-09-08 00:58:47 UTC</createdTime>
<comment>Este atributo recebe o código da entidade TELEFONE,é UID e mandatorio da tabela , tipo de dado é NUMERIC 7.</comment>
<commentInRDBMS>Este atributo recebe o código da entidade TELEFONE,é UID e mandatorio da tabela , tipo de dado é NUMERIC 7.</commentInRDBMS>
<generatorID>Gerado pelo usuário</generatorID>
<ownerDesignName>modelo_v03</ownerDesignName>
<importedID>B3DA7BCA-E40F-1D8E-35F2-7D73CE7534EA</importedID>
<engineerTo>
<item key="5717F7DC-5FAE-37A9-1A77-C8C90409988D" value="true"/>
</engineerTo>
<useDomainConstraints>false</useDomainConstraints>
<use>1</use>
<logicalDatatype>LOGDT019</logicalDatatype>
<dataTypePrecision>7</dataTypePrecision>
<ownDataTypeParameters>,7,</ownDataTypeParameters>
</Attribute>
<Attribute name="tp_tele" id="F8D372D8-6D7F-1495-46AB-842887430C21">
<createdBy>sidi</createdBy>
<createdTime>2015-09-08 00:58:47 UTC</createdTime>
<comment>Este atributo recebe o tipo do telefone da entidade TELEFONE,é opcional da tabela , tipo de dado é CHAR, tamanho 11.</comment>
<commentInRDBMS>Este atributo recebe o tipo do telefone da entidade TELEFONE,é opcional da tabela , tipo de dado é CHAR, tamanho 11.</commentInRDBMS>
<generatorID>Gerado pelo usuário</generatorID>
<ownerDesignName>modelo_v03</ownerDesignName>
<importedID>2E8BB127-1101-B11F-F68A-0B92B8D121AC</importedID>
<engineerTo>
<item key="5717F7DC-5FAE-37A9-1A77-C8C90409988D" value="true"/>
</engineerTo>
<nullsAllowed>true</nullsAllowed>
<useDomainConstraints>false</useDomainConstraints>
<use>1</use>
<logicalDatatype>LOGDT025</logicalDatatype>
<dataTypeSize>11</dataTypeSize>
<ownDataTypeParameters>11,,</ownDataTypeParameters>
</Attribute>
<Attribute name="nu_ddd" id="E47A1B34-C0AE-124E-F951-D97DCE4DB1C8">
<createdBy>sidi</createdBy>
<createdTime>2015-09-08 00:58:47 UTC</createdTime>
<comment>Este atributo recebe o número do ddd da entidade TELEFONE,é mandatório da tabela , tipo de dado é CHAR, tamanho 3.</comment>
<commentInRDBMS>Este atributo recebe o número do ddd da entidade TELEFONE,é mandatório da tabela , tipo de dado é CHAR, tamanho 3.</commentInRDBMS>
<generatorID>Gerado pelo usuário</generatorID>
<ownerDesignName>modelo_v03</ownerDesignName>
<importedID>F15FFD7A-B3A7-F9EC-333C-E6C28745FA23</importedID>
<engineerTo>
<item key="5717F7DC-5FAE-37A9-1A77-C8C90409988D" value="true"/>
</engineerTo>
<useDomainConstraints>false</useDomainConstraints>
<use>1</use>
<logicalDatatype>LOGDT025</logicalDatatype>
<dataTypeSize>3</dataTypeSize>
<ownDataTypeParameters>3,,</ownDataTypeParameters>
</Attribute>
<Attribute name="nu_tele" id="38E3D786-9E84-8E37-39E8-0274E44B9176">
<createdBy>sidi</createdBy>
<createdTime>2015-09-08 00:58:47 UTC</createdTime>
<comment>Este atributo recebe o número do telefone da entidade TELEFONE,é mandatório da tabela , tipo de dado é CHAR, tamanho 9.</comment>
<commentInRDBMS>Este atributo recebe o número do telefone da entidade TELEFONE,é mandatório da tabela , tipo de dado é CHAR, tamanho 9.</commentInRDBMS>
<generatorID>Gerado pelo usuário</generatorID>
<ownerDesignName>modelo_v03</ownerDesignName>
<importedID>36C17C3A-6C42-E9D7-66EB-FB17D315469F</importedID>
<engineerTo>
<item key="5717F7DC-5FAE-37A9-1A77-C8C90409988D" value="true"/>
</engineerTo>
<useDomainConstraints>false</useDomainConstraints>
<use>1</use>
<logicalDatatype>LOGDT025</logicalDatatype>
<dataTypeSize>9</dataTypeSize>
<ownDataTypeParameters>9,,</ownDataTypeParameters>
</Attribute>
<Attribute name="cd_pais" id="4FD58094-AF24-E737-5F0F-5CDA758357B4">
<createdBy>Marcelo Dias</createdBy>
<createdTime>2015-09-12 15:10:26 UTC</createdTime>
<generatorID>8A4295B8-D554-B9A5-78C7-04540125CAAA</generatorID>
<ownerDesignName>modelo_v03</ownerDesignName>
<engineerTo>
<item key="5717F7DC-5FAE-37A9-1A77-C8C90409988D" value="true"/>
</engineerTo>
<nullsAllowed>true</nullsAllowed>
<referedAttribute>18D90F09-5623-30B6-602B-2235F6283F06</referedAttribute>
<useDomainConstraints>false</useDomainConstraints>
<use>1</use>
<logicalDatatype>LOGDT019</logicalDatatype>
<dataTypePrecision>3</dataTypePrecision>
<ownDataTypeParameters>,3,</ownDataTypeParameters>
</Attribute>
<Attribute name="cd_func" id="8869C8BB-2B11-DA8D-3C45-A20F56DE4C9E">
<createdBy>Marcelo Dias</createdBy>
<createdTime>2015-09-12 15:35:52 UTC</createdTime>
<generatorID>081EE05D-0DF5-C492-53A8-550D5976420A</generatorID>
<ownerDesignName>modelo_v03</ownerDesignName>
<engineerTo>
<item key="5717F7DC-5FAE-37A9-1A77-C8C90409988D" value="true"/>
</engineerTo>
<nullsAllowed>true</nullsAllowed>
<referedAttribute>2FA36524-A060-7F7F-C3C4-39DA8AEB79B3</referedAttribute>
<useDomainConstraints>false</useDomainConstraints>
<use>1</use>
<logicalDatatype>LOGDT019</logicalDatatype>
<dataTypePrecision>5</dataTypePrecision>
<ownDataTypeParameters>,5,</ownDataTypeParameters>
</Attribute>
<Attribute name="cd_fili" id="3AA27053-2207-C118-5FB7-57B77D720BEA">
<createdBy>Marcelo Dias</createdBy>
<createdTime>2015-09-20 18:47:41 UTC</createdTime>
<generatorID>D868BC70-234D-11FC-95CE-2D18F8AA6ED7</generatorID>
<ownerDesignName>modelo_v03</ownerDesignName>
<engineerTo>
<item key="5717F7DC-5FAE-37A9-1A77-C8C90409988D" value="true"/>
</engineerTo>
<nullsAllowed>true</nullsAllowed>
<referedAttribute>44265CED-BAD4-97EB-92A3-0A5BC3876143</referedAttribute>
<useDomainConstraints>false</useDomainConstraints>
<use>1</use>
<logicalDatatype>LOGDT019</logicalDatatype>
<dataTypePrecision>8</dataTypePrecision>
<ownDataTypeParameters>,8,</ownDataTypeParameters>
</Attribute>
<Attribute name="cd_forn" id="E6B10255-B66E-2131-65E9-D1658D4835B1">
<createdBy>Marcelo Dias</createdBy>
<createdTime>2016-05-18 13:11:02 UTC</createdTime>
<comment>Este atributo recebe o código da entidade FORNECEDOR,é UID e mandatorio da tabela , tipo de dado é NUMERIC 4.</comment>
<generatorID>BF533592-9732-333F-1950-365A8EE00553</generatorID>
<ownerDesignName>modelo_v03</ownerDesignName>
<engineerTo>
<item key="5717F7DC-5FAE-37A9-1A77-C8C90409988D" value="true"/>
</engineerTo>
<nullsAllowed>true</nullsAllowed>
<referedAttribute>F0002FBD-6BC8-355F-240F-8B7649F1E2BA</referedAttribute>
<useDomainConstraints>false</useDomainConstraints>
<use>1</use>
<logicalDatatype>LOGDT019</logicalDatatype>
<dataTypePrecision>4</dataTypePrecision>
<ownDataTypeParameters>,4,</ownDataTypeParameters>
</Attribute>
<Attribute name="cd_clie" id="B506FD72-3B62-5450-73B0-438DE4F3BC09">
<createdBy>Marcelo Dias</createdBy>
<createdTime>2016-05-18 13:15:58 UTC</createdTime>
<comment>Este atributo recebe o código da entidade CLIENTE,é UID e mandatorio da tabela , tipo de dado é NUMERIC 7.</comment>
<generatorID>9562E267-C497-2386-6CDE-71220C687BD2</generatorID>
<ownerDesignName>modelo_v03</ownerDesignName>
<engineerTo>
<item key="5717F7DC-5FAE-37A9-1A77-C8C90409988D" value="true"/>
</engineerTo>
<nullsAllowed>true</nullsAllowed>
<referedAttribute>09F7A5DF-369F-4475-E133-E8B4E5CC1949</referedAttribute>
<useDomainConstraints>false</useDomainConstraints>
<use>1</use>
<logicalDatatype>LOGDT019</logicalDatatype>
<dataTypePrecision>7</dataTypePrecision>
<ownDataTypeParameters>,7,</ownDataTypeParameters>
</Attribute>
</attributes>
<identifiers itemClass="oracle.dbtools.crest.model.design.logical.CandidateKey">
<identifier id="54891A35-71F8-8B01-E139-A11B42DF3966" name="TELEFONE PK">
<createdBy>sidi</createdBy>
<createdTime>2015-09-08 00:58:47 UTC</createdTime>
<generatorID>Gerado pelo usuário</generatorID>
<ownerDesignName>modelo_v03</ownerDesignName>
<shouldEngineer>false</shouldEngineer>
<importedID>BC2A3666-84EC-00FC-F10B-7A6C26F6DF94</importedID>
<engineerTo>
<item key="5717F7DC-5FAE-37A9-1A77-C8C90409988D" value="false"/>
</engineerTo>
<pk>true</pk>
<usedAttributes>
<attributeRef>D2BE3312-865C-EB9C-0EF5-CE6BF708F059</attributeRef>
</usedAttributes>
</identifier>
</identifiers>
</Entity>