<?xml version = '1.0' encoding = 'UTF-8'?>
<Entity class="oracle.dbtools.crest.model.design.logical.Entity" directorySegmentName="seg_0" id="4E751013-C05F-B146-352F-24891ACC6D61" name="FUNCIONARIO">
<createdBy>sidi</createdBy>
<createdTime>2015-09-08 00:58:47 UTC</createdTime>
<generatorID>Gerado pelo usuário</generatorID>
<ownerDesignName>modelo_v03</ownerDesignName>
<importedID>ED827F36-8705-E305-EC5E-5B1D3AFC7C16</importedID>
<engineerTo>
<item key="5717F7DC-5FAE-37A9-1A77-C8C90409988D" value="true"/>
</engineerTo>
<adequatelyNormalized>NO</adequatelyNormalized>
<expectedVolumes>0</expectedVolumes>
<fwdEngineeringStrategyName>Single Table</fwdEngineeringStrategyName>
<growthPercent>0</growthPercent>
<growthType>Year</growthType>
<maxVolumes>9999999</maxVolumes>
<minVolumes>0</minVolumes>
<normalForm>Third</normalForm>
<attributes itemClass="oracle.dbtools.crest.model.design.logical.Attribute">
<Attribute name="cd_func" id="2FA36524-A060-7F7F-C3C4-39DA8AEB79B3">
<createdBy>sidi</createdBy>
<createdTime>2015-09-08 00:58:47 UTC</createdTime>
<comment>Este atributo recebe o código da entidade FUNCIONARIO,é UID e mandatorio da tabela , tipo de dado é NUMERIC 5.</comment>
<commentInRDBMS>Este atributo recebe o código da entidade FUNCIONARIO,é UID e mandatorio da tabela , tipo de dado é NUMERIC 5.</commentInRDBMS>
<generatorID>Gerado pelo usuário</generatorID>
<ownerDesignName>modelo_v03</ownerDesignName>
<importedID>227F500D-8A66-80C9-BBCA-203F9672A1ED</importedID>
<engineerTo>
<item key="5717F7DC-5FAE-37A9-1A77-C8C90409988D" value="true"/>
</engineerTo>
<useDomainConstraints>false</useDomainConstraints>
<use>1</use>
<logicalDatatype>LOGDT019</logicalDatatype>
<dataTypePrecision>5</dataTypePrecision>
<ownDataTypeParameters>,5,</ownDataTypeParameters>
</Attribute>
<Attribute name="nm_func" id="85414139-3E22-95F2-9B47-D3BAF29412AE">
<createdBy>sidi</createdBy>
<createdTime>2015-09-08 00:58:47 UTC</createdTime>
<comment>Este atributo recebe o nome do funcionario da entidade FUNCIONARIO,é mandátorio da tabela , tipo de dado é VARCHAR2, tamanho 100.</comment>
<commentInRDBMS>Este atributo recebe o nome do funcionario da entidade FUNCIONARIO,é mandátorio da tabela , tipo de dado é VARCHAR2, tamanho 100.</commentInRDBMS>
<generatorID>Gerado pelo usuário</generatorID>
<ownerDesignName>modelo_v03</ownerDesignName>
<importedID>7E28F4D6-BC07-64DE-81A4-9AA60212388C</importedID>
<engineerTo>
<item key="5717F7DC-5FAE-37A9-1A77-C8C90409988D" value="true"/>
</engineerTo>
<useDomainConstraints>false</useDomainConstraints>
<use>1</use>
<logicalDatatype>LOGDT024</logicalDatatype>
<dataTypeSize>100</dataTypeSize>
<ownDataTypeParameters>100,,</ownDataTypeParameters>
</Attribute>
<Attribute name="nu_rg_func" id="FBD7DE36-0F4F-55E0-99C1-7A741CFEC226">
<createdBy>sidi</createdBy>
<createdTime>2015-09-08 00:58:47 UTC</createdTime>
<comment>Este atributo recebe o número de rg da entidade FUNCIONARIO,é mandatorio da tabela , tipo de dado é NUMERIC tamanho 13.</comment>
<commentInRDBMS>Este atributo recebe o número de rg da entidade FUNCIONARIO,é mandatorio da tabela , tipo de dado é NUMERIC tamanho 13.</commentInRDBMS>
<generatorID>Gerado pelo usuário</generatorID>
<ownerDesignName>modelo_v03</ownerDesignName>
<importedID>B6D75218-30CD-D174-6AFF-0EB80746C118</importedID>
<engineerTo>
<item key="5717F7DC-5FAE-37A9-1A77-C8C90409988D" value="true"/>
</engineerTo>
<useDomainConstraints>false</useDomainConstraints>
<use>1</use>
<logicalDatatype>LOGDT025</logicalDatatype>
<dataTypeSize>13</dataTypeSize>
<ownDataTypeParameters>13,,</ownDataTypeParameters>
</Attribute>
<Attribute name="nu_cpf_func" id="47ADAEE5-A1F8-876F-F55A-81B9CDBF9F1B">
<createdBy>sidi</createdBy>
<createdTime>2015-09-08 00:58:47 UTC</createdTime>
<comment>Este atributo recebe o número do cnpj da entidade FUNCIONARIO,é mandátori da tabela , tipo de dado é NUMERIC tamanho de 14.</comment>
<commentInRDBMS>Este atributo recebe o número do cnpj da entidade FUNCIONARIO,é mandátori da tabela , tipo de dado é NUMERIC tamanho de 14.</commentInRDBMS>
<generatorID>Gerado pelo usuário</generatorID>
<ownerDesignName>modelo_v03</ownerDesignName>
<importedID>7C79A3F0-C632-5B45-6BE9-5894729720CA</importedID>
<engineerTo>
<item key="5717F7DC-5FAE-37A9-1A77-C8C90409988D" value="true"/>
</engineerTo>
<useDomainConstraints>false</useDomainConstraints>
<use>1</use>
<logicalDatatype>LOGDT025</logicalDatatype>
<dataTypeSize>14</dataTypeSize>
<ownDataTypeParameters>14,,</ownDataTypeParameters>
</Attribute>
<Attribute name="vl_sala" id="9D272011-11D5-5292-35DF-E2ED6A99009D">
<createdBy>sidi</createdBy>
<createdTime>2015-09-08 00:58:47 UTC</createdTime>
<comment>Este atributo recebe o valor do salario da entidade FUNCIONARIO,é mandatorio da tabela , tipo de dado é NUMERIC tamanho 7, escala 2.</comment>
<commentInRDBMS>Este atributo recebe o valor do salario da entidade FUNCIONARIO,é mandatorio da tabela , tipo de dado é NUMERIC tamanho 7, escala 2.</commentInRDBMS>
<generatorID>Gerado pelo usuário</generatorID>
<ownerDesignName>modelo_v03</ownerDesignName>
<importedID>3DB6BF95-E4A1-65CD-2581-67DBAA0B4575</importedID>
<engineerTo>
<item key="5717F7DC-5FAE-37A9-1A77-C8C90409988D" value="true"/>
</engineerTo>
<useDomainConstraints>false</useDomainConstraints>
<use>1</use>
<logicalDatatype>LOGDT019</logicalDatatype>
<dataTypePrecision>7</dataTypePrecision>
<dataTypeScale>2</dataTypeScale>
<ownDataTypeParameters>,7,2</ownDataTypeParameters>
</Attribute>
<Attribute name="vl_comi" id="47B14EFE-F5ED-28DB-9E7D-3D160301AC48">
<createdBy>sidi</createdBy>
<createdTime>2015-09-08 00:58:47 UTC</createdTime>
<comment>Este atributo recebe o valor da comissao da entidade FUNCIONARIO,é mandatorio da tabela , tipo de dado é NUMERIC tamanho 7, escala 2.</comment>
<commentInRDBMS>Este atributo recebe o valor da comissao da entidade FUNCIONARIO,é mandatorio da tabela , tipo de dado é NUMERIC tamanho 7, escala 2.</commentInRDBMS>
<generatorID>Gerado pelo usuário</generatorID>
<ownerDesignName>modelo_v03</ownerDesignName>
<importedID>FF0F026D-3A43-6A9A-0577-25812CD6A573</importedID>
<engineerTo>
<item key="5717F7DC-5FAE-37A9-1A77-C8C90409988D" value="true"/>
</engineerTo>
<nullsAllowed>true</nullsAllowed>
<useDomainConstraints>false</useDomainConstraints>
<use>1</use>
<logicalDatatype>LOGDT019</logicalDatatype>
<dataTypePrecision>9</dataTypePrecision>
<dataTypeScale>2</dataTypeScale>
<ownDataTypeParameters>,9,2</ownDataTypeParameters>
</Attribute>
<Attribute name="dt_admi" id="38E08CE6-5606-0EE7-B9F5-73792604DF14">
<createdBy>sidi</createdBy>
<createdTime>2015-09-08 00:58:47 UTC</createdTime>
<comment>Este atributo recebe a data de admissao da entidade FUNCIONARIO,é  mandatorio da tabela , tipo de dado é DATE.</comment>
<commentInRDBMS>Este atributo recebe a data de admissao da entidade FUNCIONARIO,é  mandatorio da tabela , tipo de dado é DATE.</commentInRDBMS>
<generatorID>Gerado pelo usuário</generatorID>
<ownerDesignName>modelo_v03</ownerDesignName>
<importedID>78F1D25D-9BD1-2C22-FF15-406FC89857E2</importedID>
<engineerTo>
<item key="5717F7DC-5FAE-37A9-1A77-C8C90409988D" value="true"/>
</engineerTo>
<nullsAllowed>true</nullsAllowed>
<useDomainConstraints>false</useDomainConstraints>
<use>1</use>
<logicalDatatype>LOGDT007</logicalDatatype>
<ownDataTypeParameters>,,</ownDataTypeParameters>
</Attribute>
<Attribute name="dt_demi" id="D37E522F-C2B3-4B28-249D-5112755B5CC8">
<createdBy>sidi</createdBy>
<createdTime>2015-09-08 00:58:47 UTC</createdTime>
<comment>Este atributo recebe a data de demissao da entidade FUNCIONARIO,é  mandatorio da tabela , tipo de dado é DATE.</comment>
<commentInRDBMS>Este atributo recebe a data de demissao da entidade FUNCIONARIO,é  mandatorio da tabela , tipo de dado é DATE.</commentInRDBMS>
<generatorID>Gerado pelo usuário</generatorID>
<ownerDesignName>modelo_v03</ownerDesignName>
<importedID>2F702F04-9EE5-6F7C-F6F7-444E80BF4B70</importedID>
<engineerTo>
<item key="5717F7DC-5FAE-37A9-1A77-C8C90409988D" value="true"/>
</engineerTo>
<nullsAllowed>true</nullsAllowed>
<useDomainConstraints>false</useDomainConstraints>
<use>1</use>
<logicalDatatype>LOGDT007</logicalDatatype>
<ownDataTypeParameters>,,</ownDataTypeParameters>
</Attribute>
<Attribute name="ds_estado_civil" id="820E7892-14BB-22A5-DEE8-25454F259BF2">
<createdBy>Marcelo Dias</createdBy>
<createdTime>2016-05-18 12:42:16 UTC</createdTime>
<comment>Este atributo recebe o estado civil  da entidade FUNCIONARIO, é um atributo mandatório da tabela , tipo de dado é VARCHAR2, tamanho 40.</comment>
<commentInRDBMS>Este atributo recebe o estado civil  da entidade FUNCIONARIO, é um atributo mandatório da tabela , tipo de dado é VARCHAR2, tamanho 40.</commentInRDBMS>
<generatorID>Gerado pelo usuário</generatorID>
<ownerDesignName>modelo_v03</ownerDesignName>
<engineerTo>
<item key="5717F7DC-5FAE-37A9-1A77-C8C90409988D" value="true"/>
</engineerTo>
<nullsAllowed>true</nullsAllowed>
<useDomainConstraints>false</useDomainConstraints>
<use>1</use>
<logicalDatatype>LOGDT024</logicalDatatype>
<dataTypeSize>40</dataTypeSize>
<ownDataTypeParameters>40,,</ownDataTypeParameters>
</Attribute>
<Attribute name="qt_dependente" id="547AFFD6-4938-7817-C852-64CAE353730B">
<createdBy>Marcelo Dias</createdBy>
<createdTime>2016-05-18 12:42:44 UTC</createdTime>
<comment>Este atributo recebe a quantidade  de dependentes da entidade FUNCIONARIO,é mandatório da tabela , tipo de dado é NUMERIC, tamanho 7.</comment>
<commentInRDBMS>Este atributo recebe a quantidade  de dependentes da entidade FUNCIONARIO,é mandatório da tabela , tipo de dado é NUMERIC, tamanho 7.</commentInRDBMS>
<generatorID>Gerado pelo usuário</generatorID>
<ownerDesignName>modelo_v03</ownerDesignName>
<engineerTo>
<item key="5717F7DC-5FAE-37A9-1A77-C8C90409988D" value="true"/>
</engineerTo>
<useDomainConstraints>false</useDomainConstraints>
<use>1</use>
<logicalDatatype>LOGDT019</logicalDatatype>
<dataTypePrecision>2</dataTypePrecision>
<ownDataTypeParameters>,2,</ownDataTypeParameters>
</Attribute>
<Attribute name="ds_grau_instrucao" id="3A9BEA6D-C687-A7DA-E22E-3CCC546DED95">
<createdBy>Marcelo Dias</createdBy>
<createdTime>2016-05-18 12:43:11 UTC</createdTime>
<comment>Este atributo recebe o grau de instrução da entidade FUNCIONARIO, é um atributo mandatório da tabela , tipo de dado é VARCHAR2, tamanho 40.</comment>
<commentInRDBMS>Este atributo recebe o grau de instrução da entidade FUNCIONARIO, é um atributo mandatório da tabela , tipo de dado é VARCHAR2, tamanho 40.</commentInRDBMS>
<generatorID>Gerado pelo usuário</generatorID>
<ownerDesignName>modelo_v03</ownerDesignName>
<engineerTo>
<item key="5717F7DC-5FAE-37A9-1A77-C8C90409988D" value="true"/>
</engineerTo>
<nullsAllowed>true</nullsAllowed>
<useDomainConstraints>false</useDomainConstraints>
<use>1</use>
<logicalDatatype>LOGDT024</logicalDatatype>
<dataTypeSize>100</dataTypeSize>
<ownDataTypeParameters>100,,</ownDataTypeParameters>
</Attribute>
<Attribute name="bl_grau_instrucao_comp" id="37666F31-2DD9-7F34-9012-6C4206FD04C6">
<createdBy>Marcelo Dias</createdBy>
<createdTime>2016-05-18 12:43:36 UTC</createdTime>
<comment>Este atributo recebe valor grau de intrução concluido da entidade FUNCIONARIO, é mandatório da tabela, tipo de dado é BOOLEAN, tamanho 1.&lt;br/&gt;Valor = 0 para Incompleto | Valor = 1 para Completo</comment>
<commentInRDBMS>Este atributo recebe valor grau de intrução concluido da entidade FUNCIONARIO, é mandatório da tabela, tipo de dado é BOOLEAN, tamanho 1.&lt;br/&gt;Valor = 0 para Incompleto | Valor = 1 para Completo</commentInRDBMS>
<generatorID>Gerado pelo usuário</generatorID>
<ownerDesignName>modelo_v03</ownerDesignName>
<engineerTo>
<item key="5717F7DC-5FAE-37A9-1A77-C8C90409988D" value="true"/>
</engineerTo>
<useDomainConstraints>false</useDomainConstraints>
<use>1</use>
<logicalDatatype>LOGDT006</logicalDatatype>
<dataTypeSize>1</dataTypeSize>
<ownDataTypeParameters>1,,</ownDataTypeParameters>
</Attribute>
<Attribute name="bl_atual_contratado" id="C9EBED15-FC78-5DD8-F05E-5D22910643A9">
<createdBy>Marcelo Dias</createdBy>
<createdTime>2016-05-18 12:44:47 UTC</createdTime>
<comment>Este atributo recebe valor da situação de contrato da entidade FUNCIONARIO, é mandatório da tabela, tipo de dado é BOOLEAN, tamanho 1.&lt;br/&gt;Valor = 0 para Inativo | Valor = 1 para Ativo</comment>
<commentInRDBMS>Este atributo recebe valor da situação de contrato da entidade FUNCIONARIO, é mandatório da tabela, tipo de dado é BOOLEAN, tamanho 1.&lt;br/&gt;Valor = 0 para Inativo | Valor = 1 para Ativo</commentInRDBMS>
<generatorID>Gerado pelo usuário</generatorID>
<ownerDesignName>modelo_v03</ownerDesignName>
<engineerTo>
<item key="5717F7DC-5FAE-37A9-1A77-C8C90409988D" value="true"/>
</engineerTo>
<useDomainConstraints>false</useDomainConstraints>
<use>1</use>
<logicalDatatype>LOGDT006</logicalDatatype>
<dataTypeSize>1</dataTypeSize>
<ownDataTypeParameters>1,,</ownDataTypeParameters>
</Attribute>
<Attribute name="cd_carg" id="9296C69A-89A1-4B5A-8DE7-47B71D2181C8">
<createdBy>sidi</createdBy>
<createdTime>2015-09-08 00:58:47 UTC</createdTime>
<generatorID>1C2BDD3D-C42A-6CB3-F5A4-2065D5885A9E</generatorID>
<ownerDesignName>modelo_v03</ownerDesignName>
<importedID>48569E46-AAAC-D1FB-941B-D5D1B832F4D1</importedID>
<engineerTo>
<item key="5717F7DC-5FAE-37A9-1A77-C8C90409988D" value="true"/>
</engineerTo>
<referedAttribute>F1EE4E67-498E-2B15-EFC0-EFD3072FE6C8</referedAttribute>
<useDomainConstraints>false</useDomainConstraints>
<use>1</use>
<logicalDatatype>LOGDT019</logicalDatatype>
<dataTypePrecision>2</dataTypePrecision>
<ownDataTypeParameters>,2,</ownDataTypeParameters>
</Attribute>
<Attribute name="cd_func1" id="3D0D763E-B38E-F114-84BF-12034E410541">
<createdBy>sidi</createdBy>
<createdTime>2015-09-08 00:58:47 UTC</createdTime>
<generatorID>ADCEEEEA-0C7E-BFE4-2028-C4DF39C851A3</generatorID>
<ownerDesignName>modelo_v03</ownerDesignName>
<importedID>09146A65-B522-8F84-7248-D0B3481D051B</importedID>
<engineerTo>
<item key="5717F7DC-5FAE-37A9-1A77-C8C90409988D" value="true"/>
</engineerTo>
<nullsAllowed>true</nullsAllowed>
<referedAttribute>2FA36524-A060-7F7F-C3C4-39DA8AEB79B3</referedAttribute>
<useDomainConstraints>false</useDomainConstraints>
<use>1</use>
<logicalDatatype>LOGDT019</logicalDatatype>
<dataTypePrecision>5</dataTypePrecision>
<ownDataTypeParameters>,5,</ownDataTypeParameters>
</Attribute>
<Attribute name="cd_ende" id="51176D14-E936-4EC0-A7A4-7F1BDF86F9BB">
<createdBy>Marcelo Dias</createdBy>
<createdTime>2015-09-12 15:27:26 UTC</createdTime>
<generatorID>1A6241B1-B0FB-88B2-CA21-8571F57956AF</generatorID>
<ownerDesignName>modelo_v03</ownerDesignName>
<engineerTo>
<item key="5717F7DC-5FAE-37A9-1A77-C8C90409988D" value="true"/>
</engineerTo>
<nullsAllowed>true</nullsAllowed>
<referedAttribute>023DB110-E30A-0DFA-8116-AC9CEEC95103</referedAttribute>
<useDomainConstraints>false</useDomainConstraints>
<use>1</use>
<logicalDatatype>LOGDT019</logicalDatatype>
<dataTypePrecision>3</dataTypePrecision>
<ownDataTypeParameters>,3,</ownDataTypeParameters>
</Attribute>
<Attribute name="cd_ende1" id="6B92A6A3-156F-7747-06FD-ADDFF8850238">
<createdBy>rm69296</createdBy>
<createdTime>2016-05-19 15:05:35 UTC</createdTime>
<comment>Este atributo recebe o código da entidade endereço,é UID e mandatorio da tabela , tipo de dado é NUMERIC 3.</comment>
<generatorID>F7452698-815A-451F-935A-67D2F7800A06</generatorID>
<ownerDesignName>modelo_v03</ownerDesignName>
<engineerTo>
<item key="5717F7DC-5FAE-37A9-1A77-C8C90409988D" value="true"/>
</engineerTo>
<referedAttribute>023DB110-E30A-0DFA-8116-AC9CEEC95103</referedAttribute>
<useDomainConstraints>false</useDomainConstraints>
<use>1</use>
<logicalDatatype>LOGDT019</logicalDatatype>
<dataTypePrecision>3</dataTypePrecision>
<ownDataTypeParameters>,3,</ownDataTypeParameters>
</Attribute>
</attributes>
<identifiers itemClass="oracle.dbtools.crest.model.design.logical.CandidateKey">
<identifier id="A75FE107-8965-1D07-D18D-87131FC4E9D5" name="FUNCIONARIO PK">
<createdBy>sidi</createdBy>
<createdTime>2015-09-08 00:58:47 UTC</createdTime>
<generatorID>Gerado pelo usuário</generatorID>
<ownerDesignName>modelo_v03</ownerDesignName>
<shouldEngineer>false</shouldEngineer>
<importedID>1571C6D9-BC1F-E0D6-D726-23E7799D4393</importedID>
<engineerTo>
<item key="5717F7DC-5FAE-37A9-1A77-C8C90409988D" value="false"/>
</engineerTo>
<pk>true</pk>
<usedAttributes>
<attributeRef>2FA36524-A060-7F7F-C3C4-39DA8AEB79B3</attributeRef>
</usedAttributes>
</identifier>
</identifiers>
</Entity>