<?xml version = '1.0' encoding = 'UTF-8'?>
<Entity class="oracle.dbtools.crest.model.design.logical.Entity" directorySegmentName="seg_0" id="57AF6E56-C25C-1BAE-4E4B-4C97892C781C" name="FORMA_PAGAMENTO">
<createdBy>luiz.castro</createdBy>
<createdTime>2015-09-28 18:16:17 UTC</createdTime>
<generatorID>Gerado pelo usuário</generatorID>
<notes>Esta tabela contém os dados referentes às Formas de Pagamento aceitas pela loja.</notes>
<ownerDesignName>modelo_v03</ownerDesignName>
<engineerTo>
<item key="5717F7DC-5FAE-37A9-1A77-C8C90409988D" value="true"/>
</engineerTo>
<adequatelyNormalized>NO</adequatelyNormalized>
<expectedVolumes>0</expectedVolumes>
<fwdEngineeringStrategyName>Single Table</fwdEngineeringStrategyName>
<growthPercent>0</growthPercent>
<growthType>Year</growthType>
<maxVolumes>9999999</maxVolumes>
<minVolumes>0</minVolumes>
<normalForm>Third</normalForm>
<attributes itemClass="oracle.dbtools.crest.model.design.logical.Attribute">
<Attribute name="cd_form_paga" id="151B9FE8-8492-3463-EC3F-308E4CBBD76B">
<createdBy>luiz.castro</createdBy>
<createdTime>2015-09-28 18:16:29 UTC</createdTime>
<comment>Este atributo recebe o código da entidade FORMA_PAGAMENTO, é Chave Primária e Obrigatório, tipo de dado é NUMÉRICO com 6 dígitos.</comment>
<commentInRDBMS>Este atributo recebe o código da entidade FORMA_PAGAMENTO, é Chave Primária e Obrigatório, tipo de dado é NUMÉRICO com 6 dígitos.</commentInRDBMS>
<generatorID>Gerado pelo usuário</generatorID>
<ownerDesignName>modelo_v03</ownerDesignName>
<engineerTo>
<item key="5717F7DC-5FAE-37A9-1A77-C8C90409988D" value="true"/>
</engineerTo>
<useDomainConstraints>false</useDomainConstraints>
<use>1</use>
<logicalDatatype>LOGDT019</logicalDatatype>
<dataTypePrecision>4</dataTypePrecision>
<ownDataTypeParameters>,4,</ownDataTypeParameters>
</Attribute>
<Attribute name="nm_form_paga" id="C0987D06-8F48-D669-BEB9-DF1B33F8DDD8">
<createdBy>luiz.castro</createdBy>
<createdTime>2015-09-28 18:17:40 UTC</createdTime>
<comment>Este atributo recebe o nome da forma de pagamento, é obrigatório, é do tipo VARCHAR2 com até 20 caracteres e seus dados esão gravados em um domínio. </comment>
<commentInRDBMS>Este atributo recebe o nome da forma de pagamento, é obrigatório, é do tipo VARCHAR2 com até 20 caracteres e seus dados esão gravados em um domínio. </commentInRDBMS>
<generatorID>Gerado pelo usuário</generatorID>
<ownerDesignName>modelo_v03</ownerDesignName>
<engineerTo>
<item key="5717F7DC-5FAE-37A9-1A77-C8C90409988D" value="true"/>
</engineerTo>
<useDomainConstraints>false</useDomainConstraints>
<use>1</use>
<logicalDatatype>LOGDT024</logicalDatatype>
<dataTypeSize>20</dataTypeSize>
<ownDataTypeParameters>20,,</ownDataTypeParameters>
</Attribute>
<Attribute name="cd_admi_cart" id="47DA4CD1-FDC3-CDC7-3C23-C98E034659AD">
<createdBy>luiz.castro</createdBy>
<createdTime>2015-09-28 19:40:39 UTC</createdTime>
<generatorID>B1C98BFD-1D9C-B707-18D8-A04AFD082807</generatorID>
<ownerDesignName>modelo_v03</ownerDesignName>
<engineerTo>
<item key="5717F7DC-5FAE-37A9-1A77-C8C90409988D" value="true"/>
</engineerTo>
<referedAttribute>FB5706F3-FF68-34D0-3D35-5D3B17A03966</referedAttribute>
<useDomainConstraints>false</useDomainConstraints>
<use>1</use>
<logicalDatatype>LOGDT019</logicalDatatype>
<dataTypePrecision>2</dataTypePrecision>
<ownDataTypeParameters>,2,</ownDataTypeParameters>
</Attribute>
</attributes>
<identifiers itemClass="oracle.dbtools.crest.model.design.logical.CandidateKey">
<identifier id="743718D8-CD55-11B1-E19A-D56F69F6F46D" name="FORMA_PAGAMENTO PK">
<createdBy>luiz.castro</createdBy>
<createdTime>2015-09-28 18:16:43 UTC</createdTime>
<generatorID>Gerado pelo usuário</generatorID>
<ownerDesignName>modelo_v03</ownerDesignName>
<shouldEngineer>false</shouldEngineer>
<engineerTo>
<item key="5717F7DC-5FAE-37A9-1A77-C8C90409988D" value="false"/>
</engineerTo>
<pk>true</pk>
<usedAttributes>
<attributeRef>151B9FE8-8492-3463-EC3F-308E4CBBD76B</attributeRef>
</usedAttributes>
</identifier>
</identifiers>
</Entity>