<?xml version = '1.0' encoding = 'UTF-8'?>
<Entity class="oracle.dbtools.crest.model.design.logical.Entity" directorySegmentName="seg_0" id="5B16D54F-03AE-5E47-7706-D3A57C3EFB81" name="CLIENTE">
<createdBy>sidi</createdBy>
<createdTime>2015-09-08 00:58:47 UTC</createdTime>
<generatorID>Gerado pelo usuário</generatorID>
<ownerDesignName>modelo_v03</ownerDesignName>
<importedID>3D39DEED-103A-E3B7-D3D7-D50546045941</importedID>
<engineerTo>
<item key="5717F7DC-5FAE-37A9-1A77-C8C90409988D" value="true"/>
</engineerTo>
<adequatelyNormalized>NO</adequatelyNormalized>
<expectedVolumes>0</expectedVolumes>
<fwdEngineeringStrategyName>Single Table</fwdEngineeringStrategyName>
<growthPercent>0</growthPercent>
<growthType>Year</growthType>
<maxVolumes>9999999</maxVolumes>
<minVolumes>0</minVolumes>
<normalForm>Third</normalForm>
<attributes itemClass="oracle.dbtools.crest.model.design.logical.Attribute">
<Attribute name="cd_clie" id="09F7A5DF-369F-4475-E133-E8B4E5CC1949">
<createdBy>sidi</createdBy>
<createdTime>2015-09-08 00:58:47 UTC</createdTime>
<comment>Este atributo recebe o código da entidade CLIENTE,é UID e mandatorio da tabela , tipo de dado é NUMERIC 7.</comment>
<commentInRDBMS>Este atributo recebe o código da entidade CLIENTE,é UID e mandatorio da tabela , tipo de dado é NUMERIC 7.</commentInRDBMS>
<generatorID>Gerado pelo usuário</generatorID>
<ownerDesignName>modelo_v03</ownerDesignName>
<importedID>8E8388AE-E469-BBC9-DA0E-A6184B8F17DB</importedID>
<engineerTo>
<item key="5717F7DC-5FAE-37A9-1A77-C8C90409988D" value="true"/>
</engineerTo>
<useDomainConstraints>false</useDomainConstraints>
<use>1</use>
<logicalDatatype>LOGDT019</logicalDatatype>
<dataTypePrecision>7</dataTypePrecision>
<ownDataTypeParameters>,7,</ownDataTypeParameters>
</Attribute>
<Attribute name="nm_clie" id="084A0DF7-5DE8-BF8A-FAC2-05D9B53AB81E">
<createdBy>sidi</createdBy>
<createdTime>2015-09-08 00:58:47 UTC</createdTime>
<comment>Este atributo recebe o nome do cliente da entidade CLIENTE,é mandátorio da tabela , tipo de dado é VARCHAR2, tamanho 100.</comment>
<commentInRDBMS>Este atributo recebe o nome do cliente da entidade CLIENTE,é mandátorio da tabela , tipo de dado é VARCHAR2, tamanho 100.</commentInRDBMS>
<generatorID>Gerado pelo usuário</generatorID>
<ownerDesignName>modelo_v03</ownerDesignName>
<importedID>75084995-9F5F-3AD4-5A65-33534A453266</importedID>
<engineerTo>
<item key="5717F7DC-5FAE-37A9-1A77-C8C90409988D" value="true"/>
</engineerTo>
<useDomainConstraints>false</useDomainConstraints>
<use>1</use>
<logicalDatatype>LOGDT024</logicalDatatype>
<dataTypeSize>100</dataTypeSize>
<ownDataTypeParameters>100,,</ownDataTypeParameters>
</Attribute>
<Attribute name="nu_rg_clie" id="09D79F81-A19D-3FDB-CAB3-7E14C57F974F">
<createdBy>sidi</createdBy>
<createdTime>2015-09-08 00:58:47 UTC</createdTime>
<comment>Este atributo recebe o número de rg da entidade CLIENTE,é mandatorio da tabela , tipo de dado é NUMERIC tamanho 13.</comment>
<commentInRDBMS>Este atributo recebe o número de rg da entidade CLIENTE,é mandatorio da tabela , tipo de dado é NUMERIC tamanho 13.</commentInRDBMS>
<generatorID>Gerado pelo usuário</generatorID>
<ownerDesignName>modelo_v03</ownerDesignName>
<importedID>7DA17D61-1314-A353-0742-1285E9B104DB</importedID>
<engineerTo>
<item key="5717F7DC-5FAE-37A9-1A77-C8C90409988D" value="true"/>
</engineerTo>
<useDomainConstraints>false</useDomainConstraints>
<use>1</use>
<logicalDatatype>LOGDT025</logicalDatatype>
<dataTypeSize>13</dataTypeSize>
<ownDataTypeParameters>13,,</ownDataTypeParameters>
</Attribute>
<Attribute name="nu_cpf_clie" id="508CEDC7-9DEF-A9A6-24FB-B500A38963D0">
<createdBy>Bloorc</createdBy>
<createdTime>2015-10-01 22:43:59 UTC</createdTime>
<comment>Este atributo recebe o número do cnpj da entidade CLIENTE,é mandátori da tabela , tipo de dado é NUMERIC tamanho de 14.</comment>
<commentInRDBMS>Este atributo recebe o número do cnpj da entidade CLIENTE,é mandátori da tabela , tipo de dado é NUMERIC tamanho de 14.</commentInRDBMS>
<generatorID>Gerado pelo usuário</generatorID>
<ownerDesignName>modelo_v03</ownerDesignName>
<engineerTo>
<item key="5717F7DC-5FAE-37A9-1A77-C8C90409988D" value="true"/>
</engineerTo>
<nullsAllowed>true</nullsAllowed>
<useDomainConstraints>false</useDomainConstraints>
<use>1</use>
<logicalDatatype>LOGDT024</logicalDatatype>
<dataTypeSize>14</dataTypeSize>
<ownDataTypeParameters>14,,</ownDataTypeParameters>
</Attribute>
<Attribute name="nu_cnpj_clie" id="0C87A4BE-FEE4-01E7-A7ED-94B46CE0733C">
<createdBy>sidi</createdBy>
<createdTime>2015-09-08 00:58:47 UTC</createdTime>
<comment>Este atributo recebe o numero do fornecedor da entidade CLIENTE,é mandátorio da tabela , tipo de dado é CHAR, tamanho 18.</comment>
<commentInRDBMS>Este atributo recebe o numero do fornecedor da entidade CLIENTE,é mandátorio da tabela , tipo de dado é CHAR, tamanho 18.</commentInRDBMS>
<generatorID>Gerado pelo usuário</generatorID>
<ownerDesignName>modelo_v03</ownerDesignName>
<importedID>65F3FCE7-46B1-1D38-A602-0DE5D23FFF7E</importedID>
<engineerTo>
<item key="5717F7DC-5FAE-37A9-1A77-C8C90409988D" value="true"/>
</engineerTo>
<useDomainConstraints>false</useDomainConstraints>
<use>1</use>
<logicalDatatype>LOGDT025</logicalDatatype>
<dataTypeSize>18</dataTypeSize>
<ownDataTypeParameters>18,,</ownDataTypeParameters>
</Attribute>
<Attribute name="tp_pess_clie" id="86E42E96-4760-BCAD-5B60-07B54F6FBD3A">
<createdBy>Marcelo Dias</createdBy>
<createdTime>2015-09-20 17:49:27 UTC</createdTime>
<comment>Este atributo recebe o tipo de pessoa da entidade CLIENTE,é mandátori da tabela , tipo de dado é CHAR tamanho de  8.</comment>
<commentInRDBMS>Este atributo recebe o tipo de pessoa da entidade CLIENTE,é mandátori da tabela , tipo de dado é CHAR tamanho de  8.</commentInRDBMS>
<generatorID>Gerado pelo usuário</generatorID>
<ownerDesignName>modelo_v03</ownerDesignName>
<engineerTo>
<item key="5717F7DC-5FAE-37A9-1A77-C8C90409988D" value="true"/>
</engineerTo>
<use>0</use>
<logicalDatatype>LOGDT025</logicalDatatype>
<domain>8BB57814-02B5-F8A7-8F2A-68176DFC68EE</domain>
<ownDataTypeParameters>,,</ownDataTypeParameters>
</Attribute>
<Attribute name="dt_nasc_clie" id="019A76BA-3406-DB19-E7E8-1436511E019B">
<createdBy>sidi</createdBy>
<createdTime>2015-09-08 00:58:47 UTC</createdTime>
<comment>Este atributo recebe a data de nascimento do cliente da entidade CLIENTE,é  mandatorio da tabela , tipo de dado é DATE.</comment>
<commentInRDBMS>Este atributo recebe a data de nascimento do cliente da entidade CLIENTE,é  mandatorio da tabela , tipo de dado é DATE.</commentInRDBMS>
<generatorID>Gerado pelo usuário</generatorID>
<ownerDesignName>modelo_v03</ownerDesignName>
<importedID>92FF39E4-3CE5-48C6-0CC8-AC902E61A177</importedID>
<engineerTo>
<item key="5717F7DC-5FAE-37A9-1A77-C8C90409988D" value="true"/>
</engineerTo>
<useDomainConstraints>false</useDomainConstraints>
<use>1</use>
<logicalDatatype>LOGDT007</logicalDatatype>
<ownDataTypeParameters>,,</ownDataTypeParameters>
</Attribute>
<Attribute name="bl_sexo_clie" id="95289F98-B98C-C4C7-2FBF-046D6FF1399C">
<createdBy>sidi</createdBy>
<createdTime>2015-09-08 00:58:47 UTC</createdTime>
<comment>Este atributo recebe valor binario do entidade CLIENTE, é mandatório da tabela, tipo de dado é BOOLEAN, tamanho 1.&lt;br/&gt;Valor = 0 para Masculino | Valor = 1 para Feminino</comment>
<commentInRDBMS>Este atributo recebe valor binario do entidade CLIENTE, é mandatório da tabela, tipo de dado é BOOLEAN, tamanho 1.&lt;br/&gt;Valor = 0 para Masculino | Valor = 1 para Feminino</commentInRDBMS>
<generatorID>Gerado pelo usuário</generatorID>
<ownerDesignName>modelo_v03</ownerDesignName>
<importedID>612D200C-5047-8C1C-E2D8-AA70AA37A9EB</importedID>
<engineerTo>
<item key="5717F7DC-5FAE-37A9-1A77-C8C90409988D" value="true"/>
</engineerTo>
<useDomainConstraints>false</useDomainConstraints>
<use>1</use>
<logicalDatatype>LOGDT006</logicalDatatype>
<dataTypeSize>1</dataTypeSize>
<ownDataTypeParameters>1,,</ownDataTypeParameters>
</Attribute>
<Attribute name="ds_mail" id="839DC5CA-2313-2B05-B636-E3F37DCF7B36">
<createdBy>sidi</createdBy>
<createdTime>2015-09-08 00:58:47 UTC</createdTime>
<comment>Este atributo recebe o e-mail do cliente entidade CLIENTE, é um atributo opcional da tabela , tipo de dado é VARCHAR2, tamanho 100.</comment>
<commentInRDBMS>Este atributo recebe o e-mail do cliente entidade CLIENTE, é um atributo opcional da tabela , tipo de dado é VARCHAR2, tamanho 100.</commentInRDBMS>
<generatorID>Gerado pelo usuário</generatorID>
<ownerDesignName>modelo_v03</ownerDesignName>
<importedID>9A0C1401-A954-95B7-C5DA-1D311ECA96C0</importedID>
<engineerTo>
<item key="5717F7DC-5FAE-37A9-1A77-C8C90409988D" value="true"/>
</engineerTo>
<useDomainConstraints>false</useDomainConstraints>
<use>1</use>
<logicalDatatype>LOGDT024</logicalDatatype>
<dataTypeSize>100</dataTypeSize>
<ownDataTypeParameters>100,,</ownDataTypeParameters>
</Attribute>
<Attribute name="cd_ende" id="158E4C53-749B-C22A-8125-B0C6019746A8">
<createdBy>sidi</createdBy>
<createdTime>2015-09-08 00:58:47 UTC</createdTime>
<generatorID>E7506D49-0960-A250-47E3-E15DBD913A95</generatorID>
<ownerDesignName>modelo_v03</ownerDesignName>
<importedID>040FA2B9-104A-DFC8-8126-558C5E52491D</importedID>
<engineerTo>
<item key="5717F7DC-5FAE-37A9-1A77-C8C90409988D" value="true"/>
</engineerTo>
<nullsAllowed>true</nullsAllowed>
<referedAttribute>023DB110-E30A-0DFA-8116-AC9CEEC95103</referedAttribute>
<useDomainConstraints>false</useDomainConstraints>
<use>1</use>
<logicalDatatype>LOGDT019</logicalDatatype>
<dataTypePrecision>3</dataTypePrecision>
<ownDataTypeParameters>,3,</ownDataTypeParameters>
</Attribute>
</attributes>
<identifiers itemClass="oracle.dbtools.crest.model.design.logical.CandidateKey">
<identifier id="39C3B99F-BB09-7A2F-49AF-B5EF9D413A6B" name="CLIENTE PK">
<createdBy>sidi</createdBy>
<createdTime>2015-09-08 00:58:47 UTC</createdTime>
<generatorID>Gerado pelo usuário</generatorID>
<ownerDesignName>modelo_v03</ownerDesignName>
<shouldEngineer>false</shouldEngineer>
<importedID>C2BBF04C-240C-3F75-9F2E-EE99717D38D2</importedID>
<engineerTo>
<item key="5717F7DC-5FAE-37A9-1A77-C8C90409988D" value="false"/>
</engineerTo>
<pk>true</pk>
<usedAttributes>
<attributeRef>09F7A5DF-369F-4475-E133-E8B4E5CC1949</attributeRef>
</usedAttributes>
</identifier>
</identifiers>
</Entity>