<?xml version = '1.0' encoding = 'UTF-8'?>
<Entity class="oracle.dbtools.crest.model.design.logical.Entity" directorySegmentName="seg_0" id="5C1EE33A-B1B4-5CBD-7650-888EDC7F2165" name="PESQUISA">
<createdBy>Bloorc</createdBy>
<createdTime>2015-10-02 19:35:32 UTC</createdTime>
<generatorID>Gerado pelo usuário</generatorID>
<ownerDesignName>modelo_v03</ownerDesignName>
<engineerTo>
<item key="5717F7DC-5FAE-37A9-1A77-C8C90409988D" value="true"/>
</engineerTo>
<adequatelyNormalized>NO</adequatelyNormalized>
<expectedVolumes>0</expectedVolumes>
<fwdEngineeringStrategyName>Single Table</fwdEngineeringStrategyName>
<growthPercent>0</growthPercent>
<growthType>Year</growthType>
<maxVolumes>9999999</maxVolumes>
<minVolumes>0</minVolumes>
<normalForm>Third</normalForm>
<attributes itemClass="oracle.dbtools.crest.model.design.logical.Attribute">
<Attribute name="cd_pesq" id="5F4F6CC6-383C-EE90-59C7-158EC2ACABB9">
<createdBy>Bloorc</createdBy>
<createdTime>2015-10-02 19:35:50 UTC</createdTime>
<comment>Este atributo recebe o código da entidade PESQUISA,é UID e mandatorio da tabela , tipo de dado é NUMERIC 8.</comment>
<commentInRDBMS>Este atributo recebe o código da entidade PESQUISA,é UID e mandatorio da tabela , tipo de dado é NUMERIC 8.</commentInRDBMS>
<generatorID>Gerado pelo usuário</generatorID>
<ownerDesignName>modelo_v03</ownerDesignName>
<engineerTo>
<item key="5717F7DC-5FAE-37A9-1A77-C8C90409988D" value="true"/>
</engineerTo>
<useDomainConstraints>false</useDomainConstraints>
<use>1</use>
<logicalDatatype>LOGDT019</logicalDatatype>
<dataTypePrecision>8</dataTypePrecision>
<ownDataTypeParameters>,8,</ownDataTypeParameters>
</Attribute>
<Attribute name="vl_pesq_aten" id="76995C44-E5B2-B8E4-B0A8-06C298338C5A">
<createdBy>Bloorc</createdBy>
<createdTime>2015-10-02 19:36:13 UTC</createdTime>
<comment>Este atributo recebe a nota de satisfação do cliente no atendimento da entidade PESQUISA,é opcional da tabela , tipo de dado é NUMERIC tamanho 8.</comment>
<commentInRDBMS>Este atributo recebe a nota de satisfação do cliente no atendimento da entidade PESQUISA,é opcional da tabela , tipo de dado é NUMERIC tamanho 8.</commentInRDBMS>
<generatorID>Gerado pelo usuário</generatorID>
<ownerDesignName>modelo_v03</ownerDesignName>
<engineerTo>
<item key="5717F7DC-5FAE-37A9-1A77-C8C90409988D" value="true"/>
</engineerTo>
<nullsAllowed>true</nullsAllowed>
<useDomainConstraints>false</useDomainConstraints>
<use>1</use>
<logicalDatatype>LOGDT019</logicalDatatype>
<dataTypePrecision>8</dataTypePrecision>
<ownDataTypeParameters>,8,</ownDataTypeParameters>
</Attribute>
<Attribute name="vl_pesq_infr" id="66054020-364A-72A7-308E-CEDBC9C08C3C">
<createdBy>Bloorc</createdBy>
<createdTime>2015-10-02 19:36:42 UTC</createdTime>
<comment>Este atributo recebe a nota de satisfação do cliente sobre a infrestutura da entidade PESQUISA,é opcional da tabela , tipo de dado é NUMERIC tamanho 8.</comment>
<commentInRDBMS>Este atributo recebe a nota de satisfação do cliente sobre a infrestutura da entidade PESQUISA,é opcional da tabela , tipo de dado é NUMERIC tamanho 8.</commentInRDBMS>
<generatorID>Gerado pelo usuário</generatorID>
<ownerDesignName>modelo_v03</ownerDesignName>
<engineerTo>
<item key="5717F7DC-5FAE-37A9-1A77-C8C90409988D" value="true"/>
</engineerTo>
<nullsAllowed>true</nullsAllowed>
<useDomainConstraints>false</useDomainConstraints>
<use>1</use>
<logicalDatatype>LOGDT019</logicalDatatype>
<dataTypePrecision>8</dataTypePrecision>
<ownDataTypeParameters>,8,</ownDataTypeParameters>
</Attribute>
<Attribute name="cd_vend" id="526ECD59-50DB-12F7-8045-877C3EEE1B1C">
<createdBy>Bloorc</createdBy>
<createdTime>2015-10-02 19:41:35 UTC</createdTime>
<comment>Este atributo recebe o código da entidade VENDA,é UID e mandatorio da tabela , tipo de dado é NUMERIC 8.</comment>
<generatorID>044B54DE-65BD-D47B-594C-2F2B448856D9</generatorID>
<ownerDesignName>modelo_v03</ownerDesignName>
<engineerTo>
<item key="5717F7DC-5FAE-37A9-1A77-C8C90409988D" value="true"/>
</engineerTo>
<referedAttribute>CE898A93-D50E-AD5D-E90B-D2E2DC6212F2</referedAttribute>
<useDomainConstraints>false</useDomainConstraints>
<use>1</use>
<logicalDatatype>LOGDT019</logicalDatatype>
<dataTypePrecision>8</dataTypePrecision>
<ownDataTypeParameters>,8,</ownDataTypeParameters>
</Attribute>
<Attribute name="cd_func" id="DD7710DB-A9DF-CD5A-922F-100E4970CD9B">
<createdBy>Marcelo Dias</createdBy>
<createdTime>2016-05-18 12:26:32 UTC</createdTime>
<comment>Este atributo recebe o código da entidade FUNCIONARIO,é UID e mandatorio da tabela , tipo de dado é NUMERIC 5.</comment>
<generatorID>6DB97B07-38FC-1D42-78DD-4235A13F87B1</generatorID>
<ownerDesignName>modelo_v03</ownerDesignName>
<engineerTo>
<item key="5717F7DC-5FAE-37A9-1A77-C8C90409988D" value="true"/>
</engineerTo>
<referedAttribute>2FA36524-A060-7F7F-C3C4-39DA8AEB79B3</referedAttribute>
<useDomainConstraints>false</useDomainConstraints>
<use>1</use>
<logicalDatatype>LOGDT019</logicalDatatype>
<dataTypePrecision>5</dataTypePrecision>
<ownDataTypeParameters>,5,</ownDataTypeParameters>
</Attribute>
</attributes>
<identifiers itemClass="oracle.dbtools.crest.model.design.logical.CandidateKey">
<identifier id="5675F0B1-7822-898F-0714-2DF5783711B5" name="{entity} PK">
<createdBy>Bloorc</createdBy>
<createdTime>2015-10-02 19:37:38 UTC</createdTime>
<generatorID>Gerado pelo usuário</generatorID>
<ownerDesignName>modelo_v03</ownerDesignName>
<engineerTo>
<item key="5717F7DC-5FAE-37A9-1A77-C8C90409988D" value="true"/>
</engineerTo>
<pk>true</pk>
<usedAttributes>
<attributeRef>5F4F6CC6-383C-EE90-59C7-158EC2ACABB9</attributeRef>
</usedAttributes>
</identifier>
</identifiers>
</Entity>