<?xml version = '1.0' encoding = 'UTF-8'?>
<Entity class="oracle.dbtools.crest.model.design.logical.Entity" directorySegmentName="seg_0" id="6E07D27C-B94F-F7CE-5F14-D1309C921AAC" name="CARGO">
<createdBy>sidi</createdBy>
<createdTime>2015-09-08 00:58:47 UTC</createdTime>
<generatorID>Gerado pelo usuário</generatorID>
<ownerDesignName>modelo_v03</ownerDesignName>
<importedID>97E7289C-4C2F-4E05-46C6-C230C0A45D1C</importedID>
<engineerTo>
<item key="5717F7DC-5FAE-37A9-1A77-C8C90409988D" value="true"/>
</engineerTo>
<adequatelyNormalized>NO</adequatelyNormalized>
<expectedVolumes>0</expectedVolumes>
<fwdEngineeringStrategyName>Single Table</fwdEngineeringStrategyName>
<growthPercent>0</growthPercent>
<growthType>Year</growthType>
<maxVolumes>9999999</maxVolumes>
<minVolumes>0</minVolumes>
<normalForm>Third</normalForm>
<attributes itemClass="oracle.dbtools.crest.model.design.logical.Attribute">
<Attribute name="cd_carg" id="F1EE4E67-498E-2B15-EFC0-EFD3072FE6C8">
<createdBy>sidi</createdBy>
<createdTime>2015-09-08 00:58:47 UTC</createdTime>
<comment>Este atributo recebe o código da entidade CARGO,é UID e mandatorio da tabela , tipo de dado é NUMERIC 2.</comment>
<commentInRDBMS>Este atributo recebe o código da entidade CARGO,é UID e mandatorio da tabela , tipo de dado é NUMERIC 2.</commentInRDBMS>
<generatorID>Gerado pelo usuário</generatorID>
<ownerDesignName>modelo_v03</ownerDesignName>
<importedID>F886B5EE-B27F-A97C-1148-AA187820F14D</importedID>
<engineerTo>
<item key="5717F7DC-5FAE-37A9-1A77-C8C90409988D" value="true"/>
</engineerTo>
<useDomainConstraints>false</useDomainConstraints>
<use>1</use>
<logicalDatatype>LOGDT019</logicalDatatype>
<dataTypePrecision>2</dataTypePrecision>
<ownDataTypeParameters>,2,</ownDataTypeParameters>
</Attribute>
<Attribute name="nm_carg" id="8278CE90-2D61-93E1-1B86-667899EDCDFC">
<createdBy>sidi</createdBy>
<createdTime>2015-09-08 00:58:47 UTC</createdTime>
<comment>Este atributo recebe o nome do cargo da entidade CARGO,é mandátorio da tabela , tipo de dado é VARCHAR2, tamanho 30.</comment>
<commentInRDBMS>Este atributo recebe o nome do cargo da entidade CARGO,é mandátorio da tabela , tipo de dado é VARCHAR2, tamanho 30.</commentInRDBMS>
<generatorID>Gerado pelo usuário</generatorID>
<ownerDesignName>modelo_v03</ownerDesignName>
<importedID>FE1107FE-B221-70A4-0230-5FA764AF9ABF</importedID>
<engineerTo>
<item key="5717F7DC-5FAE-37A9-1A77-C8C90409988D" value="true"/>
</engineerTo>
<useDomainConstraints>false</useDomainConstraints>
<use>1</use>
<logicalDatatype>LOGDT024</logicalDatatype>
<dataTypeSize>30</dataTypeSize>
<ownDataTypeParameters>30,,</ownDataTypeParameters>
</Attribute>
<Attribute name="ds_cargo" id="D50FF384-FD3E-A3B7-0FBD-79B8E79F89F5">
<createdBy>Marcelo Dias</createdBy>
<createdTime>2016-05-18 12:41:51 UTC</createdTime>
<generatorID>Gerado pelo usuário</generatorID>
<ownerDesignName>modelo_v03</ownerDesignName>
<engineerTo>
<item key="5717F7DC-5FAE-37A9-1A77-C8C90409988D" value="true"/>
</engineerTo>
<nullsAllowed>true</nullsAllowed>
<useDomainConstraints>false</useDomainConstraints>
<use>1</use>
<logicalDatatype>LOGDT024</logicalDatatype>
<dataTypeSize>100</dataTypeSize>
<ownDataTypeParameters>100,,</ownDataTypeParameters>
</Attribute>
</attributes>
<identifiers itemClass="oracle.dbtools.crest.model.design.logical.CandidateKey">
<identifier id="7EF1A693-A746-E74F-1F6C-48CE715AF979" name="CARGO PK">
<createdBy>sidi</createdBy>
<createdTime>2015-09-08 00:58:47 UTC</createdTime>
<generatorID>Gerado pelo usuário</generatorID>
<ownerDesignName>modelo_v03</ownerDesignName>
<shouldEngineer>false</shouldEngineer>
<importedID>92AF0A0E-CCE0-FFD5-6FAD-6088E3FC5E7B</importedID>
<engineerTo>
<item key="5717F7DC-5FAE-37A9-1A77-C8C90409988D" value="false"/>
</engineerTo>
<pk>true</pk>
<usedAttributes>
<attributeRef>F1EE4E67-498E-2B15-EFC0-EFD3072FE6C8</attributeRef>
</usedAttributes>
</identifier>
</identifiers>
</Entity>