<?xml version = '1.0' encoding = 'UTF-8'?>
<Entity class="oracle.dbtools.crest.model.design.logical.Entity" directorySegmentName="seg_0" id="79377EBE-B8E2-F7A8-E48F-2204CA8951B5" name="ENTRADA_ESTOQUE">
<createdBy>Marcelo Dias</createdBy>
<createdTime>2015-09-20 16:55:08 UTC</createdTime>
<generatorID>Gerado pelo usuário</generatorID>
<ownerDesignName>modelo_v03</ownerDesignName>
<engineerTo>
<item key="5717F7DC-5FAE-37A9-1A77-C8C90409988D" value="true"/>
</engineerTo>
<adequatelyNormalized>NO</adequatelyNormalized>
<expectedVolumes>0</expectedVolumes>
<fwdEngineeringStrategyName>Single Table</fwdEngineeringStrategyName>
<growthPercent>0</growthPercent>
<growthType>Year</growthType>
<maxVolumes>9999999</maxVolumes>
<minVolumes>0</minVolumes>
<normalForm>Third</normalForm>
<attributes itemClass="oracle.dbtools.crest.model.design.logical.Attribute">
<Attribute name="cd_entr_esto" id="40DF966E-6026-0379-51CB-21F222698491">
<createdBy>Marcelo Dias</createdBy>
<createdTime>2015-09-20 16:55:29 UTC</createdTime>
<comment>Este atributo recebe o código da entidade ENTRADA_ESTOQUE,é UID e mandatorio da tabela , tipo de dado é NUMERIC 8.</comment>
<commentInRDBMS>Este atributo recebe o código da entidade ENTRADA_ESTOQUE,é UID e mandatorio da tabela , tipo de dado é NUMERIC 8.</commentInRDBMS>
<generatorID>Gerado pelo usuário</generatorID>
<ownerDesignName>modelo_v03</ownerDesignName>
<engineerTo>
<item key="5717F7DC-5FAE-37A9-1A77-C8C90409988D" value="true"/>
</engineerTo>
<useDomainConstraints>false</useDomainConstraints>
<use>1</use>
<logicalDatatype>LOGDT019</logicalDatatype>
<dataTypePrecision>8</dataTypePrecision>
<ownDataTypeParameters>,8,</ownDataTypeParameters>
</Attribute>
<Attribute name="qt_entr_esto" id="DD6F5F97-420D-D523-5C02-DEB583AB05E8">
<createdBy>Marcelo Dias</createdBy>
<createdTime>2015-09-20 18:14:35 UTC</createdTime>
<comment>Este atributo recebe o quantidade de itens/lote que entrou no estoque da entidade ENTRADA_ESTOQUE,é mandatorio da tabela , tipo de dado é NUMERIC tamanho 7.</comment>
<commentInRDBMS>Este atributo recebe o quantidade de itens/lote que entrou no estoque da entidade ENTRADA_ESTOQUE,é mandatorio da tabela , tipo de dado é NUMERIC tamanho 7.</commentInRDBMS>
<generatorID>Gerado pelo usuário</generatorID>
<ownerDesignName>modelo_v03</ownerDesignName>
<engineerTo>
<item key="5717F7DC-5FAE-37A9-1A77-C8C90409988D" value="true"/>
</engineerTo>
<useDomainConstraints>false</useDomainConstraints>
<use>1</use>
<logicalDatatype>LOGDT019</logicalDatatype>
<dataTypePrecision>7</dataTypePrecision>
<ownDataTypeParameters>,7,</ownDataTypeParameters>
</Attribute>
<Attribute name="dt_entr_esto" id="96F4EA8B-05F4-9FCF-E898-B343E67D2FB1">
<createdBy>Marcelo Dias</createdBy>
<createdTime>2015-09-20 16:58:56 UTC</createdTime>
<comment>Este atributo recebe a data da entrada do produto da entidade ENTRADA_ESTOQUE,é  mandatorio da tabela , tipo de dado é DATE.</comment>
<commentInRDBMS>Este atributo recebe a data da entrada do produto da entidade ENTRADA_ESTOQUE,é  mandatorio da tabela , tipo de dado é DATE.</commentInRDBMS>
<generatorID>Gerado pelo usuário</generatorID>
<ownerDesignName>modelo_v03</ownerDesignName>
<engineerTo>
<item key="5717F7DC-5FAE-37A9-1A77-C8C90409988D" value="true"/>
</engineerTo>
<useDomainConstraints>false</useDomainConstraints>
<use>1</use>
<logicalDatatype>LOGDT007</logicalDatatype>
<ownDataTypeParameters>,,</ownDataTypeParameters>
</Attribute>
<Attribute name="ds_entr_esto" id="E84F2B2A-5D2B-9190-E1CA-AAAF7A184E2E">
<createdBy>Marcelo Dias</createdBy>
<createdTime>2015-09-20 16:56:58 UTC</createdTime>
<comment>Este atributo recebe a descrição do item/lote que entrou no estoque entidade ENTRADA_ESTOQUE, é um atributo opcional da tabela , tipo de dado é VARCHAR2, tamanho 100.</comment>
<commentInRDBMS>Este atributo recebe a descrição do item/lote que entrou no estoque entidade ENTRADA_ESTOQUE, é um atributo opcional da tabela , tipo de dado é VARCHAR2, tamanho 100.</commentInRDBMS>
<generatorID>Gerado pelo usuário</generatorID>
<ownerDesignName>modelo_v03</ownerDesignName>
<engineerTo>
<item key="5717F7DC-5FAE-37A9-1A77-C8C90409988D" value="true"/>
</engineerTo>
<nullsAllowed>true</nullsAllowed>
<useDomainConstraints>false</useDomainConstraints>
<use>1</use>
<logicalDatatype>LOGDT024</logicalDatatype>
<dataTypeSize>100</dataTypeSize>
<ownDataTypeParameters>100,,</ownDataTypeParameters>
</Attribute>
<Attribute name="cd_comp_item" id="C34D5207-5D28-200B-D783-160A3821078E">
<createdBy>Marcelo Dias</createdBy>
<createdTime>2015-09-20 16:59:58 UTC</createdTime>
<generatorID>29743508-3B73-5B00-F3AB-26C3B90DF40A</generatorID>
<ownerDesignName>modelo_v03</ownerDesignName>
<engineerTo>
<item key="5717F7DC-5FAE-37A9-1A77-C8C90409988D" value="true"/>
</engineerTo>
<referedAttribute>E681702B-F08E-3A0C-5A95-5E68739732ED</referedAttribute>
<useDomainConstraints>false</useDomainConstraints>
<use>1</use>
<logicalDatatype>LOGDT019</logicalDatatype>
<dataTypePrecision>8</dataTypePrecision>
<ownDataTypeParameters>,8,</ownDataTypeParameters>
</Attribute>
<Attribute name="cd_esto" id="4EEBBB3B-4E74-54AD-4671-6E65339A89A5">
<createdBy>rm71045</createdBy>
<createdTime>2015-09-28 14:42:53 UTC</createdTime>
<generatorID>A79DE3A2-CC19-B7EC-CEAA-E6EE83B1CA4D</generatorID>
<ownerDesignName>modelo_v03</ownerDesignName>
<engineerTo>
<item key="5717F7DC-5FAE-37A9-1A77-C8C90409988D" value="true"/>
</engineerTo>
<referedAttribute>691DA30B-5A28-7D70-81F7-F5EEF1D3E58D</referedAttribute>
<useDomainConstraints>false</useDomainConstraints>
<use>1</use>
<logicalDatatype>LOGDT019</logicalDatatype>
<dataTypePrecision>8</dataTypePrecision>
<ownDataTypeParameters>,8,</ownDataTypeParameters>
</Attribute>
<Attribute name="cd_comp" id="B0409C95-DE39-14D2-58CC-B88703CB1143">
<createdBy>Marcelo Dias</createdBy>
<createdTime>2016-05-18 11:51:41 UTC</createdTime>
<generatorID>29743508-3B73-5B00-F3AB-26C3B90DF40A</generatorID>
<ownerDesignName>modelo_v03</ownerDesignName>
<engineerTo>
<item key="5717F7DC-5FAE-37A9-1A77-C8C90409988D" value="true"/>
</engineerTo>
<referedAttribute>F398C259-C403-1D93-EFDC-A558BE29A39F</referedAttribute>
<useDomainConstraints>false</useDomainConstraints>
<use>1</use>
<logicalDatatype>LOGDT019</logicalDatatype>
<dataTypePrecision>8</dataTypePrecision>
<ownDataTypeParameters>,8,</ownDataTypeParameters>
</Attribute>
</attributes>
<identifiers itemClass="oracle.dbtools.crest.model.design.logical.CandidateKey">
<identifier id="CFD7C924-08F1-1D28-92CD-1B7769148386" name="{entity} PK">
<createdBy>Marcelo Dias</createdBy>
<createdTime>2015-09-20 16:55:45 UTC</createdTime>
<generatorID>Gerado pelo usuário</generatorID>
<ownerDesignName>modelo_v03</ownerDesignName>
<engineerTo>
<item key="5717F7DC-5FAE-37A9-1A77-C8C90409988D" value="true"/>
</engineerTo>
<pk>true</pk>
<usedAttributes>
<attributeRef>40DF966E-6026-0379-51CB-21F222698491</attributeRef>
</usedAttributes>
</identifier>
</identifiers>
</Entity>