<?xml version = '1.0' encoding = 'UTF-8'?>
<Entity class="oracle.dbtools.crest.model.design.logical.Entity" directorySegmentName="seg_0" id="90DC8163-5D4B-ED19-FB19-1D123D4A1192" name="ADMINISTRADORA_CARTAO">
<createdBy>luiz.castro</createdBy>
<createdTime>2015-09-28 19:25:55 UTC</createdTime>
<generatorID>Gerado pelo usuário</generatorID>
<ownerDesignName>modelo_v03</ownerDesignName>
<engineerTo>
<item key="5717F7DC-5FAE-37A9-1A77-C8C90409988D" value="true"/>
</engineerTo>
<adequatelyNormalized>NO</adequatelyNormalized>
<expectedVolumes>0</expectedVolumes>
<fwdEngineeringStrategyName>Single Table</fwdEngineeringStrategyName>
<growthPercent>0</growthPercent>
<growthType>Year</growthType>
<maxVolumes>9999999</maxVolumes>
<minVolumes>0</minVolumes>
<normalForm>Third</normalForm>
<attributes itemClass="oracle.dbtools.crest.model.design.logical.Attribute">
<Attribute name="cd_admi_cart" id="FB5706F3-FF68-34D0-3D35-5D3B17A03966">
<createdBy>luiz.castro</createdBy>
<createdTime>2015-09-28 19:26:14 UTC</createdTime>
<comment>Este atributo recebe o código da entidade ADMINISTRADORA_CARTAO,é UID e mandatorio da tabela , tipo de dado é NUMERIC 8.</comment>
<commentInRDBMS>Este atributo recebe o código da entidade ADMINISTRADORA_CARTAO,é UID e mandatorio da tabela , tipo de dado é NUMERIC 8.</commentInRDBMS>
<generatorID>Gerado pelo usuário</generatorID>
<ownerDesignName>modelo_v03</ownerDesignName>
<engineerTo>
<item key="5717F7DC-5FAE-37A9-1A77-C8C90409988D" value="true"/>
</engineerTo>
<useDomainConstraints>false</useDomainConstraints>
<use>1</use>
<logicalDatatype>LOGDT019</logicalDatatype>
<dataTypePrecision>2</dataTypePrecision>
<ownDataTypeParameters>,2,</ownDataTypeParameters>
</Attribute>
<Attribute name="nm_admi_cart" id="9A768A73-6300-4150-C720-B111A0599450">
<createdBy>luiz.castro</createdBy>
<createdTime>2015-09-28 19:26:23 UTC</createdTime>
<comment>Este atributo recebe o nome da administradora de cartao da entidade ADMINISTRADORA_CARTAO,é mandátorio da tabela , tipo de dado é VARCHAR2, tamanho 50.</comment>
<commentInRDBMS>Este atributo recebe o nome da administradora de cartao da entidade ADMINISTRADORA_CARTAO,é mandátorio da tabela , tipo de dado é VARCHAR2, tamanho 50.</commentInRDBMS>
<generatorID>Gerado pelo usuário</generatorID>
<ownerDesignName>modelo_v03</ownerDesignName>
<engineerTo>
<item key="5717F7DC-5FAE-37A9-1A77-C8C90409988D" value="true"/>
</engineerTo>
<useDomainConstraints>false</useDomainConstraints>
<use>1</use>
<logicalDatatype>LOGDT024</logicalDatatype>
<dataTypeSize>50</dataTypeSize>
<ownDataTypeParameters>50,,</ownDataTypeParameters>
</Attribute>
<Attribute name="cd_cred" id="0B9364AE-8324-E2C3-5CCE-A4FB8C6C5062">
<createdBy>luiz.castro</createdBy>
<createdTime>2015-09-28 19:26:28 UTC</createdTime>
<comment>Este atributo recebe o código da credeciadora de cartões da entidade ADMINISTRADORA_CARTAO,é mandatorio da tabela , tipo de dado é NUMERIC 2.</comment>
<commentInRDBMS>Este atributo recebe o código da credeciadora de cartões da entidade ADMINISTRADORA_CARTAO,é mandatorio da tabela , tipo de dado é NUMERIC 2.</commentInRDBMS>
<generatorID>Gerado pelo usuário</generatorID>
<ownerDesignName>modelo_v03</ownerDesignName>
<engineerTo>
<item key="5717F7DC-5FAE-37A9-1A77-C8C90409988D" value="true"/>
</engineerTo>
<useDomainConstraints>false</useDomainConstraints>
<use>1</use>
<logicalDatatype>LOGDT019</logicalDatatype>
<dataTypePrecision>2</dataTypePrecision>
<ownDataTypeParameters>,2,</ownDataTypeParameters>
</Attribute>
<Attribute name="cd_rede_cont" id="2C4AF262-6598-E214-0680-EC4BDF48FA9B">
<createdBy>luiz.castro</createdBy>
<createdTime>2015-09-28 19:27:13 UTC</createdTime>
<comment>Este atributo recebe o código da controladora  de cartões da entidade ADMINISTRADORA_CARTAO,é mandatorio da tabela , tipo de dado é NUMERIC 5.</comment>
<commentInRDBMS>Este atributo recebe o código da controladora  de cartões da entidade ADMINISTRADORA_CARTAO,é mandatorio da tabela , tipo de dado é NUMERIC 5.</commentInRDBMS>
<generatorID>Gerado pelo usuário</generatorID>
<ownerDesignName>modelo_v03</ownerDesignName>
<engineerTo>
<item key="5717F7DC-5FAE-37A9-1A77-C8C90409988D" value="true"/>
</engineerTo>
<useDomainConstraints>false</useDomainConstraints>
<use>1</use>
<logicalDatatype>LOGDT019</logicalDatatype>
<dataTypePrecision>5</dataTypePrecision>
<ownDataTypeParameters>,5,</ownDataTypeParameters>
</Attribute>
<Attribute name="nm_rede_cont" id="D3CC0EDF-B77F-9D0B-B050-5296B50BADC0">
<createdBy>luiz.castro</createdBy>
<createdTime>2015-09-28 19:27:33 UTC</createdTime>
<comment>Este atributo recebe o nome da controladora de cartões da entidade ADMINISTRADORA_CARTAO,é mandátorio da tabela , tipo de dado é VARCHAR2, tamanho 50.</comment>
<commentInRDBMS>Este atributo recebe o nome da controladora de cartões da entidade ADMINISTRADORA_CARTAO,é mandátorio da tabela , tipo de dado é VARCHAR2, tamanho 50.</commentInRDBMS>
<generatorID>Gerado pelo usuário</generatorID>
<ownerDesignName>modelo_v03</ownerDesignName>
<engineerTo>
<item key="5717F7DC-5FAE-37A9-1A77-C8C90409988D" value="true"/>
</engineerTo>
<useDomainConstraints>false</useDomainConstraints>
<use>1</use>
<logicalDatatype>LOGDT024</logicalDatatype>
<dataTypeSize>50</dataTypeSize>
<ownDataTypeParameters>50,,</ownDataTypeParameters>
</Attribute>
<Attribute name="nu_parc" id="D5B82A9A-0110-F750-A2E4-E30844107836">
<createdBy>luiz.castro</createdBy>
<createdTime>2015-09-28 19:30:37 UTC</createdTime>
<comment>Este atributo recebe o quantidade de parcelas da entidade ADMINISTRADORA_CARTAO,é mandatorio da tabela , tipo de dado é NUMERIC tamanho 5.</comment>
<commentInRDBMS>Este atributo recebe o quantidade de parcelas da entidade ADMINISTRADORA_CARTAO,é mandatorio da tabela , tipo de dado é NUMERIC tamanho 5.</commentInRDBMS>
<generatorID>Gerado pelo usuário</generatorID>
<ownerDesignName>modelo_v03</ownerDesignName>
<engineerTo>
<item key="5717F7DC-5FAE-37A9-1A77-C8C90409988D" value="true"/>
</engineerTo>
<useDomainConstraints>false</useDomainConstraints>
<use>1</use>
<logicalDatatype>LOGDT019</logicalDatatype>
<dataTypePrecision>1</dataTypePrecision>
<ownDataTypeParameters>,1,</ownDataTypeParameters>
</Attribute>
<Attribute name="bl_acei_parc" id="1E95409A-005F-97A9-336D-0310D1C003B2">
<createdBy>luiz.castro</createdBy>
<createdTime>2015-09-28 19:30:45 UTC</createdTime>
<comment>Este atributo recebe valor binario do entidade ADMINISTRADORA_CARTAO, é mandatório da tabela, tipo de dado é BOOLEAN, tamanho 1.&lt;br/&gt;Valor = 0 para Reprovado | Valor = 1 para Aprovado</comment>
<commentInRDBMS>Este atributo recebe valor binario do entidade ADMINISTRADORA_CARTAO, é mandatório da tabela, tipo de dado é BOOLEAN, tamanho 1.&lt;br/&gt;Valor = 0 para Reprovado | Valor = 1 para Aprovado</commentInRDBMS>
<generatorID>Gerado pelo usuário</generatorID>
<ownerDesignName>modelo_v03</ownerDesignName>
<engineerTo>
<item key="5717F7DC-5FAE-37A9-1A77-C8C90409988D" value="true"/>
</engineerTo>
<useDomainConstraints>false</useDomainConstraints>
<use>1</use>
<logicalDatatype>LOGDT006</logicalDatatype>
<dataTypeSize>1</dataTypeSize>
<ownDataTypeParameters>1,,</ownDataTypeParameters>
</Attribute>
<Attribute name="qt_parc" id="F6B10A0C-9594-611E-F4C7-0578229414E0">
<createdBy>luiz.castro</createdBy>
<createdTime>2015-09-28 19:33:41 UTC</createdTime>
<comment>Este atributo recebe o quantidade de parcelas da entidade ADMINISTRADORA_CARTAO,é mandatorio da tabela , tipo de dado é NUMERIC tamanho 1.</comment>
<commentInRDBMS>Este atributo recebe o quantidade de parcelas da entidade ADMINISTRADORA_CARTAO,é mandatorio da tabela , tipo de dado é NUMERIC tamanho 1.</commentInRDBMS>
<generatorID>Gerado pelo usuário</generatorID>
<ownerDesignName>modelo_v03</ownerDesignName>
<engineerTo>
<item key="5717F7DC-5FAE-37A9-1A77-C8C90409988D" value="true"/>
</engineerTo>
<useDomainConstraints>false</useDomainConstraints>
<use>1</use>
<logicalDatatype>LOGDT019</logicalDatatype>
<dataTypePrecision>1</dataTypePrecision>
<ownDataTypeParameters>,1,</ownDataTypeParameters>
</Attribute>
<Attribute name="dt_venc_parc" id="899BBB8E-9B96-52DC-7A3C-F6A7EB0BE87F">
<createdBy>luiz.castro</createdBy>
<createdTime>2015-09-28 19:34:31 UTC</createdTime>
<comment>Este atributo recebe a data do vencimento da entidade ADMINISTRADORA_CARTAO,é  mandatorio da tabela , tipo de dado é DATE.</comment>
<commentInRDBMS>Este atributo recebe a data do vencimento da entidade ADMINISTRADORA_CARTAO,é  mandatorio da tabela , tipo de dado é DATE.</commentInRDBMS>
<generatorID>Gerado pelo usuário</generatorID>
<ownerDesignName>modelo_v03</ownerDesignName>
<engineerTo>
<item key="5717F7DC-5FAE-37A9-1A77-C8C90409988D" value="true"/>
</engineerTo>
<useDomainConstraints>false</useDomainConstraints>
<use>1</use>
<logicalDatatype>LOGDT007</logicalDatatype>
<ownDataTypeParameters>,,</ownDataTypeParameters>
</Attribute>
</attributes>
<identifiers itemClass="oracle.dbtools.crest.model.design.logical.CandidateKey">
<identifier id="0FD5400C-B1BE-2232-9E72-68AE1B2C891F" name="ADMINSTRADORAS_CARTAO PK">
<createdBy>luiz.castro</createdBy>
<createdTime>2015-09-28 19:34:01 UTC</createdTime>
<generatorID>Gerado pelo usuário</generatorID>
<ownerDesignName>modelo_v03</ownerDesignName>
<shouldEngineer>false</shouldEngineer>
<engineerTo>
<item key="5717F7DC-5FAE-37A9-1A77-C8C90409988D" value="false"/>
</engineerTo>
<pk>true</pk>
<usedAttributes>
<attributeRef>FB5706F3-FF68-34D0-3D35-5D3B17A03966</attributeRef>
</usedAttributes>
</identifier>
</identifiers>
</Entity>