<?xml version = '1.0' encoding = 'UTF-8'?>
<Entity class="oracle.dbtools.crest.model.design.logical.Entity" directorySegmentName="seg_0" id="C5D7A15C-C997-D8E6-A78A-66C7357A4FD4" name="SERIE_NFE">
<createdBy>Marcelo Dias</createdBy>
<createdTime>2015-09-20 20:01:30 UTC</createdTime>
<generatorID>Gerado pelo usuário</generatorID>
<ownerDesignName>modelo_v03</ownerDesignName>
<engineerTo>
<item key="5717F7DC-5FAE-37A9-1A77-C8C90409988D" value="true"/>
</engineerTo>
<adequatelyNormalized>NO</adequatelyNormalized>
<expectedVolumes>0</expectedVolumes>
<fwdEngineeringStrategyName>Single Table</fwdEngineeringStrategyName>
<growthPercent>0</growthPercent>
<growthType>Year</growthType>
<maxVolumes>9999999</maxVolumes>
<minVolumes>0</minVolumes>
<normalForm>Third</normalForm>
<attributes itemClass="oracle.dbtools.crest.model.design.logical.Attribute">
<Attribute name="cd_seri_nfe" id="CB330654-15DB-2F68-98CF-706A45317B95">
<createdBy>Marcelo Dias</createdBy>
<createdTime>2015-09-20 20:01:49 UTC</createdTime>
<comment>Este atributo recebe o código da entidade SERIE_NFE,é UID e mandatorio da tabela , tipo de dado é NUMERIC 2.</comment>
<commentInRDBMS>Este atributo recebe o código da entidade SERIE_NFE,é UID e mandatorio da tabela , tipo de dado é NUMERIC 2.</commentInRDBMS>
<generatorID>Gerado pelo usuário</generatorID>
<ownerDesignName>modelo_v03</ownerDesignName>
<engineerTo>
<item key="5717F7DC-5FAE-37A9-1A77-C8C90409988D" value="true"/>
</engineerTo>
<useDomainConstraints>false</useDomainConstraints>
<use>1</use>
<logicalDatatype>LOGDT019</logicalDatatype>
<dataTypePrecision>2</dataTypePrecision>
<ownDataTypeParameters>,2,</ownDataTypeParameters>
</Attribute>
<Attribute name="ds_seri_nfe" id="0C1D5599-7512-4C8F-3D82-41DEAFCA2F72">
<createdBy>Marcelo Dias</createdBy>
<createdTime>2015-09-20 20:02:14 UTC</createdTime>
<comment>Este atributo recebe uma descrição da entidade SERIE_NFE, é um atributo mandaorio da tabela , tipo de dado é VARCHAR2, tamanho 100.</comment>
<commentInRDBMS>Este atributo recebe uma descrição da entidade SERIE_NFE, é um atributo mandaorio da tabela , tipo de dado é VARCHAR2, tamanho 100.</commentInRDBMS>
<generatorID>Gerado pelo usuário</generatorID>
<ownerDesignName>modelo_v03</ownerDesignName>
<engineerTo>
<item key="5717F7DC-5FAE-37A9-1A77-C8C90409988D" value="true"/>
</engineerTo>
<useDomainConstraints>false</useDomainConstraints>
<use>1</use>
<logicalDatatype>LOGDT024</logicalDatatype>
<dataTypeSize>100 CHAR</dataTypeSize>
<ownDataTypeParameters>100 CHAR,,</ownDataTypeParameters>
</Attribute>
</attributes>
<identifiers itemClass="oracle.dbtools.crest.model.design.logical.CandidateKey">
<identifier id="44850B33-96F2-4D36-2A3F-031A75024E1A" name="{entity} PK">
<createdBy>Marcelo Dias</createdBy>
<createdTime>2015-09-20 20:02:13 UTC</createdTime>
<generatorID>Gerado pelo usuário</generatorID>
<ownerDesignName>modelo_v03</ownerDesignName>
<engineerTo>
<item key="5717F7DC-5FAE-37A9-1A77-C8C90409988D" value="true"/>
</engineerTo>
<pk>true</pk>
<usedAttributes>
<attributeRef>CB330654-15DB-2F68-98CF-706A45317B95</attributeRef>
</usedAttributes>
</identifier>
</identifiers>
</Entity>