<?xml version = '1.0' encoding = 'UTF-8'?>
<Entity class="oracle.dbtools.crest.model.design.logical.Entity" directorySegmentName="seg_0" id="DA278474-6E6E-20B6-0267-574B7B03819C" name="ESTADO">
<createdBy>sidi</createdBy>
<createdTime>2015-09-08 00:58:47 UTC</createdTime>
<generatorID>Gerado pelo usuário</generatorID>
<ownerDesignName>modelo_v03</ownerDesignName>
<importedID>54F2D0F6-62EB-E2FA-608A-76AE06F3049F</importedID>
<engineerTo>
<item key="5717F7DC-5FAE-37A9-1A77-C8C90409988D" value="true"/>
</engineerTo>
<adequatelyNormalized>NO</adequatelyNormalized>
<expectedVolumes>0</expectedVolumes>
<fwdEngineeringStrategyName>Single Table</fwdEngineeringStrategyName>
<growthPercent>0</growthPercent>
<growthType>Year</growthType>
<maxVolumes>9999999</maxVolumes>
<minVolumes>0</minVolumes>
<normalForm>Third</normalForm>
<attributes itemClass="oracle.dbtools.crest.model.design.logical.Attribute">
<Attribute name="cd_esta" id="110AC173-F596-0E1E-7BDE-E2E86DC9CB96">
<createdBy>sidi</createdBy>
<createdTime>2015-09-08 00:58:47 UTC</createdTime>
<comment>Este atributo recebe o código da entidade ESTADO,é UID e mandatorio da tabela , tipo de dado é NUMERIC 3.</comment>
<commentInRDBMS>Este atributo recebe o código da entidade ESTADO,é UID e mandatorio da tabela , tipo de dado é NUMERIC 3.</commentInRDBMS>
<generatorID>Gerado pelo usuário</generatorID>
<ownerDesignName>modelo_v03</ownerDesignName>
<importedID>2C901DBB-1ADE-6552-6A25-87B2895FE00F</importedID>
<engineerTo>
<item key="5717F7DC-5FAE-37A9-1A77-C8C90409988D" value="true"/>
</engineerTo>
<useDomainConstraints>false</useDomainConstraints>
<use>1</use>
<logicalDatatype>LOGDT019</logicalDatatype>
<dataTypePrecision>3</dataTypePrecision>
<ownDataTypeParameters>,3,</ownDataTypeParameters>
</Attribute>
<Attribute name="nm_esta" id="C39C7BD8-88BC-E838-1C32-75128AA2E1C4">
<createdBy>sidi</createdBy>
<createdTime>2015-09-08 00:58:47 UTC</createdTime>
<comment>Este atributo recebe o nome do estado da entidade ESTADO,é mandátorio da tabela , tipo de dado é VARCHAR2, tamanho 80.</comment>
<commentInRDBMS>Este atributo recebe o nome do estado da entidade ESTADO,é mandátorio da tabela , tipo de dado é VARCHAR2, tamanho 80.</commentInRDBMS>
<generatorID>Gerado pelo usuário</generatorID>
<ownerDesignName>modelo_v03</ownerDesignName>
<importedID>97986C99-BAEA-2174-464D-4E11BB35FC1E</importedID>
<engineerTo>
<item key="5717F7DC-5FAE-37A9-1A77-C8C90409988D" value="true"/>
</engineerTo>
<useDomainConstraints>false</useDomainConstraints>
<use>1</use>
<logicalDatatype>LOGDT024</logicalDatatype>
<dataTypeSize>80</dataTypeSize>
<ownDataTypeParameters>80,,</ownDataTypeParameters>
</Attribute>
<Attribute name="sg_esta" id="01C8BB56-1FB6-3247-1F13-76347AD68F76">
<createdBy>sidi</createdBy>
<createdTime>2015-09-08 00:58:47 UTC</createdTime>
<comment>Este atributo recebe a sigla do estado da entidade ESTADO,é mandátorio da tabela , tipo de dado é CHAR, tamanho 2.</comment>
<commentInRDBMS>Este atributo recebe a sigla do estado da entidade ESTADO,é mandátorio da tabela , tipo de dado é CHAR, tamanho 2.</commentInRDBMS>
<generatorID>Gerado pelo usuário</generatorID>
<ownerDesignName>modelo_v03</ownerDesignName>
<importedID>57FE18F0-AD27-7F62-AAAB-38B8C951567C</importedID>
<engineerTo>
<item key="5717F7DC-5FAE-37A9-1A77-C8C90409988D" value="true"/>
</engineerTo>
<useDomainConstraints>false</useDomainConstraints>
<use>1</use>
<logicalDatatype>LOGDT025</logicalDatatype>
<dataTypeSize>2</dataTypeSize>
<ownDataTypeParameters>2,,</ownDataTypeParameters>
</Attribute>
<Attribute name="cd_pais" id="44BD397B-B8A8-4724-1EC1-E38FCAC78584">
<createdBy>sidi</createdBy>
<createdTime>2015-09-08 00:58:47 UTC</createdTime>
<generatorID>D85AFB17-22CC-67D2-8F95-86A15302C678</generatorID>
<ownerDesignName>modelo_v03</ownerDesignName>
<importedID>35D110D8-E551-33DC-2DBE-4D32EB3DB9C2</importedID>
<engineerTo>
<item key="5717F7DC-5FAE-37A9-1A77-C8C90409988D" value="true"/>
</engineerTo>
<referedAttribute>18D90F09-5623-30B6-602B-2235F6283F06</referedAttribute>
<useDomainConstraints>false</useDomainConstraints>
<use>1</use>
<logicalDatatype>LOGDT019</logicalDatatype>
<dataTypePrecision>3</dataTypePrecision>
<ownDataTypeParameters>,3,</ownDataTypeParameters>
</Attribute>
<Attribute name="ds_regiao" id="02BC5592-4BB7-FAE4-F3D3-10ED3309C4DB">
<createdBy>rm69296</createdBy>
<createdTime>2016-05-19 14:19:27 UTC</createdTime>
<comment>Este atributo recebe a região do estado da entidade ESTADO, é um atributo opcional da tabela , tipo de dado é VARCHAR2, tamanho 15.</comment>
<commentInRDBMS>Este atributo recebe a região do estado da entidade ESTADO, é um atributo opcional da tabela , tipo de dado é VARCHAR2, tamanho 15.</commentInRDBMS>
<ownerDesignName>modelo_v03</ownerDesignName>
<engineerTo>
<item key="5717F7DC-5FAE-37A9-1A77-C8C90409988D" value="true"/>
</engineerTo>
<nullsAllowed>true</nullsAllowed>
<useDomainConstraints>false</useDomainConstraints>
<use>1</use>
<logicalDatatype>LOGDT024</logicalDatatype>
<dataTypeSize>15</dataTypeSize>
<ownDataTypeParameters>15,,</ownDataTypeParameters>
</Attribute>
</attributes>
<identifiers itemClass="oracle.dbtools.crest.model.design.logical.CandidateKey">
<identifier id="B9CA4755-E644-48C5-2E4E-C946A991C2A0" name="ESTADO PK">
<createdBy>sidi</createdBy>
<createdTime>2015-09-08 00:58:47 UTC</createdTime>
<generatorID>Gerado pelo usuário</generatorID>
<ownerDesignName>modelo_v03</ownerDesignName>
<shouldEngineer>false</shouldEngineer>
<importedID>51322DF3-7D92-A234-2F4A-67C35851F71F</importedID>
<engineerTo>
<item key="5717F7DC-5FAE-37A9-1A77-C8C90409988D" value="false"/>
</engineerTo>
<pk>true</pk>
<usedAttributes>
<attributeRef>110AC173-F596-0E1E-7BDE-E2E86DC9CB96</attributeRef>
</usedAttributes>
</identifier>
</identifiers>
</Entity>