<?xml version = '1.0' encoding = 'UTF-8'?>
<Entity class="oracle.dbtools.crest.model.design.logical.Entity" directorySegmentName="seg_0" id="E7E9F1A3-2F57-D67E-481E-2FA2B4D371F6" name="PROMOCOES">
<createdBy>luiz.castro</createdBy>
<createdTime>2015-09-28 19:42:57 UTC</createdTime>
<generatorID>Gerado pelo usuário</generatorID>
<ownerDesignName>modelo_v03</ownerDesignName>
<engineerTo>
<item key="5717F7DC-5FAE-37A9-1A77-C8C90409988D" value="true"/>
</engineerTo>
<adequatelyNormalized>NO</adequatelyNormalized>
<expectedVolumes>0</expectedVolumes>
<fwdEngineeringStrategyName>Single Table</fwdEngineeringStrategyName>
<growthPercent>0</growthPercent>
<growthType>Year</growthType>
<maxVolumes>9999999</maxVolumes>
<minVolumes>0</minVolumes>
<normalForm>Third</normalForm>
<attributes itemClass="oracle.dbtools.crest.model.design.logical.Attribute">
<Attribute name="cd_prom" id="7CD064CD-7025-C1BF-9E51-9CD6AEF0D383">
<createdBy>luiz.castro</createdBy>
<createdTime>2015-09-28 19:43:02 UTC</createdTime>
<comment>Este atributo recebe o código da entidade PROMOCAO,é UID e mandatorio da tabela , tipo de dado é NUMERIC 3.</comment>
<commentInRDBMS>Este atributo recebe o código da entidade PROMOCAO,é UID e mandatorio da tabela , tipo de dado é NUMERIC 3.</commentInRDBMS>
<generatorID>Gerado pelo usuário</generatorID>
<ownerDesignName>modelo_v03</ownerDesignName>
<engineerTo>
<item key="5717F7DC-5FAE-37A9-1A77-C8C90409988D" value="true"/>
</engineerTo>
<useDomainConstraints>false</useDomainConstraints>
<use>1</use>
<logicalDatatype>LOGDT019</logicalDatatype>
<dataTypePrecision>4</dataTypePrecision>
<ownDataTypeParameters>,4,</ownDataTypeParameters>
</Attribute>
<Attribute name="dt_inic" id="77380D38-E1D3-1B28-0E64-F8B2B9488072">
<createdBy>luiz.castro</createdBy>
<createdTime>2015-09-28 19:43:15 UTC</createdTime>
<comment>Este atributo recebe a data inicio da entidade PROMOCAO,é  mandatorio da tabela , tipo de dado é DATE.</comment>
<commentInRDBMS>Este atributo recebe a data inicio da entidade PROMOCAO,é  mandatorio da tabela , tipo de dado é DATE.</commentInRDBMS>
<generatorID>Gerado pelo usuário</generatorID>
<ownerDesignName>modelo_v03</ownerDesignName>
<engineerTo>
<item key="5717F7DC-5FAE-37A9-1A77-C8C90409988D" value="true"/>
</engineerTo>
<useDomainConstraints>false</useDomainConstraints>
<use>1</use>
<logicalDatatype>LOGDT007</logicalDatatype>
<ownDataTypeParameters>,,</ownDataTypeParameters>
</Attribute>
<Attribute name="dt_fim" id="5C557510-40AC-E9B7-0E3E-32AC399A6ED5">
<createdBy>luiz.castro</createdBy>
<createdTime>2015-09-28 19:43:19 UTC</createdTime>
<comment>Este atributo recebe a data fim da entidade PROMOCAO,é  mandatorio da tabela , tipo de dado é DATE.</comment>
<commentInRDBMS>Este atributo recebe a data fim da entidade PROMOCAO,é  mandatorio da tabela , tipo de dado é DATE.</commentInRDBMS>
<generatorID>Gerado pelo usuário</generatorID>
<ownerDesignName>modelo_v03</ownerDesignName>
<engineerTo>
<item key="5717F7DC-5FAE-37A9-1A77-C8C90409988D" value="true"/>
</engineerTo>
<useDomainConstraints>false</useDomainConstraints>
<use>1</use>
<logicalDatatype>LOGDT007</logicalDatatype>
<ownDataTypeParameters>,,</ownDataTypeParameters>
</Attribute>
<Attribute name="ds_prom" id="A3EBD2EC-89B1-6759-AFEC-A104B2EC2671">
<createdBy>luiz.castro</createdBy>
<createdTime>2015-09-28 19:43:05 UTC</createdTime>
<comment>Este atributo recebe um descrição da promoção da entidade PROMOCAO, é um atributo opcional da tabela , tipo de dado é VARCHAR2, tamanho 150.</comment>
<commentInRDBMS>Este atributo recebe um descrição da promoção da entidade PROMOCAO, é um atributo opcional da tabela , tipo de dado é VARCHAR2, tamanho 150.</commentInRDBMS>
<generatorID>Gerado pelo usuário</generatorID>
<ownerDesignName>modelo_v03</ownerDesignName>
<engineerTo>
<item key="5717F7DC-5FAE-37A9-1A77-C8C90409988D" value="true"/>
</engineerTo>
<useDomainConstraints>false</useDomainConstraints>
<use>1</use>
<logicalDatatype>LOGDT024</logicalDatatype>
<dataTypeSize>150</dataTypeSize>
<ownDataTypeParameters>150,,</ownDataTypeParameters>
</Attribute>
<Attribute name="vl_prom" id="6A5D64DF-AF20-6294-CDB8-F9DF19D0FFDC">
<createdBy>rm74585</createdBy>
<createdTime>2016-04-04 14:09:43 UTC</createdTime>
<ownerDesignName>modelo_v03</ownerDesignName>
<engineerTo>
<item key="5717F7DC-5FAE-37A9-1A77-C8C90409988D" value="true"/>
</engineerTo>
<useDomainConstraints>false</useDomainConstraints>
<use>1</use>
<logicalDatatype>LOGDT019</logicalDatatype>
<dataTypePrecision>7</dataTypePrecision>
<dataTypeScale>2</dataTypeScale>
<ownDataTypeParameters>,7,2</ownDataTypeParameters>
</Attribute>
<Attribute name="cd_fili" id="745256CB-E98C-827D-5F1D-8BA82FBFDE3E">
<createdBy>luiz.castro</createdBy>
<createdTime>2015-09-28 19:45:08 UTC</createdTime>
<generatorID>EB97DD08-F2AE-3BA8-240A-B08C054F50CB</generatorID>
<ownerDesignName>modelo_v03</ownerDesignName>
<engineerTo>
<item key="5717F7DC-5FAE-37A9-1A77-C8C90409988D" value="true"/>
</engineerTo>
<nullsAllowed>true</nullsAllowed>
<referedAttribute>44265CED-BAD4-97EB-92A3-0A5BC3876143</referedAttribute>
<useDomainConstraints>false</useDomainConstraints>
<use>1</use>
<logicalDatatype>LOGDT019</logicalDatatype>
<dataTypePrecision>8</dataTypePrecision>
<ownDataTypeParameters>,8,</ownDataTypeParameters>
</Attribute>
<Attribute name="tp_prom" id="D2080CE2-B5B5-BEB0-5AFF-0665056B03E1">
<createdBy>rm69296</createdBy>
<createdTime>2016-05-19 14:01:39 UTC</createdTime>
<comment>Este atributo recebe o tipoda promoção da entidade PROMOCAO, é um atributo mandatório da tabela , tipo de dado é VARCHAR2, tamanho 50.</comment>
<commentInRDBMS>Este atributo recebe o tipoda promoção da entidade PROMOCAO, é um atributo mandatório da tabela , tipo de dado é VARCHAR2, tamanho 50.</commentInRDBMS>
<ownerDesignName>modelo_v03</ownerDesignName>
<engineerTo>
<item key="5717F7DC-5FAE-37A9-1A77-C8C90409988D" value="true"/>
</engineerTo>
<useDomainConstraints>false</useDomainConstraints>
<use>1</use>
<logicalDatatype>LOGDT024</logicalDatatype>
<dataTypeSize>50</dataTypeSize>
<ownDataTypeParameters>50,,</ownDataTypeParameters>
</Attribute>
<Attribute name="ds_publico_alvo" id="F05C7A50-07B7-9B01-3155-8BBE51F071D2">
<createdBy>rm69296</createdBy>
<createdTime>2016-05-19 14:01:39 UTC</createdTime>
<comment>Este atributo recebe um descrição do publico alvo da entidade PROMOCAO, é um atributo opcional da tabela , tipo de dado é VARCHAR2, tamanho 100.</comment>
<commentInRDBMS>Este atributo recebe um descrição do publico alvo da entidade PROMOCAO, é um atributo opcional da tabela , tipo de dado é VARCHAR2, tamanho 100.</commentInRDBMS>
<ownerDesignName>modelo_v03</ownerDesignName>
<engineerTo>
<item key="5717F7DC-5FAE-37A9-1A77-C8C90409988D" value="true"/>
</engineerTo>
<nullsAllowed>true</nullsAllowed>
<useDomainConstraints>false</useDomainConstraints>
<use>1</use>
<logicalDatatype>LOGDT024</logicalDatatype>
<dataTypeSize>100</dataTypeSize>
<ownDataTypeParameters>100,,</ownDataTypeParameters>
</Attribute>
<Attribute name="ds_objetivo_promocao" id="FBD8493E-7927-8F7C-0F9A-B5D4C0929BB3">
<createdBy>rm69296</createdBy>
<createdTime>2016-05-19 14:01:39 UTC</createdTime>
<comment>Este atributo recebe o objetivo da promoção da entidade PROMOCAO, é um atributo mandatório da tabela , tipo de dado é TEXT.</comment>
<commentInRDBMS>Este atributo recebe o objetivo da promoção da entidade PROMOCAO, é um atributo mandatório da tabela , tipo de dado é TEXT.</commentInRDBMS>
<ownerDesignName>modelo_v03</ownerDesignName>
<engineerTo>
<item key="5717F7DC-5FAE-37A9-1A77-C8C90409988D" value="true"/>
</engineerTo>
<useDomainConstraints>false</useDomainConstraints>
<use>1</use>
<logicalDatatype>LOGDT040</logicalDatatype>
<ownDataTypeParameters>,,</ownDataTypeParameters>
</Attribute>
<Attribute name="ds_cupom_desconto" id="ECCFCF7B-409D-BD07-FAE2-8847285BE3BE">
<createdBy>rm69296</createdBy>
<createdTime>2016-05-19 14:01:39 UTC</createdTime>
<comment>Este atributo recebe o descritivo do cupom de desconto da entidade PROMOCAO, é um atributo opcional da tabela , tipo de dado é TEXT.</comment>
<commentInRDBMS>Este atributo recebe o descritivo do cupom de desconto da entidade PROMOCAO, é um atributo opcional da tabela , tipo de dado é TEXT.</commentInRDBMS>
<ownerDesignName>modelo_v03</ownerDesignName>
<engineerTo>
<item key="5717F7DC-5FAE-37A9-1A77-C8C90409988D" value="true"/>
</engineerTo>
<nullsAllowed>true</nullsAllowed>
<useDomainConstraints>false</useDomainConstraints>
<use>1</use>
<logicalDatatype>LOGDT040</logicalDatatype>
<ownDataTypeParameters>,,</ownDataTypeParameters>
</Attribute>
<Attribute name="tp_midia" id="3F4B744A-C690-E0EF-4934-DCC7E1395686">
<createdBy>rm69296</createdBy>
<createdTime>2016-05-19 14:01:39 UTC</createdTime>
<comment>Este atributo recebe o tipo de mídia da entidade PROMOCAO, é um atributo mandatório da tabela , tipo de dado é VARCHAR2, tamanho 30.</comment>
<commentInRDBMS>Este atributo recebe o tipo de mídia da entidade PROMOCAO, é um atributo mandatório da tabela , tipo de dado é ARCHAR2, tamanho 30.</commentInRDBMS>
<ownerDesignName>modelo_v03</ownerDesignName>
<engineerTo>
<item key="5717F7DC-5FAE-37A9-1A77-C8C90409988D" value="true"/>
</engineerTo>
<useDomainConstraints>false</useDomainConstraints>
<use>1</use>
<logicalDatatype>LOGDT024</logicalDatatype>
<dataTypeSize>30</dataTypeSize>
<ownDataTypeParameters>30,,</ownDataTypeParameters>
</Attribute>
<Attribute name="nu_perc_desconto" id="2151141A-9184-D981-C50C-E046A4F3D90E">
<createdBy>rm69296</createdBy>
<createdTime>2016-05-19 14:01:39 UTC</createdTime>
<comment>Este atributo recebe o número do percentual de desconto da entidade PROMOCAO,é mandatório da tabela , tipo de dado é NUMERIC tamanho de 2.</comment>
<commentInRDBMS>Este atributo recebe o número do percentual de desconto da entidade PROMOCAO,é mandatório da tabela , tipo de dado é NUMERIC tamanho de 2.</commentInRDBMS>
<ownerDesignName>modelo_v03</ownerDesignName>
<engineerTo>
<item key="5717F7DC-5FAE-37A9-1A77-C8C90409988D" value="true"/>
</engineerTo>
<useDomainConstraints>false</useDomainConstraints>
<use>1</use>
<logicalDatatype>LOGDT019</logicalDatatype>
<dataTypePrecision>2</dataTypePrecision>
<ownDataTypeParameters>,2,</ownDataTypeParameters>
</Attribute>
<Attribute name="nu_minimo" id="0BFCF98B-32C8-58E5-48E8-CC52E7CAAC00">
<createdBy>rm69296</createdBy>
<createdTime>2016-05-19 14:01:39 UTC</createdTime>
<comment>Este atributo recebe a quantidade minima de itens da entidade PROMOCAO,é mandatório da tabela , tipo de dado é NUMERIC tamanho de 4.</comment>
<commentInRDBMS>Este atributo recebe a quantidade minima de itens da entidade PROMOCAO,é opcional da tabela , tipo de dado é NUMERIC tamanho de 4.</commentInRDBMS>
<ownerDesignName>modelo_v03</ownerDesignName>
<engineerTo>
<item key="5717F7DC-5FAE-37A9-1A77-C8C90409988D" value="true"/>
</engineerTo>
<useDomainConstraints>false</useDomainConstraints>
<use>1</use>
<logicalDatatype>LOGDT019</logicalDatatype>
<dataTypePrecision>4</dataTypePrecision>
<ownDataTypeParameters>,4,</ownDataTypeParameters>
</Attribute>
<Attribute name="nu_maximo" id="1DD6F221-2051-D45C-1597-1BC7BE79D0F8">
<createdBy>rm69296</createdBy>
<createdTime>2016-05-19 14:01:39 UTC</createdTime>
<comment>Este atributo recebe a quantidade máxima de itens da entidade PROMOCAO,é opcional da tabela , tipo de dado é NUMERIC tamanho de 4.</comment>
<commentInRDBMS>Este atributo recebe a quantidade máxima de itens da entidade PROMOCAO,é opcional da tabela , tipo de dado é NUMERIC tamanho de 4.</commentInRDBMS>
<ownerDesignName>modelo_v03</ownerDesignName>
<engineerTo>
<item key="5717F7DC-5FAE-37A9-1A77-C8C90409988D" value="true"/>
</engineerTo>
<nullsAllowed>true</nullsAllowed>
<useDomainConstraints>false</useDomainConstraints>
<use>1</use>
<logicalDatatype>LOGDT019</logicalDatatype>
<dataTypePrecision>4</dataTypePrecision>
<ownDataTypeParameters>,4,</ownDataTypeParameters>
</Attribute>
<Attribute name="vl_custo_promocao" id="62F33C44-ADD8-5775-AE00-F943C14E3FD0">
<createdBy>rm69296</createdBy>
<createdTime>2016-05-19 14:01:39 UTC</createdTime>
<comment>Este atributo recebe o valor de custeio da promocao da entidade PROMOCAO,é opcional da tabela , tipo de dado é NUMERIC tamanho de 7,2.</comment>
<commentInRDBMS>Este atributo recebe o valor de custeio da promocao da entidade PROMOCAO,é opcional da tabela , tipo de dado é NUMERIC tamanho de 7,2.</commentInRDBMS>
<ownerDesignName>modelo_v03</ownerDesignName>
<engineerTo>
<item key="5717F7DC-5FAE-37A9-1A77-C8C90409988D" value="true"/>
</engineerTo>
<nullsAllowed>true</nullsAllowed>
<useDomainConstraints>false</useDomainConstraints>
<use>1</use>
<logicalDatatype>LOGDT019</logicalDatatype>
<dataTypePrecision>7</dataTypePrecision>
<dataTypeScale>2</dataTypeScale>
<ownDataTypeParameters>,7,2</ownDataTypeParameters>
</Attribute>
<Attribute name="qt_cupom" id="D7C6395D-BF58-B06F-5D7A-736F9FB35C8D">
<createdBy>rm69296</createdBy>
<createdTime>2016-05-19 14:01:39 UTC</createdTime>
<comment>Este atributo recebe a quantidade  de cupons da entidade PROMOCAO,é opcional da tabela , tipo de dado é NUMERIC, tamanho 7.</comment>
<commentInRDBMS>Este atributo recebe a quantidade  de cupons da entidade PROMOCAO,é opcional da tabela , tipo de dado é NUMERIC, tamanho 7.</commentInRDBMS>
<ownerDesignName>modelo_v03</ownerDesignName>
<engineerTo>
<item key="5717F7DC-5FAE-37A9-1A77-C8C90409988D" value="true"/>
</engineerTo>
<nullsAllowed>true</nullsAllowed>
<useDomainConstraints>false</useDomainConstraints>
<use>1</use>
<logicalDatatype>LOGDT019</logicalDatatype>
<dataTypePrecision>7</dataTypePrecision>
<ownDataTypeParameters>,7,</ownDataTypeParameters>
</Attribute>
</attributes>
<identifiers itemClass="oracle.dbtools.crest.model.design.logical.CandidateKey">
<identifier id="FE5F3066-735A-383B-AE87-ECF2C42291E8" name="PROMOCOES PK">
<createdBy>luiz.castro</createdBy>
<createdTime>2015-09-28 19:44:16 UTC</createdTime>
<generatorID>Gerado pelo usuário</generatorID>
<ownerDesignName>modelo_v03</ownerDesignName>
<shouldEngineer>false</shouldEngineer>
<engineerTo>
<item key="5717F7DC-5FAE-37A9-1A77-C8C90409988D" value="false"/>
</engineerTo>
<pk>true</pk>
<usedAttributes>
<attributeRef>7CD064CD-7025-C1BF-9E51-9CD6AEF0D383</attributeRef>
</usedAttributes>
</identifier>
</identifiers>
</Entity>