<?xml version = '1.0' encoding = 'UTF-8'?>
<Entity class="oracle.dbtools.crest.model.design.logical.Entity" directorySegmentName="seg_0" id="EA55CAC2-144F-B122-DD7D-570BB56395FF" name="VENDA_ITEM">
<createdBy>sidi</createdBy>
<createdTime>2015-09-08 00:58:47 UTC</createdTime>
<generatorID>Gerado pelo usuário</generatorID>
<ownerDesignName>modelo_v03</ownerDesignName>
<importedID>C97F4D5C-E8B2-5224-9B78-A189098555E1</importedID>
<engineerTo>
<item key="5717F7DC-5FAE-37A9-1A77-C8C90409988D" value="true"/>
</engineerTo>
<adequatelyNormalized>NO</adequatelyNormalized>
<expectedVolumes>0</expectedVolumes>
<fwdEngineeringStrategyName>Single Table</fwdEngineeringStrategyName>
<growthPercent>0</growthPercent>
<growthType>Year</growthType>
<maxVolumes>9999999</maxVolumes>
<minVolumes>0</minVolumes>
<normalForm>Third</normalForm>
<attributes itemClass="oracle.dbtools.crest.model.design.logical.Attribute">
<Attribute name="cd_vend_item" id="A3358959-FC26-964E-8205-F1073EE40C71">
<createdBy>sidi</createdBy>
<createdTime>2015-09-08 00:58:47 UTC</createdTime>
<comment>Este atributo recebe o código da entidade VENDA_ITEM,é UID e mandatorio da tabela , tipo de dado é NUMERIC 8.</comment>
<commentInRDBMS>Este atributo recebe o código da entidade VENDA_ITEM,é UID e mandatorio da tabela , tipo de dado é NUMERIC 8.</commentInRDBMS>
<generatorID>Gerado pelo usuário</generatorID>
<ownerDesignName>modelo_v03</ownerDesignName>
<importedID>DD0C0365-A8BF-6058-2C52-530CCDE53947</importedID>
<engineerTo>
<item key="5717F7DC-5FAE-37A9-1A77-C8C90409988D" value="true"/>
</engineerTo>
<useDomainConstraints>false</useDomainConstraints>
<use>1</use>
<logicalDatatype>LOGDT019</logicalDatatype>
<dataTypePrecision>8</dataTypePrecision>
<ownDataTypeParameters>,8,</ownDataTypeParameters>
</Attribute>
<Attribute name="cd_vend" id="2630B45C-3154-846A-36FB-081A3E2444D6">
<createdBy>sidi</createdBy>
<createdTime>2015-09-08 00:58:47 UTC</createdTime>
<generatorID>330C4985-B0C9-B3F0-B137-615B709593D5</generatorID>
<ownerDesignName>modelo_v03</ownerDesignName>
<importedID>DF5580C8-B0D8-FD5D-D43C-2501B8FC2F37</importedID>
<engineerTo>
<item key="5717F7DC-5FAE-37A9-1A77-C8C90409988D" value="true"/>
</engineerTo>
<referedAttribute>CE898A93-D50E-AD5D-E90B-D2E2DC6212F2</referedAttribute>
<useDomainConstraints>false</useDomainConstraints>
<use>1</use>
<logicalDatatype>LOGDT019</logicalDatatype>
<dataTypePrecision>8</dataTypePrecision>
<ownDataTypeParameters>,8,</ownDataTypeParameters>
</Attribute>
<Attribute name="qt_vend_item" id="D0E12DE3-EB8D-539A-E25D-31798A192ABC">
<createdBy>sidi</createdBy>
<createdTime>2015-09-08 00:58:47 UTC</createdTime>
<comment>Este atributo recebe o quantidade de itens vendidos da entidade VENDA_ITEM,é mandatorio da tabela , tipo de dado é NUMERIC tamanho 3.</comment>
<commentInRDBMS>Este atributo recebe o quantidade de itens vendidos da entidade VENDA_ITEM,é mandatorio da tabela , tipo de dado é NUMERIC tamanho 3.</commentInRDBMS>
<generatorID>Gerado pelo usuário</generatorID>
<ownerDesignName>modelo_v03</ownerDesignName>
<importedID>00EBC8F8-7DCF-D116-1A16-7EB65FCD9B9D</importedID>
<engineerTo>
<item key="5717F7DC-5FAE-37A9-1A77-C8C90409988D" value="true"/>
</engineerTo>
<useDomainConstraints>false</useDomainConstraints>
<use>1</use>
<logicalDatatype>LOGDT019</logicalDatatype>
<dataTypePrecision>3</dataTypePrecision>
<ownDataTypeParameters>,3,</ownDataTypeParameters>
</Attribute>
<Attribute name="cd_said_esto" id="20284810-27AE-0885-29FE-D52B603FDD27">
<createdBy>Marcelo Dias</createdBy>
<createdTime>2015-09-20 18:01:56 UTC</createdTime>
<generatorID>D127DA3C-6CF3-3692-41D6-D52CD2B50FAA</generatorID>
<ownerDesignName>modelo_v03</ownerDesignName>
<engineerTo>
<item key="5717F7DC-5FAE-37A9-1A77-C8C90409988D" value="true"/>
</engineerTo>
<referedAttribute>D3364BE5-4B5E-122C-7884-7621C6ACC73C</referedAttribute>
<useDomainConstraints>false</useDomainConstraints>
<use>1</use>
<logicalDatatype>LOGDT019</logicalDatatype>
<dataTypePrecision>8</dataTypePrecision>
<ownDataTypeParameters>,8,</ownDataTypeParameters>
</Attribute>
<Attribute name="cd_prod" id="89154055-762B-FCB7-565E-50D8033C3E2A">
<createdBy>Marcelo Dias</createdBy>
<createdTime>2015-09-12 15:12:33 UTC</createdTime>
<generatorID>461DFD2A-8630-D742-D6C4-5A95C09C9391</generatorID>
<ownerDesignName>modelo_v03</ownerDesignName>
<engineerTo>
<item key="5717F7DC-5FAE-37A9-1A77-C8C90409988D" value="true"/>
</engineerTo>
<referedAttribute>C691E740-10DD-C046-8B59-1A1164704BFD</referedAttribute>
<useDomainConstraints>false</useDomainConstraints>
<use>1</use>
<logicalDatatype>LOGDT019</logicalDatatype>
<dataTypePrecision>6</dataTypePrecision>
<ownDataTypeParameters>,6,</ownDataTypeParameters>
</Attribute>
<Attribute name="vl_uni_venda" id="FA2256B1-1772-B8C3-1548-295707B7A142">
<createdBy>Rm74581</createdBy>
<createdTime>2016-04-26 13:56:45 UTC</createdTime>
<ownerDesignName>modelo_v03</ownerDesignName>
<engineerTo>
<item key="5717F7DC-5FAE-37A9-1A77-C8C90409988D" value="true"/>
</engineerTo>
<useDomainConstraints>false</useDomainConstraints>
<use>1</use>
<logicalDatatype>LOGDT019</logicalDatatype>
<dataTypePrecision>7</dataTypePrecision>
<dataTypeScale>2</dataTypeScale>
<ownDataTypeParameters>,7,2</ownDataTypeParameters>
</Attribute>
</attributes>
<identifiers itemClass="oracle.dbtools.crest.model.design.logical.CandidateKey">
<identifier id="E7983296-1EC1-6A4C-3E18-55F4F0D7B3ED" name="{entity} PK">
<createdBy>sidi</createdBy>
<createdTime>2015-09-08 00:58:47 UTC</createdTime>
<generatorID>Gerado pelo usuário</generatorID>
<ownerDesignName>modelo_v03</ownerDesignName>
<importedID>D9BD36DF-267E-56AF-EB21-92595FC29076</importedID>
<engineerTo>
<item key="5717F7DC-5FAE-37A9-1A77-C8C90409988D" value="true"/>
</engineerTo>
<pk>true</pk>
<usedAttributes>
<attributeRef>A3358959-FC26-964E-8205-F1073EE40C71</attributeRef>
<attributeRef>2630B45C-3154-846A-36FB-081A3E2444D6</attributeRef>
</usedAttributes>
</identifier>
</identifiers>
</Entity>