<?xml version = '1.0' encoding = 'UTF-8'?>
<Entity class="oracle.dbtools.crest.model.design.logical.Entity" directorySegmentName="seg_0" id="F3E394AE-ABEB-1450-4046-3A7AD17B8690" name="ESTOQUE">
<createdBy>Marcelo Dias</createdBy>
<createdTime>2015-09-12 16:56:19 UTC</createdTime>
<generatorID>Gerado pelo usuário</generatorID>
<ownerDesignName>modelo_v03</ownerDesignName>
<engineerTo>
<item key="5717F7DC-5FAE-37A9-1A77-C8C90409988D" value="true"/>
</engineerTo>
<adequatelyNormalized>NO</adequatelyNormalized>
<expectedVolumes>0</expectedVolumes>
<fwdEngineeringStrategyName>Single Table</fwdEngineeringStrategyName>
<growthPercent>0</growthPercent>
<growthType>Year</growthType>
<maxVolumes>9999999</maxVolumes>
<minVolumes>0</minVolumes>
<normalForm>Third</normalForm>
<attributes itemClass="oracle.dbtools.crest.model.design.logical.Attribute">
<Attribute name="cd_esto" id="691DA30B-5A28-7D70-81F7-F5EEF1D3E58D">
<createdBy>Marcelo Dias</createdBy>
<createdTime>2015-09-12 16:56:36 UTC</createdTime>
<comment>Este atributo recebe o código da entidade ESTOQUE,é UID e mandatorio da tabela , tipo de dado é NUMERIC 8.</comment>
<commentInRDBMS>Este atributo recebe o código da entidade ESTOQUE,é UID e mandatorio da tabela , tipo de dado é NUMERIC 8.</commentInRDBMS>
<generatorID>Gerado pelo usuário</generatorID>
<ownerDesignName>modelo_v03</ownerDesignName>
<engineerTo>
<item key="5717F7DC-5FAE-37A9-1A77-C8C90409988D" value="true"/>
</engineerTo>
<useDomainConstraints>false</useDomainConstraints>
<use>1</use>
<logicalDatatype>LOGDT019</logicalDatatype>
<dataTypePrecision>8</dataTypePrecision>
<ownDataTypeParameters>,8,</ownDataTypeParameters>
</Attribute>
<Attribute name="nu_quan" id="519166E1-C394-4434-D16B-2E469B85BD90">
<createdBy>Marcelo Dias</createdBy>
<createdTime>2015-09-12 16:56:54 UTC</createdTime>
<comment>Este atributo recebe o quantidade no estoque da entidade ESTOQUE,é mandatorio da tabela , tipo de dado é NUMERIC tamanho 5.</comment>
<commentInRDBMS>Este atributo recebe o quantidade no estoque da entidade ESTOQUE,é mandatorio da tabela , tipo de dado é NUMERIC tamanho 5.</commentInRDBMS>
<generatorID>Gerado pelo usuário</generatorID>
<ownerDesignName>modelo_v03</ownerDesignName>
<engineerTo>
<item key="5717F7DC-5FAE-37A9-1A77-C8C90409988D" value="true"/>
</engineerTo>
<useDomainConstraints>false</useDomainConstraints>
<use>1</use>
<logicalDatatype>LOGDT019</logicalDatatype>
<dataTypePrecision>5</dataTypePrecision>
<ownDataTypeParameters>,5,</ownDataTypeParameters>
</Attribute>
<Attribute name="tp_esto" id="3C265165-6BA5-C18A-2E18-CFCEFFEBAF65">
<createdBy>Marcelo Dias</createdBy>
<createdTime>2015-09-20 17:03:30 UTC</createdTime>
<comment>Este atributo recebe o tipo do estoque da entidade ESTOQUE,é mandátorio da tabela , tipo de dado é CHAR, tamanho 7.</comment>
<commentInRDBMS>Este atributo recebe o tipo do estoque da entidade ESTOQUE,é mandátorio da tabela , tipo de dado é CHAR, tamanho 7.</commentInRDBMS>
<generatorID>Gerado pelo usuário</generatorID>
<ownerDesignName>modelo_v03</ownerDesignName>
<engineerTo>
<item key="5717F7DC-5FAE-37A9-1A77-C8C90409988D" value="true"/>
</engineerTo>
<use>0</use>
<logicalDatatype>LOGDT024</logicalDatatype>
<domain>B7B0CC19-1163-C28B-5FDA-3825DB0B43A9</domain>
<ownDataTypeParameters>,,</ownDataTypeParameters>
</Attribute>
<Attribute name="cd_fili" id="27892D98-D975-585C-0E24-FA32E380DFB8">
<createdBy>Marcelo Dias</createdBy>
<createdTime>2015-09-12 17:39:58 UTC</createdTime>
<generatorID>C96F8BF2-E19C-39BC-65B3-9F49FF24EFDF</generatorID>
<ownerDesignName>modelo_v03</ownerDesignName>
<engineerTo>
<item key="5717F7DC-5FAE-37A9-1A77-C8C90409988D" value="true"/>
</engineerTo>
<referedAttribute>44265CED-BAD4-97EB-92A3-0A5BC3876143</referedAttribute>
<useDomainConstraints>false</useDomainConstraints>
<use>1</use>
<logicalDatatype>LOGDT019</logicalDatatype>
<dataTypePrecision>8</dataTypePrecision>
<ownDataTypeParameters>,8,</ownDataTypeParameters>
</Attribute>
</attributes>
<identifiers itemClass="oracle.dbtools.crest.model.design.logical.CandidateKey">
<identifier id="E3BA5BCB-A570-3133-C167-2870360AAA27" name="{entity} PK">
<createdBy>Marcelo Dias</createdBy>
<createdTime>2015-09-12 16:56:53 UTC</createdTime>
<generatorID>Gerado pelo usuário</generatorID>
<ownerDesignName>modelo_v03</ownerDesignName>
<engineerTo>
<item key="5717F7DC-5FAE-37A9-1A77-C8C90409988D" value="true"/>
</engineerTo>
<pk>true</pk>
<usedAttributes>
<attributeRef>691DA30B-5A28-7D70-81F7-F5EEF1D3E58D</attributeRef>
</usedAttributes>
</identifier>
</identifiers>
</Entity>