<?xml version = '1.0' encoding = 'UTF-8'?>
<Entity class="oracle.dbtools.crest.model.design.logical.Entity" directorySegmentName="seg_0" id="FAAB106F-5C5D-A9DE-B87F-0DA85E7A008F" name="FORNECEDOR">
<createdBy>Marcelo Dias</createdBy>
<createdTime>2015-09-12 17:07:37 UTC</createdTime>
<generatorID>Gerado pelo usuário</generatorID>
<ownerDesignName>modelo_v03</ownerDesignName>
<engineerTo>
<item key="5717F7DC-5FAE-37A9-1A77-C8C90409988D" value="true"/>
</engineerTo>
<adequatelyNormalized>NO</adequatelyNormalized>
<expectedVolumes>0</expectedVolumes>
<fwdEngineeringStrategyName>Single Table</fwdEngineeringStrategyName>
<growthPercent>0</growthPercent>
<growthType>Year</growthType>
<maxVolumes>9999999</maxVolumes>
<minVolumes>0</minVolumes>
<normalForm>Third</normalForm>
<attributes itemClass="oracle.dbtools.crest.model.design.logical.Attribute">
<Attribute name="cd_forn" id="F0002FBD-6BC8-355F-240F-8B7649F1E2BA">
<createdBy>Marcelo Dias</createdBy>
<createdTime>2015-09-12 17:07:44 UTC</createdTime>
<comment>Este atributo recebe o código da entidade FORNECEDOR,é UID e mandatorio da tabela , tipo de dado é NUMERIC 4.</comment>
<commentInRDBMS>Este atributo recebe o código da entidade FORNECEDOR,é UID e mandatorio da tabela , tipo de dado é NUMERIC 4.</commentInRDBMS>
<generatorID>Gerado pelo usuário</generatorID>
<ownerDesignName>modelo_v03</ownerDesignName>
<engineerTo>
<item key="5717F7DC-5FAE-37A9-1A77-C8C90409988D" value="true"/>
</engineerTo>
<useDomainConstraints>false</useDomainConstraints>
<use>1</use>
<logicalDatatype>LOGDT019</logicalDatatype>
<dataTypePrecision>4</dataTypePrecision>
<ownDataTypeParameters>,4,</ownDataTypeParameters>
</Attribute>
<Attribute name="nm_forne" id="E9405590-720B-0C6D-3185-9B196CBD5829">
<createdBy>Marcelo Dias</createdBy>
<createdTime>2015-09-12 17:08:00 UTC</createdTime>
<comment>Este atributo recebe o nome do fornecedor da entidade FORNECEDOR,é mandátorio da tabela , tipo de dado é VARCHAR2, tamanho 30.</comment>
<commentInRDBMS>Este atributo recebe o nome do fornecedor da entidade FORNECEDOR,é mandátorio da tabela , tipo de dado é VARCHAR2, tamanho 30.</commentInRDBMS>
<generatorID>Gerado pelo usuário</generatorID>
<ownerDesignName>modelo_v03</ownerDesignName>
<engineerTo>
<item key="5717F7DC-5FAE-37A9-1A77-C8C90409988D" value="true"/>
</engineerTo>
<useDomainConstraints>false</useDomainConstraints>
<use>1</use>
<logicalDatatype>LOGDT024</logicalDatatype>
<dataTypeSize>30</dataTypeSize>
<ownDataTypeParameters>30,,</ownDataTypeParameters>
</Attribute>
<Attribute name="nu_cnpj_forn" id="7D814D32-EADB-3DC8-E6D4-3F65DA1A7FB7">
<createdBy>Marcelo Dias</createdBy>
<createdTime>2015-09-12 17:08:17 UTC</createdTime>
<comment>Este atributo recebe o numero do fornecedor da entidade FORNECEDOR,é mandátorio da tabela , tipo de dado é VARCHAR2, tamanho 18.</comment>
<commentInRDBMS>Este atributo recebe o numero do fornecedor da entidade FORNECEDOR,é mandátorio da tabela , tipo de dado é VARCHAR2, tamanho 18.</commentInRDBMS>
<generatorID>Gerado pelo usuário</generatorID>
<ownerDesignName>modelo_v03</ownerDesignName>
<engineerTo>
<item key="5717F7DC-5FAE-37A9-1A77-C8C90409988D" value="true"/>
</engineerTo>
<useDomainConstraints>false</useDomainConstraints>
<use>1</use>
<logicalDatatype>LOGDT024</logicalDatatype>
<dataTypeSize>18</dataTypeSize>
<ownDataTypeParameters>18,,</ownDataTypeParameters>
</Attribute>
<Attribute name="ds_forn" id="DE14FC45-8595-F54E-F73E-37FBDE7F125B">
<createdBy>Marcelo Dias</createdBy>
<createdTime>2015-09-12 17:09:27 UTC</createdTime>
<comment>Este atributo recebe a descrição do fornecedorda entidade FORNECEDOR, é um atributo opcional da tabela , tipo de dado é VARCHAR2, tamanho 100.</comment>
<commentInRDBMS>Este atributo recebe a descrição do fornecedorda entidade FORNECEDOR, é um atributo opcional da tabela , tipo de dado é VARCHAR2, tamanho 100.</commentInRDBMS>
<generatorID>Gerado pelo usuário</generatorID>
<ownerDesignName>modelo_v03</ownerDesignName>
<engineerTo>
<item key="5717F7DC-5FAE-37A9-1A77-C8C90409988D" value="true"/>
</engineerTo>
<nullsAllowed>true</nullsAllowed>
<useDomainConstraints>false</useDomainConstraints>
<use>1</use>
<logicalDatatype>LOGDT024</logicalDatatype>
<dataTypeSize>100</dataTypeSize>
<ownDataTypeParameters>100,,</ownDataTypeParameters>
</Attribute>
<Attribute name="cd_ende" id="A8884703-0F42-E779-72D7-5A3B14756CA3">
<createdBy>Marcelo Dias</createdBy>
<createdTime>2015-09-12 17:16:21 UTC</createdTime>
<generatorID>5E2E0CD4-C294-BD53-31E1-7CB8F1C62771</generatorID>
<ownerDesignName>modelo_v03</ownerDesignName>
<engineerTo>
<item key="5717F7DC-5FAE-37A9-1A77-C8C90409988D" value="true"/>
</engineerTo>
<nullsAllowed>true</nullsAllowed>
<referedAttribute>023DB110-E30A-0DFA-8116-AC9CEEC95103</referedAttribute>
<useDomainConstraints>false</useDomainConstraints>
<use>1</use>
<logicalDatatype>LOGDT019</logicalDatatype>
<dataTypePrecision>3</dataTypePrecision>
<ownDataTypeParameters>,3,</ownDataTypeParameters>
</Attribute>
</attributes>
<identifiers itemClass="oracle.dbtools.crest.model.design.logical.CandidateKey">
<identifier id="B3546D01-40FD-60EF-D18E-8511E24536D1" name="{entity} PK">
<createdBy>Marcelo Dias</createdBy>
<createdTime>2015-09-12 17:07:59 UTC</createdTime>
<generatorID>Gerado pelo usuário</generatorID>
<ownerDesignName>modelo_v03</ownerDesignName>
<engineerTo>
<item key="5717F7DC-5FAE-37A9-1A77-C8C90409988D" value="true"/>
</engineerTo>
<pk>true</pk>
<usedAttributes>
<attributeRef>F0002FBD-6BC8-355F-240F-8B7649F1E2BA</attributeRef>
</usedAttributes>
</identifier>
</identifiers>
</Entity>