<?xml version = '1.0' encoding = 'UTF-8'?>
<Entity class="oracle.dbtools.crest.model.design.logical.Entity" directorySegmentName="seg_0" id="FD009696-3BE5-21BD-61B8-4F99B40DC315" name="COMPRA">
<createdBy>Marcelo Dias</createdBy>
<createdTime>2015-09-12 18:03:03 UTC</createdTime>
<generatorID>Gerado pelo usuário</generatorID>
<ownerDesignName>modelo_v03</ownerDesignName>
<engineerTo>
<item key="5717F7DC-5FAE-37A9-1A77-C8C90409988D" value="true"/>
</engineerTo>
<adequatelyNormalized>NO</adequatelyNormalized>
<expectedVolumes>0</expectedVolumes>
<fwdEngineeringStrategyName>Single Table</fwdEngineeringStrategyName>
<growthPercent>0</growthPercent>
<growthType>Year</growthType>
<maxVolumes>9999999</maxVolumes>
<minVolumes>0</minVolumes>
<normalForm>Third</normalForm>
<attributes itemClass="oracle.dbtools.crest.model.design.logical.Attribute">
<Attribute name="cd_comp" id="E59862A9-B95F-1AAC-B53C-3D3117172126">
<createdBy>Marcelo Dias</createdBy>
<createdTime>2015-09-12 18:07:39 UTC</createdTime>
<comment>Este atributo recebe o código da entidade COMPRA,é UID e mandatorio da tabela , tipo de dado é NUMERIC 8.</comment>
<commentInRDBMS>Este atributo recebe o código da entidade COMPRA,é UID e mandatorio da tabela , tipo de dado é NUMERIC 8.</commentInRDBMS>
<generatorID>Gerado pelo usuário</generatorID>
<ownerDesignName>modelo_v03</ownerDesignName>
<engineerTo>
<item key="5717F7DC-5FAE-37A9-1A77-C8C90409988D" value="true"/>
</engineerTo>
<useDomainConstraints>false</useDomainConstraints>
<use>1</use>
<logicalDatatype>LOGDT019</logicalDatatype>
<dataTypePrecision>8</dataTypePrecision>
<ownDataTypeParameters>,8,</ownDataTypeParameters>
</Attribute>
<Attribute name="vl_comp" id="E448D1A2-582A-4AAC-3007-B57B86D37731">
<createdBy>Marcelo Dias</createdBy>
<createdTime>2015-09-12 18:08:08 UTC</createdTime>
<comment>Este atributo recebe o valor da compra da entidade COMPRA,é mandatorio da tabela , tipo de dado é NUMERIC tamanho 7, escala 2.</comment>
<commentInRDBMS>Este atributo recebe o valor da compra da entidade COMPRA,é mandatorio da tabela , tipo de dado é NUMERIC tamanho 7, escala 2.</commentInRDBMS>
<generatorID>Gerado pelo usuário</generatorID>
<ownerDesignName>modelo_v03</ownerDesignName>
<engineerTo>
<item key="5717F7DC-5FAE-37A9-1A77-C8C90409988D" value="true"/>
</engineerTo>
<useDomainConstraints>false</useDomainConstraints>
<use>1</use>
<logicalDatatype>LOGDT019</logicalDatatype>
<dataTypePrecision>7</dataTypePrecision>
<dataTypeScale>2</dataTypeScale>
<ownDataTypeParameters>,7,2</ownDataTypeParameters>
</Attribute>
<Attribute name="dt_comp" id="B4D9A175-EE54-45D2-DC37-96A79EBF8456">
<createdBy>Marcelo Dias</createdBy>
<createdTime>2015-09-12 18:07:54 UTC</createdTime>
<comment>Este atributo recebe a data da compra da entidade COMPRA,é  mandatorio da tabela , tipo de dado é DATE.</comment>
<commentInRDBMS>Este atributo recebe a data da compra da entidade COMPRA,é  mandatorio da tabela , tipo de dado é DATE.</commentInRDBMS>
<generatorID>Gerado pelo usuário</generatorID>
<ownerDesignName>modelo_v03</ownerDesignName>
<engineerTo>
<item key="5717F7DC-5FAE-37A9-1A77-C8C90409988D" value="true"/>
</engineerTo>
<useDomainConstraints>false</useDomainConstraints>
<use>1</use>
<logicalDatatype>LOGDT007</logicalDatatype>
<ownDataTypeParameters>,,</ownDataTypeParameters>
</Attribute>
<Attribute name="cd_func" id="D37ADDD7-1B73-2233-183F-7FBA8D659F19">
<createdBy>Marcelo Dias</createdBy>
<createdTime>2015-09-12 18:40:33 UTC</createdTime>
<generatorID>028F1A41-56C9-E28D-97F2-F55638129A2D</generatorID>
<ownerDesignName>modelo_v03</ownerDesignName>
<engineerTo>
<item key="5717F7DC-5FAE-37A9-1A77-C8C90409988D" value="true"/>
</engineerTo>
<referedAttribute>2FA36524-A060-7F7F-C3C4-39DA8AEB79B3</referedAttribute>
<useDomainConstraints>false</useDomainConstraints>
<use>1</use>
<logicalDatatype>LOGDT019</logicalDatatype>
<dataTypePrecision>5</dataTypePrecision>
<ownDataTypeParameters>,5,</ownDataTypeParameters>
</Attribute>
<Attribute name="cd_forn" id="B49C030E-FC90-C86C-BB45-5B9EFF1C07AD">
<createdBy>Marcelo Dias</createdBy>
<createdTime>2015-09-12 18:12:25 UTC</createdTime>
<generatorID>CD014E7E-EB39-F672-2044-56378FE47198</generatorID>
<ownerDesignName>modelo_v03</ownerDesignName>
<engineerTo>
<item key="5717F7DC-5FAE-37A9-1A77-C8C90409988D" value="true"/>
</engineerTo>
<referedAttribute>F0002FBD-6BC8-355F-240F-8B7649F1E2BA</referedAttribute>
<useDomainConstraints>false</useDomainConstraints>
<use>1</use>
<logicalDatatype>LOGDT019</logicalDatatype>
<dataTypePrecision>4</dataTypePrecision>
<ownDataTypeParameters>,4,</ownDataTypeParameters>
</Attribute>
</attributes>
<identifiers itemClass="oracle.dbtools.crest.model.design.logical.CandidateKey">
<identifier id="4246E58C-D4F4-8CF3-3306-26BCBBD85306" name="{entity} PK">
<createdBy>Marcelo Dias</createdBy>
<createdTime>2015-09-12 18:07:51 UTC</createdTime>
<generatorID>Gerado pelo usuário</generatorID>
<ownerDesignName>modelo_v03</ownerDesignName>
<engineerTo>
<item key="5717F7DC-5FAE-37A9-1A77-C8C90409988D" value="true"/>
</engineerTo>
<pk>true</pk>
<usedAttributes>
<attributeRef>E59862A9-B95F-1AAC-B53C-3D3117172126</attributeRef>
</usedAttributes>
</identifier>
</identifiers>
</Entity>