<?xml version = '1.0' encoding = 'UTF-8'?>
<Entity class="oracle.dbtools.crest.model.design.logical.Entity" directorySegmentName="seg_0" id="FEC21434-330F-BF3E-6DD0-002DE3256F9A" name="SAIDA_ESTOQUE">
<createdBy>Marcelo Dias</createdBy>
<createdTime>2015-09-20 17:22:29 UTC</createdTime>
<generatorID>Gerado pelo usuário</generatorID>
<ownerDesignName>modelo_v03</ownerDesignName>
<engineerTo>
<item key="5717F7DC-5FAE-37A9-1A77-C8C90409988D" value="true"/>
</engineerTo>
<adequatelyNormalized>NO</adequatelyNormalized>
<expectedVolumes>0</expectedVolumes>
<fwdEngineeringStrategyName>Single Table</fwdEngineeringStrategyName>
<growthPercent>0</growthPercent>
<growthType>Year</growthType>
<maxVolumes>9999999</maxVolumes>
<minVolumes>0</minVolumes>
<normalForm>Third</normalForm>
<attributes itemClass="oracle.dbtools.crest.model.design.logical.Attribute">
<Attribute name="cd_said_esto" id="D3364BE5-4B5E-122C-7884-7621C6ACC73C">
<createdBy>Marcelo Dias</createdBy>
<createdTime>2015-09-20 17:22:38 UTC</createdTime>
<comment>Este atributo recebe o código da entidade SAIDA_ESTOQUE,é UID e mandatorio da tabela , tipo de dado é NUMERIC 8.</comment>
<commentInRDBMS>Este atributo recebe o código da entidade SAIDA_ESTOQUE,é UID e mandatorio da tabela , tipo de dado é NUMERIC 8.</commentInRDBMS>
<generatorID>Gerado pelo usuário</generatorID>
<ownerDesignName>modelo_v03</ownerDesignName>
<engineerTo>
<item key="5717F7DC-5FAE-37A9-1A77-C8C90409988D" value="true"/>
</engineerTo>
<useDomainConstraints>false</useDomainConstraints>
<use>1</use>
<logicalDatatype>LOGDT019</logicalDatatype>
<dataTypePrecision>8</dataTypePrecision>
<ownDataTypeParameters>,8,</ownDataTypeParameters>
</Attribute>
<Attribute name="qt_said_esto" id="D81CD66E-F211-509F-769B-088B5E1665B2">
<createdBy>Marcelo Dias</createdBy>
<createdTime>2015-09-20 18:20:12 UTC</createdTime>
<comment>Este atributo recebe o quantidade de itens que sairam do estoque da entidade SAIDA_ESTOQUE,é mandatorio da tabela , tipo de dado é NUMERIC tamanho 5.</comment>
<commentInRDBMS>Este atributo recebe o quantidade de itens que sairam do estoque da entidade SAIDA_ESTOQUE,é mandatorio da tabela , tipo de dado é NUMERIC tamanho 5.</commentInRDBMS>
<generatorID>Gerado pelo usuário</generatorID>
<ownerDesignName>modelo_v03</ownerDesignName>
<engineerTo>
<item key="5717F7DC-5FAE-37A9-1A77-C8C90409988D" value="true"/>
</engineerTo>
<useDomainConstraints>false</useDomainConstraints>
<use>1</use>
<logicalDatatype>LOGDT019</logicalDatatype>
<dataTypePrecision>5</dataTypePrecision>
<ownDataTypeParameters>,5,</ownDataTypeParameters>
</Attribute>
<Attribute name="dt_said_esto" id="F6867903-B59D-F982-AF64-73F33646D8B9">
<createdBy>Marcelo Dias</createdBy>
<createdTime>2015-09-20 17:31:38 UTC</createdTime>
<comment>Este atributo recebe a data da saida do estoque da entidade SAIDA_ESTOQUE,é  mandatorio da tabela , tipo de dado é DATE.</comment>
<commentInRDBMS>Este atributo recebe a data da saida do estoque da entidade SAIDA_ESTOQUE,é  mandatorio da tabela , tipo de dado é DATE.</commentInRDBMS>
<generatorID>Gerado pelo usuário</generatorID>
<ownerDesignName>modelo_v03</ownerDesignName>
<engineerTo>
<item key="5717F7DC-5FAE-37A9-1A77-C8C90409988D" value="true"/>
</engineerTo>
<useDomainConstraints>false</useDomainConstraints>
<use>1</use>
<logicalDatatype>LOGDT007</logicalDatatype>
<ownDataTypeParameters>,,</ownDataTypeParameters>
</Attribute>
<Attribute name="ds_said_esto" id="F24062A4-988C-6AA6-BF0D-E282CE357EFA">
<createdBy>Marcelo Dias</createdBy>
<createdTime>2015-09-20 17:31:55 UTC</createdTime>
<comment>Este atributo recebe a descrição do item/lote  que saiu do estoque entidade SAIDA_ESTOQUE, é um atributo opcional da tabela , tipo de dado é VARCHAR2, tamanho 100.</comment>
<commentInRDBMS>Este atributo recebe a descrição do item/lote  que saiu do estoque entidade SAIDA_ESTOQUE, é um atributo opcional da tabela , tipo de dado é VARCHAR2, tamanho 100.</commentInRDBMS>
<generatorID>Gerado pelo usuário</generatorID>
<ownerDesignName>modelo_v03</ownerDesignName>
<engineerTo>
<item key="5717F7DC-5FAE-37A9-1A77-C8C90409988D" value="true"/>
</engineerTo>
<nullsAllowed>true</nullsAllowed>
<useDomainConstraints>false</useDomainConstraints>
<use>1</use>
<logicalDatatype>LOGDT024</logicalDatatype>
<dataTypeSize>100</dataTypeSize>
<ownDataTypeParameters>100,,</ownDataTypeParameters>
</Attribute>
<Attribute name="cd_esto" id="24175570-F1CF-8F4C-37C9-4115C87C43C7">
<createdBy>Marcelo Dias</createdBy>
<createdTime>2015-09-20 18:04:17 UTC</createdTime>
<generatorID>B5DA5AC6-F9C0-508A-545D-3D56C99D4717</generatorID>
<ownerDesignName>modelo_v03</ownerDesignName>
<engineerTo>
<item key="5717F7DC-5FAE-37A9-1A77-C8C90409988D" value="true"/>
</engineerTo>
<referedAttribute>691DA30B-5A28-7D70-81F7-F5EEF1D3E58D</referedAttribute>
<useDomainConstraints>false</useDomainConstraints>
<use>1</use>
<logicalDatatype>LOGDT019</logicalDatatype>
<dataTypePrecision>8</dataTypePrecision>
<ownDataTypeParameters>,8,</ownDataTypeParameters>
</Attribute>
<Attribute name="cd_vend_item" id="982D394A-63E9-6C0C-DDFA-D295F3A7B6B1">
<createdBy>Marcelo Dias</createdBy>
<createdTime>2015-09-20 17:34:22 UTC</createdTime>
<generatorID>D127DA3C-6CF3-3692-41D6-D52CD2B50FAA</generatorID>
<ownerDesignName>modelo_v03</ownerDesignName>
<engineerTo>
<item key="5717F7DC-5FAE-37A9-1A77-C8C90409988D" value="true"/>
</engineerTo>
<referedAttribute>A3358959-FC26-964E-8205-F1073EE40C71</referedAttribute>
<useDomainConstraints>false</useDomainConstraints>
<use>1</use>
<logicalDatatype>LOGDT019</logicalDatatype>
<dataTypePrecision>8</dataTypePrecision>
<ownDataTypeParameters>,8,</ownDataTypeParameters>
</Attribute>
<Attribute name="cd_vend" id="4649571B-B5C0-3E67-DED5-F4078019D823">
<createdBy>Rm74581</createdBy>
<createdTime>2016-04-26 14:08:12 UTC</createdTime>
<generatorID>D127DA3C-6CF3-3692-41D6-D52CD2B50FAA</generatorID>
<ownerDesignName>modelo_v03</ownerDesignName>
<engineerTo>
<item key="5717F7DC-5FAE-37A9-1A77-C8C90409988D" value="true"/>
</engineerTo>
<referedAttribute>2630B45C-3154-846A-36FB-081A3E2444D6</referedAttribute>
<useDomainConstraints>false</useDomainConstraints>
<use>1</use>
<logicalDatatype>LOGDT019</logicalDatatype>
<dataTypePrecision>8</dataTypePrecision>
<ownDataTypeParameters>,8,</ownDataTypeParameters>
</Attribute>
</attributes>
<identifiers itemClass="oracle.dbtools.crest.model.design.logical.CandidateKey">
<identifier id="B502E900-DE29-C5BC-6A25-91A33D9C6953" name="{entity} PK">
<createdBy>Marcelo Dias</createdBy>
<createdTime>2015-09-20 17:59:42 UTC</createdTime>
<generatorID>Gerado pelo usuário</generatorID>
<ownerDesignName>modelo_v03</ownerDesignName>
<engineerTo>
<item key="5717F7DC-5FAE-37A9-1A77-C8C90409988D" value="true"/>
</engineerTo>
<pk>true</pk>
<usedAttributes>
<attributeRef>D3364BE5-4B5E-122C-7884-7621C6ACC73C</attributeRef>
</usedAttributes>
</identifier>
</identifiers>
</Entity>