<?xml version = '1.0' encoding = 'UTF-8'?>
<Entity class="oracle.dbtools.crest.model.design.logical.Entity" directorySegmentName="seg_0" id="1AFEBCD3-03B2-EA03-0069-81CC0EC8101A" name="FAT_ESTOQUE">
<createdBy>rm74585</createdBy>
<createdTime>2016-03-29 14:36:34 UTC</createdTime>
<ownerDesignName>M_DIMENSIONAL_AM</ownerDesignName>
<engineerTo>
<item key="A715A5C7-207F-7D0A-B55D-A2DB945CE6A6" value="true"/>
</engineerTo>
<adequatelyNormalized>NO</adequatelyNormalized>
<expectedVolumes>0</expectedVolumes>
<fwdEngineeringStrategyName>Single Table</fwdEngineeringStrategyName>
<growthPercent>0</growthPercent>
<growthType>Year</growthType>
<maxVolumes>9999999</maxVolumes>
<minVolumes>0</minVolumes>
<normalForm>Third</normalForm>
<attributes itemClass="oracle.dbtools.crest.model.design.logical.Attribute">
<Attribute name="sk_dim_data" id="09D68912-FE2E-938D-3477-7048DE4CA953">
<createdBy>Gabriel Garcia</createdBy>
<createdTime>2016-05-15 23:19:06 UTC</createdTime>
<generatorID>30B404B0-5274-4CF8-0548-0199D9565231</generatorID>
<ownerDesignName>M_DIMENSIONAL_AM</ownerDesignName>
<engineerTo>
<item key="A715A5C7-207F-7D0A-B55D-A2DB945CE6A6" value="true"/>
</engineerTo>
<referedAttribute>9E672A7B-3F20-B34B-57AE-6816793D1672</referedAttribute>
<useDomainConstraints>false</useDomainConstraints>
<use>1</use>
<logicalDatatype>LOGDT011</logicalDatatype>
<ownDataTypeParameters>,,</ownDataTypeParameters>
</Attribute>
<Attribute name="sk_dim_loja" id="965062D3-75B4-683A-A5FE-B1C67AA607DB">
<createdBy>Gabriel Garcia</createdBy>
<createdTime>2016-05-15 23:19:18 UTC</createdTime>
<generatorID>5E1F592A-4EE1-B0C7-A4CC-9FA57AE33209</generatorID>
<ownerDesignName>M_DIMENSIONAL_AM</ownerDesignName>
<engineerTo>
<item key="A715A5C7-207F-7D0A-B55D-A2DB945CE6A6" value="true"/>
</engineerTo>
<referedAttribute>66358C6A-848C-7B13-EBDE-EC407C97CEF0</referedAttribute>
<useDomainConstraints>false</useDomainConstraints>
<use>1</use>
<logicalDatatype>LOGDT011</logicalDatatype>
<ownDataTypeParameters>,,</ownDataTypeParameters>
</Attribute>
<Attribute name="sk_dim_produto " id="ECFA15F2-DE80-0F7E-9160-7C5C2E187BC9">
<createdBy>Gabriel Garcia</createdBy>
<createdTime>2016-05-15 23:19:31 UTC</createdTime>
<generatorID>AE8FC017-C320-9B6F-B5F3-95BBADB5B4C5</generatorID>
<ownerDesignName>M_DIMENSIONAL_AM</ownerDesignName>
<engineerTo>
<item key="A715A5C7-207F-7D0A-B55D-A2DB945CE6A6" value="true"/>
</engineerTo>
<referedAttribute>D3A61A50-B3F9-1EAD-5DC5-28B6EDB87068</referedAttribute>
<useDomainConstraints>false</useDomainConstraints>
<use>1</use>
<logicalDatatype>LOGDT011</logicalDatatype>
<ownDataTypeParameters>,,</ownDataTypeParameters>
</Attribute>
<Attribute name="qtd_disponivel" id="9CA60B92-3829-0080-2C23-D0434DE17657">
<createdBy>Gabriel Garcia</createdBy>
<createdTime>2016-05-15 23:13:41 UTC</createdTime>
<ownerDesignName>M_DIMENSIONAL_AM</ownerDesignName>
<engineerTo>
<item key="A715A5C7-207F-7D0A-B55D-A2DB945CE6A6" value="true"/>
</engineerTo>
<useDomainConstraints>false</useDomainConstraints>
<use>1</use>
<logicalDatatype>LOGDT019</logicalDatatype>
<dataTypePrecision>5</dataTypePrecision>
<ownDataTypeParameters>,5,</ownDataTypeParameters>
</Attribute>
<Attribute name="qtd_vendida" id="9D2A45EB-37FE-3379-F752-6931D3145C21">
<createdBy>Gabriel Garcia</createdBy>
<createdTime>2016-05-15 23:14:05 UTC</createdTime>
<ownerDesignName>M_DIMENSIONAL_AM</ownerDesignName>
<engineerTo>
<item key="A715A5C7-207F-7D0A-B55D-A2DB945CE6A6" value="true"/>
</engineerTo>
<useDomainConstraints>false</useDomainConstraints>
<use>1</use>
<logicalDatatype>LOGDT019</logicalDatatype>
<dataTypePrecision>5</dataTypePrecision>
<ownDataTypeParameters>,5,</ownDataTypeParameters>
</Attribute>
<Attribute name="vl_custo" id="A27385B8-B6BA-2F26-D342-FB90D096C710">
<createdBy>Gabriel Garcia</createdBy>
<createdTime>2016-05-15 23:14:19 UTC</createdTime>
<ownerDesignName>M_DIMENSIONAL_AM</ownerDesignName>
<engineerTo>
<item key="A715A5C7-207F-7D0A-B55D-A2DB945CE6A6" value="true"/>
</engineerTo>
<useDomainConstraints>false</useDomainConstraints>
<use>1</use>
<logicalDatatype>LOGDT019</logicalDatatype>
<dataTypePrecision>7</dataTypePrecision>
<dataTypeScale>2</dataTypeScale>
<ownDataTypeParameters>,7,2</ownDataTypeParameters>
</Attribute>
<Attribute name="vl_custo_lista" id="05A620F6-376B-3525-55B9-9D87D9525E32">
<createdBy>Gabriel Garcia</createdBy>
<createdTime>2016-05-15 23:14:38 UTC</createdTime>
<ownerDesignName>M_DIMENSIONAL_AM</ownerDesignName>
<engineerTo>
<item key="A715A5C7-207F-7D0A-B55D-A2DB945CE6A6" value="true"/>
</engineerTo>
<useDomainConstraints>false</useDomainConstraints>
<use>1</use>
<logicalDatatype>LOGDT019</logicalDatatype>
<dataTypePrecision>7</dataTypePrecision>
<dataTypeScale>2</dataTypeScale>
<ownDataTypeParameters>,7,2</ownDataTypeParameters>
</Attribute>
<Attribute name="vl_preco" id="61753D82-AFA7-F56D-611C-0C2B7450206D">
<createdBy>Gabriel Garcia</createdBy>
<createdTime>2016-05-15 23:15:21 UTC</createdTime>
<ownerDesignName>M_DIMENSIONAL_AM</ownerDesignName>
<engineerTo>
<item key="A715A5C7-207F-7D0A-B55D-A2DB945CE6A6" value="true"/>
</engineerTo>
<useDomainConstraints>false</useDomainConstraints>
<use>1</use>
<logicalDatatype>LOGDT019</logicalDatatype>
<dataTypePrecision>7</dataTypePrecision>
<dataTypeScale>2</dataTypeScale>
<ownDataTypeParameters>,7,2</ownDataTypeParameters>
</Attribute>
<Attribute name="vl_custo_dolar" id="3C3C9257-B023-D38A-8FA6-A13CC7026AE7">
<createdBy>Gabriel Garcia</createdBy>
<createdTime>2016-05-15 23:15:41 UTC</createdTime>
<ownerDesignName>M_DIMENSIONAL_AM</ownerDesignName>
<engineerTo>
<item key="A715A5C7-207F-7D0A-B55D-A2DB945CE6A6" value="true"/>
</engineerTo>
<useDomainConstraints>false</useDomainConstraints>
<use>1</use>
<logicalDatatype>LOGDT019</logicalDatatype>
<dataTypePrecision>7</dataTypePrecision>
<dataTypeScale>2</dataTypeScale>
<ownDataTypeParameters>,7,2</ownDataTypeParameters>
</Attribute>
<Attribute name="vl_preco_dolar" id="2F1D3CC1-8F89-79CA-D831-5DF0F59ED702">
<createdBy>Gabriel Garcia</createdBy>
<createdTime>2016-05-15 23:16:02 UTC</createdTime>
<ownerDesignName>M_DIMENSIONAL_AM</ownerDesignName>
<engineerTo>
<item key="A715A5C7-207F-7D0A-B55D-A2DB945CE6A6" value="true"/>
</engineerTo>
<useDomainConstraints>false</useDomainConstraints>
<use>1</use>
<logicalDatatype>LOGDT019</logicalDatatype>
<dataTypePrecision>2</dataTypePrecision>
<dataTypeScale>2</dataTypeScale>
<ownDataTypeParameters>,2,2</ownDataTypeParameters>
</Attribute>
<Attribute name="qtd_comprada" id="0AE219D1-8549-390C-C50C-3B5FAE224423">
<createdBy>Gabriel Garcia</createdBy>
<createdTime>2016-05-15 23:16:20 UTC</createdTime>
<ownerDesignName>M_DIMENSIONAL_AM</ownerDesignName>
<engineerTo>
<item key="A715A5C7-207F-7D0A-B55D-A2DB945CE6A6" value="true"/>
</engineerTo>
<useDomainConstraints>false</useDomainConstraints>
<use>1</use>
<logicalDatatype>LOGDT019</logicalDatatype>
<dataTypePrecision>5</dataTypePrecision>
<ownDataTypeParameters>,5,</ownDataTypeParameters>
</Attribute>
<Attribute name="qtd_recebida" id="D5210138-2A26-9EEF-D1FC-7C2170E00457">
<createdBy>Gabriel Garcia</createdBy>
<createdTime>2016-05-15 23:16:40 UTC</createdTime>
<ownerDesignName>M_DIMENSIONAL_AM</ownerDesignName>
<engineerTo>
<item key="A715A5C7-207F-7D0A-B55D-A2DB945CE6A6" value="true"/>
</engineerTo>
<useDomainConstraints>false</useDomainConstraints>
<use>1</use>
<logicalDatatype>LOGDT019</logicalDatatype>
<dataTypePrecision>5</dataTypePrecision>
<ownDataTypeParameters>,5,</ownDataTypeParameters>
</Attribute>
<Attribute name="qtd_inspecionada" id="82E08664-DEFD-9F25-2BCC-F4163CF7C1CD">
<createdBy>Gabriel Garcia</createdBy>
<createdTime>2016-05-15 23:17:02 UTC</createdTime>
<ownerDesignName>M_DIMENSIONAL_AM</ownerDesignName>
<engineerTo>
<item key="A715A5C7-207F-7D0A-B55D-A2DB945CE6A6" value="true"/>
</engineerTo>
<useDomainConstraints>false</useDomainConstraints>
<use>1</use>
<logicalDatatype>LOGDT019</logicalDatatype>
<dataTypePrecision>5</dataTypePrecision>
<ownDataTypeParameters>,5,</ownDataTypeParameters>
</Attribute>
<Attribute name="qtd_aceita" id="2B28B885-BF57-6799-3073-1A611AF59421">
<createdBy>Gabriel Garcia</createdBy>
<createdTime>2016-05-15 23:17:18 UTC</createdTime>
<ownerDesignName>M_DIMENSIONAL_AM</ownerDesignName>
<engineerTo>
<item key="A715A5C7-207F-7D0A-B55D-A2DB945CE6A6" value="true"/>
</engineerTo>
<useDomainConstraints>false</useDomainConstraints>
<use>1</use>
<logicalDatatype>LOGDT019</logicalDatatype>
<dataTypePrecision>5</dataTypePrecision>
<ownDataTypeParameters>,5,</ownDataTypeParameters>
</Attribute>
<Attribute name="qtd_devolvida" id="F1E3C8EC-399F-2EEF-1430-E231CC64C442">
<createdBy>Gabriel Garcia</createdBy>
<createdTime>2016-05-15 23:17:34 UTC</createdTime>
<ownerDesignName>M_DIMENSIONAL_AM</ownerDesignName>
<engineerTo>
<item key="A715A5C7-207F-7D0A-B55D-A2DB945CE6A6" value="true"/>
</engineerTo>
<useDomainConstraints>false</useDomainConstraints>
<use>1</use>
<logicalDatatype>LOGDT019</logicalDatatype>
<dataTypePrecision>5</dataTypePrecision>
<ownDataTypeParameters>,5,</ownDataTypeParameters>
</Attribute>
<Attribute name="qtd_vencida" id="7A2205B7-A56E-C8B6-101E-60EC4D7568B4">
<createdBy>Gabriel Garcia</createdBy>
<createdTime>2016-05-15 23:17:56 UTC</createdTime>
<ownerDesignName>M_DIMENSIONAL_AM</ownerDesignName>
<engineerTo>
<item key="A715A5C7-207F-7D0A-B55D-A2DB945CE6A6" value="true"/>
</engineerTo>
<useDomainConstraints>false</useDomainConstraints>
<use>1</use>
<logicalDatatype>LOGDT019</logicalDatatype>
<dataTypePrecision>5</dataTypePrecision>
<ownDataTypeParameters>,5,</ownDataTypeParameters>
</Attribute>
<Attribute name="qtd_removida_vencimento" id="5CD0571F-A41D-1902-D94A-6E302300CF5D">
<createdBy>Gabriel Garcia</createdBy>
<createdTime>2016-05-15 23:18:25 UTC</createdTime>
<ownerDesignName>M_DIMENSIONAL_AM</ownerDesignName>
<engineerTo>
<item key="A715A5C7-207F-7D0A-B55D-A2DB945CE6A6" value="true"/>
</engineerTo>
<useDomainConstraints>false</useDomainConstraints>
<use>1</use>
<logicalDatatype>LOGDT019</logicalDatatype>
<dataTypePrecision>5</dataTypePrecision>
<ownDataTypeParameters>,5,</ownDataTypeParameters>
</Attribute>
<Attribute name="Outros" id="92E3263A-DD49-32ED-0547-ED83153E99BA">
<createdBy>Gabriel Garcia</createdBy>
<createdTime>2016-05-15 23:18:41 UTC</createdTime>
<ownerDesignName>M_DIMENSIONAL_AM</ownerDesignName>
<engineerTo>
<item key="A715A5C7-207F-7D0A-B55D-A2DB945CE6A6" value="true"/>
</engineerTo>
<nullsAllowed>true</nullsAllowed>
<useDomainConstraints>false</useDomainConstraints>
<use>1</use>
<logicalDatatype>LOGDT040</logicalDatatype>
<ownDataTypeParameters>,,</ownDataTypeParameters>
</Attribute>
</attributes>
<identifiers itemClass="oracle.dbtools.crest.model.design.logical.CandidateKey">
<identifier id="D4E64E57-1C3E-9082-0979-2E53D15F863F" name="FAT_ESTOQUE PK">
<createdBy>rm74585</createdBy>
<createdTime>2016-03-29 14:37:43 UTC</createdTime>
<ownerDesignName>M_DIMENSIONAL_AM</ownerDesignName>
<engineerTo>
<item key="A715A5C7-207F-7D0A-B55D-A2DB945CE6A6" value="true"/>
</engineerTo>
<pk>true</pk>
<usedAttributes>
<attributeRef>09D68912-FE2E-938D-3477-7048DE4CA953</attributeRef>
<attributeRef>965062D3-75B4-683A-A5FE-B1C67AA607DB</attributeRef>
<attributeRef>ECFA15F2-DE80-0F7E-9160-7C5C2E187BC9</attributeRef>
</usedAttributes>
</identifier>
</identifiers>
</Entity>