<?xml version = '1.0' encoding = 'UTF-8'?>
<Entity class="oracle.dbtools.crest.model.design.logical.Entity" directorySegmentName="seg_0" id="3495F01E-64A6-E8A4-7093-FA23375B9976" name="FAT_VENDA">
<createdBy>rm74585</createdBy>
<createdTime>2016-03-29 14:41:03 UTC</createdTime>
<ownerDesignName>M_DIMENSIONAL_AM</ownerDesignName>
<engineerTo>
<item key="A715A5C7-207F-7D0A-B55D-A2DB945CE6A6" value="true"/>
</engineerTo>
<adequatelyNormalized>NO</adequatelyNormalized>
<expectedVolumes>0</expectedVolumes>
<fwdEngineeringStrategyName>Single Table</fwdEngineeringStrategyName>
<growthPercent>0</growthPercent>
<growthType>Year</growthType>
<maxVolumes>9999999</maxVolumes>
<minVolumes>0</minVolumes>
<normalForm>Third</normalForm>
<attributes itemClass="oracle.dbtools.crest.model.design.logical.Attribute">
<Attribute name="sk_dim_loja" id="7EEF4D44-07BF-F41A-EEBD-AF3908BBB7A2">
<createdBy>rm74585</createdBy>
<createdTime>2016-03-29 14:44:31 UTC</createdTime>
<generatorID>386D6989-C466-68B1-63F4-74D57453AA18</generatorID>
<ownerDesignName>M_DIMENSIONAL_AM</ownerDesignName>
<engineerTo>
<item key="A715A5C7-207F-7D0A-B55D-A2DB945CE6A6" value="true"/>
</engineerTo>
<referedAttribute>66358C6A-848C-7B13-EBDE-EC407C97CEF0</referedAttribute>
<useDomainConstraints>false</useDomainConstraints>
<use>1</use>
<logicalDatatype>LOGDT011</logicalDatatype>
<ownDataTypeParameters>,,</ownDataTypeParameters>
</Attribute>
<Attribute name="sk_dim_cliente" id="A9D38000-7F3B-4C9B-4557-30856F5F5903">
<createdBy>Gabriel Garcia</createdBy>
<createdTime>2016-05-15 22:52:34 UTC</createdTime>
<generatorID>0B93C8F8-6CB2-41D2-62B6-0EE071C0788D</generatorID>
<ownerDesignName>M_DIMENSIONAL_AM</ownerDesignName>
<engineerTo>
<item key="A715A5C7-207F-7D0A-B55D-A2DB945CE6A6" value="true"/>
</engineerTo>
<referedAttribute>498CFE90-FB8B-0125-A362-3BBECD530B43</referedAttribute>
<useDomainConstraints>false</useDomainConstraints>
<use>1</use>
<logicalDatatype>LOGDT011</logicalDatatype>
<ownDataTypeParameters>,,</ownDataTypeParameters>
</Attribute>
<Attribute name="sk_dim_promocao" id="F8FAAA56-3ADB-DC95-D785-F40A353D6BEC">
<createdBy>Gabriel Garcia</createdBy>
<createdTime>2016-05-15 22:52:48 UTC</createdTime>
<generatorID>C39AA469-D909-5B05-6C4E-7172B1F18BFB</generatorID>
<ownerDesignName>M_DIMENSIONAL_AM</ownerDesignName>
<engineerTo>
<item key="A715A5C7-207F-7D0A-B55D-A2DB945CE6A6" value="true"/>
</engineerTo>
<referedAttribute>987ACFB2-49B4-39AD-6695-268D865BB40D</referedAttribute>
<useDomainConstraints>false</useDomainConstraints>
<use>1</use>
<logicalDatatype>LOGDT011</logicalDatatype>
<ownDataTypeParameters>,,</ownDataTypeParameters>
</Attribute>
<Attribute name="sk_dim_data" id="AB6B723B-AE9E-C426-F452-6F7F2793107C">
<createdBy>Gabriel Garcia</createdBy>
<createdTime>2016-05-15 22:53:13 UTC</createdTime>
<generatorID>A56676FF-4938-EEAA-EE34-509006259801</generatorID>
<ownerDesignName>M_DIMENSIONAL_AM</ownerDesignName>
<engineerTo>
<item key="A715A5C7-207F-7D0A-B55D-A2DB945CE6A6" value="true"/>
</engineerTo>
<referedAttribute>9E672A7B-3F20-B34B-57AE-6816793D1672</referedAttribute>
<useDomainConstraints>false</useDomainConstraints>
<use>1</use>
<logicalDatatype>LOGDT011</logicalDatatype>
<ownDataTypeParameters>,,</ownDataTypeParameters>
</Attribute>
<Attribute name="sk_dim_funcionario" id="D509ED34-CE10-87E0-9E0A-B857CF53FEA7">
<createdBy>Gabriel Garcia</createdBy>
<createdTime>2016-05-15 22:53:27 UTC</createdTime>
<generatorID>80E63F1C-06D3-8D31-1951-6E2C9D3F57EA</generatorID>
<ownerDesignName>M_DIMENSIONAL_AM</ownerDesignName>
<engineerTo>
<item key="A715A5C7-207F-7D0A-B55D-A2DB945CE6A6" value="true"/>
</engineerTo>
<referedAttribute>CBA21E7B-E11C-6DCC-2C28-72C5CF4C53D7</referedAttribute>
<useDomainConstraints>false</useDomainConstraints>
<use>1</use>
<logicalDatatype>LOGDT011</logicalDatatype>
<ownDataTypeParameters>,,</ownDataTypeParameters>
</Attribute>
<Attribute name="sk_dim_produto " id="73EC9C17-970C-DBED-CD69-B57E90FB1B85">
<createdBy>Gabriel Garcia</createdBy>
<createdTime>2016-05-15 22:53:54 UTC</createdTime>
<generatorID>E7CC2EFF-A7AF-A2D9-04C0-51385A11644D</generatorID>
<ownerDesignName>M_DIMENSIONAL_AM</ownerDesignName>
<engineerTo>
<item key="A715A5C7-207F-7D0A-B55D-A2DB945CE6A6" value="true"/>
</engineerTo>
<referedAttribute>D3A61A50-B3F9-1EAD-5DC5-28B6EDB87068</referedAttribute>
<useDomainConstraints>false</useDomainConstraints>
<use>1</use>
<logicalDatatype>LOGDT011</logicalDatatype>
<ownDataTypeParameters>,,</ownDataTypeParameters>
</Attribute>
<Attribute name="qtd_venda" id="6BD8B544-2A93-54B8-864F-9F2DF5FCCCA1">
<createdBy>Gabriel Garcia</createdBy>
<createdTime>2016-05-15 22:54:22 UTC</createdTime>
<ownerDesignName>M_DIMENSIONAL_AM</ownerDesignName>
<engineerTo>
<item key="A715A5C7-207F-7D0A-B55D-A2DB945CE6A6" value="true"/>
</engineerTo>
<useDomainConstraints>false</useDomainConstraints>
<use>1</use>
<logicalDatatype>LOGDT019</logicalDatatype>
<dataTypePrecision>7</dataTypePrecision>
<dataTypeScale>2</dataTypeScale>
<ownDataTypeParameters>,7,2</ownDataTypeParameters>
</Attribute>
<Attribute name="vl_preco_unitario" id="A6DD04B1-263B-4EA7-F09A-1941F0C6A89A">
<createdBy>Gabriel Garcia</createdBy>
<createdTime>2016-05-15 22:54:37 UTC</createdTime>
<ownerDesignName>M_DIMENSIONAL_AM</ownerDesignName>
<engineerTo>
<item key="A715A5C7-207F-7D0A-B55D-A2DB945CE6A6" value="true"/>
</engineerTo>
<useDomainConstraints>false</useDomainConstraints>
<use>1</use>
<logicalDatatype>LOGDT019</logicalDatatype>
<dataTypePrecision>7</dataTypePrecision>
<dataTypeScale>2</dataTypeScale>
<ownDataTypeParameters>,7,2</ownDataTypeParameters>
</Attribute>
<Attribute name="vl_custo_unitario" id="96689D2E-64C9-7C4E-6091-01C40FCCF343">
<createdBy>Gabriel Garcia</createdBy>
<createdTime>2016-05-15 22:54:51 UTC</createdTime>
<ownerDesignName>M_DIMENSIONAL_AM</ownerDesignName>
<engineerTo>
<item key="A715A5C7-207F-7D0A-B55D-A2DB945CE6A6" value="true"/>
</engineerTo>
<useDomainConstraints>false</useDomainConstraints>
<use>1</use>
<logicalDatatype>LOGDT019</logicalDatatype>
<dataTypePrecision>7</dataTypePrecision>
<dataTypeScale>2</dataTypeScale>
<ownDataTypeParameters>,7,2</ownDataTypeParameters>
</Attribute>
<Attribute name="vl_desconto_unitario" id="9F2D84C2-7468-4934-9E6C-0A70F6002F54">
<createdBy>Gabriel Garcia</createdBy>
<createdTime>2016-05-15 22:55:02 UTC</createdTime>
<ownerDesignName>M_DIMENSIONAL_AM</ownerDesignName>
<engineerTo>
<item key="A715A5C7-207F-7D0A-B55D-A2DB945CE6A6" value="true"/>
</engineerTo>
<useDomainConstraints>false</useDomainConstraints>
<use>1</use>
<logicalDatatype>LOGDT019</logicalDatatype>
<dataTypePrecision>7</dataTypePrecision>
<dataTypeScale>2</dataTypeScale>
<ownDataTypeParameters>,7,2</ownDataTypeParameters>
</Attribute>
<Attribute name="vl_total_preco" id="0FA0C092-B4EE-ED11-C315-5DDDEBF8010D">
<createdBy>Gabriel Garcia</createdBy>
<createdTime>2016-05-15 22:55:23 UTC</createdTime>
<ownerDesignName>M_DIMENSIONAL_AM</ownerDesignName>
<engineerTo>
<item key="A715A5C7-207F-7D0A-B55D-A2DB945CE6A6" value="true"/>
</engineerTo>
<useDomainConstraints>false</useDomainConstraints>
<use>1</use>
<logicalDatatype>LOGDT019</logicalDatatype>
<dataTypePrecision>7</dataTypePrecision>
<dataTypeScale>2</dataTypeScale>
<ownDataTypeParameters>,7,2</ownDataTypeParameters>
</Attribute>
<Attribute name="vl_total_custo" id="85747D7B-BCCA-CE13-FB0C-4F22B950FFBD">
<createdBy>Gabriel Garcia</createdBy>
<createdTime>2016-05-15 22:55:46 UTC</createdTime>
<ownerDesignName>M_DIMENSIONAL_AM</ownerDesignName>
<engineerTo>
<item key="A715A5C7-207F-7D0A-B55D-A2DB945CE6A6" value="true"/>
</engineerTo>
<useDomainConstraints>false</useDomainConstraints>
<use>1</use>
<logicalDatatype>LOGDT019</logicalDatatype>
<dataTypePrecision>7</dataTypePrecision>
<dataTypeScale>2</dataTypeScale>
<ownDataTypeParameters>,7,2</ownDataTypeParameters>
</Attribute>
<Attribute name="vl_total_desconto" id="8EF690E6-6418-5A29-4627-4AE4CBB58BB9">
<createdBy>Gabriel Garcia</createdBy>
<createdTime>2016-05-15 22:56:00 UTC</createdTime>
<ownerDesignName>M_DIMENSIONAL_AM</ownerDesignName>
<engineerTo>
<item key="A715A5C7-207F-7D0A-B55D-A2DB945CE6A6" value="true"/>
</engineerTo>
<useDomainConstraints>false</useDomainConstraints>
<use>1</use>
<logicalDatatype>LOGDT019</logicalDatatype>
<dataTypePrecision>7</dataTypePrecision>
<dataTypeScale>2</dataTypeScale>
<ownDataTypeParameters>,7,2</ownDataTypeParameters>
</Attribute>
<Attribute name="vl_total_imposto" id="A94879CC-F71D-6580-B74E-4F30D90DCC32">
<createdBy>Gabriel Garcia</createdBy>
<createdTime>2016-05-15 22:56:14 UTC</createdTime>
<ownerDesignName>M_DIMENSIONAL_AM</ownerDesignName>
<engineerTo>
<item key="A715A5C7-207F-7D0A-B55D-A2DB945CE6A6" value="true"/>
</engineerTo>
<useDomainConstraints>false</useDomainConstraints>
<use>1</use>
<logicalDatatype>LOGDT019</logicalDatatype>
<dataTypePrecision>7</dataTypePrecision>
<dataTypeScale>2</dataTypeScale>
<ownDataTypeParameters>,7,2</ownDataTypeParameters>
</Attribute>
<Attribute name="vl_lucro_bruto" id="231D62FA-DF63-6940-581C-B9FF1BF734FB">
<createdBy>Gabriel Garcia</createdBy>
<createdTime>2016-05-15 22:56:31 UTC</createdTime>
<ownerDesignName>M_DIMENSIONAL_AM</ownerDesignName>
<engineerTo>
<item key="A715A5C7-207F-7D0A-B55D-A2DB945CE6A6" value="true"/>
</engineerTo>
<useDomainConstraints>false</useDomainConstraints>
<use>1</use>
<logicalDatatype>LOGDT019</logicalDatatype>
<dataTypePrecision>7</dataTypePrecision>
<dataTypeScale>2</dataTypeScale>
<ownDataTypeParameters>,7,2</ownDataTypeParameters>
</Attribute>
<Attribute name="Outros" id="9032C449-944E-8F26-6908-6FABB0B6F24C">
<createdBy>Gabriel Garcia</createdBy>
<createdTime>2016-05-15 22:56:42 UTC</createdTime>
<ownerDesignName>M_DIMENSIONAL_AM</ownerDesignName>
<engineerTo>
<item key="A715A5C7-207F-7D0A-B55D-A2DB945CE6A6" value="true"/>
</engineerTo>
<nullsAllowed>true</nullsAllowed>
<useDomainConstraints>false</useDomainConstraints>
<use>1</use>
<logicalDatatype>LOGDT040</logicalDatatype>
<ownDataTypeParameters>,,</ownDataTypeParameters>
</Attribute>
</attributes>
<identifiers itemClass="oracle.dbtools.crest.model.design.logical.CandidateKey">
<identifier id="38F48D74-B741-9970-522C-6EB795A3DB5A" name="FAT_VENDA PK">
<createdBy>rm74585</createdBy>
<createdTime>2016-03-29 14:41:23 UTC</createdTime>
<ownerDesignName>M_DIMENSIONAL_AM</ownerDesignName>
<engineerTo>
<item key="A715A5C7-207F-7D0A-B55D-A2DB945CE6A6" value="true"/>
</engineerTo>
<pk>true</pk>
<usedAttributes>
<attributeRef>A9D38000-7F3B-4C9B-4557-30856F5F5903</attributeRef>
<attributeRef>F8FAAA56-3ADB-DC95-D785-F40A353D6BEC</attributeRef>
<attributeRef>AB6B723B-AE9E-C426-F452-6F7F2793107C</attributeRef>
<attributeRef>D509ED34-CE10-87E0-9E0A-B857CF53FEA7</attributeRef>
<attributeRef>73EC9C17-970C-DBED-CD69-B57E90FB1B85</attributeRef>
</usedAttributes>
</identifier>
</identifiers>
</Entity>