<?xml version = '1.0' encoding = 'UTF-8'?>
<Entity class="oracle.dbtools.crest.model.design.logical.Entity" directorySegmentName="seg_0" id="4B535D2C-989F-0370-4FDB-7A1105F16612" name="DIM_DATA">
<createdBy>rm74585</createdBy>
<createdTime>2016-03-29 14:18:03 UTC</createdTime>
<ownerDesignName>M_DIMENSIONAL_AM</ownerDesignName>
<engineerTo>
<item key="A715A5C7-207F-7D0A-B55D-A2DB945CE6A6" value="true"/>
</engineerTo>
<adequatelyNormalized>NO</adequatelyNormalized>
<expectedVolumes>0</expectedVolumes>
<fwdEngineeringStrategyName>Single Table</fwdEngineeringStrategyName>
<growthPercent>0</growthPercent>
<growthType>Year</growthType>
<maxVolumes>9999999</maxVolumes>
<minVolumes>0</minVolumes>
<normalForm>Third</normalForm>
<attributes itemClass="oracle.dbtools.crest.model.design.logical.Attribute">
<Attribute name="sk_dim_data" id="9E672A7B-3F20-B34B-57AE-6816793D1672">
<createdBy>rm74585</createdBy>
<createdTime>2016-03-29 14:18:05 UTC</createdTime>
<ownerDesignName>M_DIMENSIONAL_AM</ownerDesignName>
<engineerTo>
<item key="A715A5C7-207F-7D0A-B55D-A2DB945CE6A6" value="true"/>
</engineerTo>
<useDomainConstraints>false</useDomainConstraints>
<use>1</use>
<logicalDatatype>LOGDT011</logicalDatatype>
<ownDataTypeParameters>,,</ownDataTypeParameters>
</Attribute>
<Attribute name="ano " id="09DC45EE-16A4-7E6B-C6AF-7CD60E5B1BA0">
<createdBy>rm74585</createdBy>
<createdTime>2016-03-29 14:18:34 UTC</createdTime>
<comment>Ano da data em questão (ex: 2012)</comment>
<ownerDesignName>M_DIMENSIONAL_AM</ownerDesignName>
<engineerTo>
<item key="A715A5C7-207F-7D0A-B55D-A2DB945CE6A6" value="true"/>
</engineerTo>
<useDomainConstraints>false</useDomainConstraints>
<use>1</use>
<logicalDatatype>LOGDT018</logicalDatatype>
<ownDataTypeParameters>,,</ownDataTypeParameters>
</Attribute>
<Attribute name="mes" id="F4A6B668-D3B8-AF63-55E9-13F3EDAC4209">
<createdBy>rm74585</createdBy>
<createdTime>2016-03-29 14:18:52 UTC</createdTime>
<comment>Mês da data em questão (ex: 1)</comment>
<ownerDesignName>M_DIMENSIONAL_AM</ownerDesignName>
<engineerTo>
<item key="A715A5C7-207F-7D0A-B55D-A2DB945CE6A6" value="true"/>
</engineerTo>
<useDomainConstraints>false</useDomainConstraints>
<use>1</use>
<logicalDatatype>LOGDT018</logicalDatatype>
<ownDataTypeParameters>,,</ownDataTypeParameters>
</Attribute>
<Attribute name="dia" id="9318F97A-6BFE-46D3-9B22-3C5C874DA30E">
<createdBy>rm74585</createdBy>
<createdTime>2016-03-29 14:18:54 UTC</createdTime>
<comment>Dia da data em questão (ex: 1)</comment>
<ownerDesignName>M_DIMENSIONAL_AM</ownerDesignName>
<engineerTo>
<item key="A715A5C7-207F-7D0A-B55D-A2DB945CE6A6" value="true"/>
</engineerTo>
<useDomainConstraints>false</useDomainConstraints>
<use>1</use>
<logicalDatatype>LOGDT018</logicalDatatype>
<ownDataTypeParameters>,,</ownDataTypeParameters>
</Attribute>
<Attribute name="dia_semana " id="D50ACD67-53D6-94BA-2E07-89EA82098B65">
<createdBy>rm74585</createdBy>
<createdTime>2016-03-29 14:18:54 UTC</createdTime>
<comment>Dia da semana em que a data ocorreu: 1- Domingo; 2- Segunda; 3- Terça; 4- Quarta; 5- Quinta; 6- Sexta; e 7- Sábado</comment>
<ownerDesignName>M_DIMENSIONAL_AM</ownerDesignName>
<engineerTo>
<item key="A715A5C7-207F-7D0A-B55D-A2DB945CE6A6" value="true"/>
</engineerTo>
<useDomainConstraints>false</useDomainConstraints>
<use>1</use>
<logicalDatatype>LOGDT018</logicalDatatype>
<ownDataTypeParameters>,,</ownDataTypeParameters>
</Attribute>
<Attribute name="dia_ano" id="80E0A042-45D1-A747-4065-CBE691D0B300">
<createdBy>rm74585</createdBy>
<createdTime>2016-03-29 14:18:55 UTC</createdTime>
<comment>Dia do ano contado a partir do dia 01/01. Exemplo: 01/02 é o 32º dia do ano</comment>
<ownerDesignName>M_DIMENSIONAL_AM</ownerDesignName>
<engineerTo>
<item key="A715A5C7-207F-7D0A-B55D-A2DB945CE6A6" value="true"/>
</engineerTo>
<useDomainConstraints>false</useDomainConstraints>
<use>1</use>
<logicalDatatype>LOGDT018</logicalDatatype>
<ownDataTypeParameters>,,</ownDataTypeParameters>
</Attribute>
<Attribute name="ano_bissexto" id="5585B00D-002C-67AC-DDE7-B53829BEBA18">
<createdBy>rm74585</createdBy>
<createdTime>2016-03-29 14:18:55 UTC</createdTime>
<comment>“S” para Ano Bissexto (ex: 2012) e “N” para Ano não Bissexto (ex: 2011)</comment>
<ownerDesignName>M_DIMENSIONAL_AM</ownerDesignName>
<engineerTo>
<item key="A715A5C7-207F-7D0A-B55D-A2DB945CE6A6" value="true"/>
</engineerTo>
<useDomainConstraints>false</useDomainConstraints>
<use>1</use>
<logicalDatatype>LOGDT025</logicalDatatype>
<dataTypeSize>1</dataTypeSize>
<ownDataTypeParameters>1,,</ownDataTypeParameters>
</Attribute>
<Attribute name="dia_util" id="09981558-684B-17D8-C1A8-9D4CE798DC9D">
<createdBy>rm74585</createdBy>
<createdTime>2016-03-29 14:18:55 UTC</createdTime>
<comment>“S” para dias úteis e “N” para feriados e fim de semana</comment>
<ownerDesignName>M_DIMENSIONAL_AM</ownerDesignName>
<engineerTo>
<item key="A715A5C7-207F-7D0A-B55D-A2DB945CE6A6" value="true"/>
</engineerTo>
<useDomainConstraints>false</useDomainConstraints>
<use>1</use>
<logicalDatatype>LOGDT025</logicalDatatype>
<dataTypeSize>1</dataTypeSize>
<ownDataTypeParameters>1,,</ownDataTypeParameters>
</Attribute>
<Attribute name="fim_semana " id="463ABDBB-6D73-AAD2-FCD8-7351903CED18">
<createdBy>rm74585</createdBy>
<createdTime>2016-03-29 14:18:56 UTC</createdTime>
<comment>“S” para fim de semana (sábado ou domingo) e “N” para os demais dias</comment>
<ownerDesignName>M_DIMENSIONAL_AM</ownerDesignName>
<engineerTo>
<item key="A715A5C7-207F-7D0A-B55D-A2DB945CE6A6" value="true"/>
</engineerTo>
<useDomainConstraints>false</useDomainConstraints>
<use>1</use>
<logicalDatatype>LOGDT025</logicalDatatype>
<dataTypeSize>1</dataTypeSize>
<ownDataTypeParameters>1,,</ownDataTypeParameters>
</Attribute>
<Attribute name="feriado" id="5FDADA34-B22E-EF69-73AE-EE11A60C5A3E">
<createdBy>rm74585</createdBy>
<createdTime>2016-03-29 14:20:44 UTC</createdTime>
<comment>“S” para quando a data for feriado (ex: 01/01/2012) e “N” para quando não for (ex: 02/01/2012)</comment>
<ownerDesignName>M_DIMENSIONAL_AM</ownerDesignName>
<engineerTo>
<item key="A715A5C7-207F-7D0A-B55D-A2DB945CE6A6" value="true"/>
</engineerTo>
<useDomainConstraints>false</useDomainConstraints>
<use>1</use>
<logicalDatatype>LOGDT025</logicalDatatype>
<dataTypeSize>1</dataTypeSize>
<ownDataTypeParameters>1,,</ownDataTypeParameters>
</Attribute>
<Attribute name="vesp_feriado " id="A8CC88F7-57B3-2422-B07B-C9DB338A4260">
<createdBy>rm74585</createdBy>
<createdTime>2016-03-29 14:20:54 UTC</createdTime>
<comment>“S” para quando a data for véspera de feriado (ex: 31/12/2011) e “N” para quando não for (ex: 01/01/2012)</comment>
<ownerDesignName>M_DIMENSIONAL_AM</ownerDesignName>
<engineerTo>
<item key="A715A5C7-207F-7D0A-B55D-A2DB945CE6A6" value="true"/>
</engineerTo>
<useDomainConstraints>false</useDomainConstraints>
<use>1</use>
<logicalDatatype>LOGDT025</logicalDatatype>
<dataTypeSize>1</dataTypeSize>
<ownDataTypeParameters>1,,</ownDataTypeParameters>
</Attribute>
<Attribute name="pos_feriado" id="147A0F12-FD4D-558F-BF0D-ADD89EF2B6C5">
<createdBy>rm74585</createdBy>
<createdTime>2016-03-29 14:21:42 UTC</createdTime>
<comment>“S” para quando a data ocorrer após um feriado (ex: 02/01/2012) e “N” para quando não for (ex: 03/01/2012)</comment>
<ownerDesignName>M_DIMENSIONAL_AM</ownerDesignName>
<engineerTo>
<item key="A715A5C7-207F-7D0A-B55D-A2DB945CE6A6" value="true"/>
</engineerTo>
<useDomainConstraints>false</useDomainConstraints>
<use>1</use>
<logicalDatatype>LOGDT025</logicalDatatype>
<ownDataTypeParameters>,,</ownDataTypeParameters>
</Attribute>
<Attribute name="nome_feriado " id="59F75EF5-D7C9-967A-8D0B-F5CA6F9079FB">
<createdBy>rm74585</createdBy>
<createdTime>2016-03-29 14:21:58 UTC</createdTime>
<comment>Nome do feriado. Ex. 01/01 – Confraternização Universal; 25/12- Natal</comment>
<ownerDesignName>M_DIMENSIONAL_AM</ownerDesignName>
<engineerTo>
<item key="A715A5C7-207F-7D0A-B55D-A2DB945CE6A6" value="true"/>
</engineerTo>
<useDomainConstraints>false</useDomainConstraints>
<use>1</use>
<logicalDatatype>LOGDT024</logicalDatatype>
<dataTypeSize>100</dataTypeSize>
<ownDataTypeParameters>100,,</ownDataTypeParameters>
</Attribute>
<Attribute name="nome_dia_semana " id="617386D5-6842-4739-8C53-2BB95EEAEDD9">
<createdBy>rm74585</createdBy>
<createdTime>2016-03-29 14:22:16 UTC</createdTime>
<comment>Nome do Dia da Semana em que a data ocorreu: domingo, segunda-feira, terça-feira, quarta-feira, quinta-feira, sexta-feira e sábado</comment>
<ownerDesignName>M_DIMENSIONAL_AM</ownerDesignName>
<engineerTo>
<item key="A715A5C7-207F-7D0A-B55D-A2DB945CE6A6" value="true"/>
</engineerTo>
<useDomainConstraints>false</useDomainConstraints>
<use>1</use>
<logicalDatatype>LOGDT024</logicalDatatype>
<dataTypeSize>30</dataTypeSize>
<ownDataTypeParameters>30,,</ownDataTypeParameters>
</Attribute>
<Attribute name="nome_dia_semana_abrev" id="FCAA7B39-D8C7-5279-4E2B-4FA79AA87273">
<createdBy>rm74585</createdBy>
<createdTime>2016-03-29 14:22:34 UTC</createdTime>
<comment>Nome do Dia da Semana em 3 letras: dom, seg, ter, qua, qui, sex e sáb</comment>
<ownerDesignName>M_DIMENSIONAL_AM</ownerDesignName>
<engineerTo>
<item key="A715A5C7-207F-7D0A-B55D-A2DB945CE6A6" value="true"/>
</engineerTo>
<useDomainConstraints>false</useDomainConstraints>
<use>1</use>
<logicalDatatype>LOGDT024</logicalDatatype>
<dataTypeSize>15</dataTypeSize>
<ownDataTypeParameters>15,,</ownDataTypeParameters>
</Attribute>
<Attribute name="quinzena " id="1CA54B9A-7940-A371-784E-A684E1548363">
<createdBy>rm74585</createdBy>
<createdTime>2016-03-29 14:22:48 UTC</createdTime>
<comment>Quinzena do mês onde a data ocorreu. “1″ para os dias 1º a 15 e “2″ para os dias 16 a 31.</comment>
<ownerDesignName>M_DIMENSIONAL_AM</ownerDesignName>
<engineerTo>
<item key="A715A5C7-207F-7D0A-B55D-A2DB945CE6A6" value="true"/>
</engineerTo>
<useDomainConstraints>false</useDomainConstraints>
<use>1</use>
<logicalDatatype>LOGDT018</logicalDatatype>
<ownDataTypeParameters>,,</ownDataTypeParameters>
</Attribute>
<Attribute name="bimestre " id="AD0C9EE3-12E5-53EC-F5E5-C3ACBEA1CFDA">
<createdBy>rm74585</createdBy>
<createdTime>2016-03-29 14:22:57 UTC</createdTime>
<comment>Bimestre do ano onde a data ocorreu. “1″ para os meses 1 e 2, “2″ para 3 e 4 e assim sucessivamente</comment>
<ownerDesignName>M_DIMENSIONAL_AM</ownerDesignName>
<engineerTo>
<item key="A715A5C7-207F-7D0A-B55D-A2DB945CE6A6" value="true"/>
</engineerTo>
<useDomainConstraints>false</useDomainConstraints>
<use>1</use>
<logicalDatatype>LOGDT018</logicalDatatype>
<ownDataTypeParameters>,,</ownDataTypeParameters>
</Attribute>
<Attribute name="trimestre " id="CA8E7AEC-1082-1BAA-0E53-C5A398DAAFA6">
<createdBy>rm74585</createdBy>
<createdTime>2016-03-29 14:23:07 UTC</createdTime>
<comment>Trimestre do ano onde a data ocorreu. “1″ para os meses 1 a 3, “2″ para 4 a 6 e assim sucessivamente</comment>
<ownerDesignName>M_DIMENSIONAL_AM</ownerDesignName>
<engineerTo>
<item key="A715A5C7-207F-7D0A-B55D-A2DB945CE6A6" value="true"/>
</engineerTo>
<useDomainConstraints>false</useDomainConstraints>
<use>1</use>
<logicalDatatype>LOGDT018</logicalDatatype>
<ownDataTypeParameters>,,</ownDataTypeParameters>
</Attribute>
<Attribute name="semestre   " id="35ECA72E-0A41-2733-D9BF-F5608F9284DA">
<createdBy>rm74585</createdBy>
<createdTime>2016-03-29 14:23:17 UTC</createdTime>
<comment>Semestre do ano onde a data ocorreu. “1″ para os meses 1 a 6 e “2″ para os meses 7 a 12</comment>
<ownerDesignName>M_DIMENSIONAL_AM</ownerDesignName>
<engineerTo>
<item key="A715A5C7-207F-7D0A-B55D-A2DB945CE6A6" value="true"/>
</engineerTo>
<useDomainConstraints>false</useDomainConstraints>
<use>1</use>
<logicalDatatype>LOGDT018</logicalDatatype>
<ownDataTypeParameters>,,</ownDataTypeParameters>
</Attribute>
<Attribute name="numero_semana_mes " id="A44CE741-9B7B-544F-6C3B-08E33FC4F50C">
<createdBy>rm74585</createdBy>
<createdTime>2016-03-29 14:23:28 UTC</createdTime>
<comment>Número da semana do mês onde a data ocorreu. Ex: 17/01/2012 ocorreu na semana 3 do mês</comment>
<ownerDesignName>M_DIMENSIONAL_AM</ownerDesignName>
<engineerTo>
<item key="A715A5C7-207F-7D0A-B55D-A2DB945CE6A6" value="true"/>
</engineerTo>
<useDomainConstraints>false</useDomainConstraints>
<use>1</use>
<logicalDatatype>LOGDT018</logicalDatatype>
<ownDataTypeParameters>,,</ownDataTypeParameters>
</Attribute>
<Attribute name="numero_semana_ano " id="8F389FBF-1CA8-53BA-D8DB-FBE25BA040F8">
<createdBy>rm74585</createdBy>
<createdTime>2016-03-29 14:23:39 UTC</createdTime>
<comment>Número da semana do ano onde a data ocorreu. Ex: 20/02/2012 ocorreu na semana 8 do ano</comment>
<ownerDesignName>M_DIMENSIONAL_AM</ownerDesignName>
<engineerTo>
<item key="A715A5C7-207F-7D0A-B55D-A2DB945CE6A6" value="true"/>
</engineerTo>
<useDomainConstraints>false</useDomainConstraints>
<use>1</use>
<logicalDatatype>LOGDT018</logicalDatatype>
<ownDataTypeParameters>,,</ownDataTypeParameters>
</Attribute>
<Attribute name="estacao_ano " id="D04B4E8A-0883-1AAC-D0F3-E6C3FE84DD23">
<createdBy>rm74585</createdBy>
<createdTime>2016-03-29 14:23:47 UTC</createdTime>
<comment>“primavera” para os dias 23/09 a 20/12; “verão” para os dias 21/12 a 20/03; “outono” para os dias 21/03 a 20/06; e “inverno” para os dias 21/06 a 22/09</comment>
<ownerDesignName>M_DIMENSIONAL_AM</ownerDesignName>
<engineerTo>
<item key="A715A5C7-207F-7D0A-B55D-A2DB945CE6A6" value="true"/>
</engineerTo>
<useDomainConstraints>false</useDomainConstraints>
<use>1</use>
<logicalDatatype>LOGDT024</logicalDatatype>
<dataTypeSize>30</dataTypeSize>
<ownDataTypeParameters>30,,</ownDataTypeParameters>
</Attribute>
<Attribute name="data_por_extenso " id="E944F3A2-6153-D3D4-F7B6-714FC751FF5E">
<createdBy>rm74585</createdBy>
<createdTime>2016-03-29 14:23:59 UTC</createdTime>
<comment>Data por extenso, exemplo: 1º de janeiro de 2012.</comment>
<ownerDesignName>M_DIMENSIONAL_AM</ownerDesignName>
<engineerTo>
<item key="A715A5C7-207F-7D0A-B55D-A2DB945CE6A6" value="true"/>
</engineerTo>
<useDomainConstraints>false</useDomainConstraints>
<use>1</use>
<logicalDatatype>LOGDT024</logicalDatatype>
<dataTypeSize>100</dataTypeSize>
<ownDataTypeParameters>100,,</ownDataTypeParameters>
</Attribute>
<Attribute name="evento  " id="9BB31AF7-50E9-8920-E0EF-4E88139E880A">
<createdBy>rm74585</createdBy>
<createdTime>2016-03-29 14:26:10 UTC</createdTime>
<comment>Reservado par ao registro de algum evento importante que possa ter ocorrido durante um determinado período. Ex: entre 13/06 e 22/06/2012 ocorreu a conferência “Rio +20″ no Rio de Janeiro</comment>
<ownerDesignName>M_DIMENSIONAL_AM</ownerDesignName>
<engineerTo>
<item key="A715A5C7-207F-7D0A-B55D-A2DB945CE6A6" value="true"/>
</engineerTo>
<nullsAllowed>true</nullsAllowed>
<useDomainConstraints>false</useDomainConstraints>
<use>1</use>
<logicalDatatype>LOGDT024</logicalDatatype>
<dataTypeSize>100</dataTypeSize>
<ownDataTypeParameters>100,,</ownDataTypeParameters>
</Attribute>
<Attribute name="nome_mes" id="7EA2751F-4FD4-DD5C-25EF-A1236B11519F">
<createdBy>rm74585</createdBy>
<createdTime>2016-03-29 14:32:40 UTC</createdTime>
<comment>Mês por extenso. Ex: janeiro, fevereiro, março, …</comment>
<ownerDesignName>M_DIMENSIONAL_AM</ownerDesignName>
<engineerTo>
<item key="A715A5C7-207F-7D0A-B55D-A2DB945CE6A6" value="true"/>
</engineerTo>
<useDomainConstraints>false</useDomainConstraints>
<use>1</use>
<logicalDatatype>LOGDT024</logicalDatatype>
<dataTypeSize>30</dataTypeSize>
<ownDataTypeParameters>30,,</ownDataTypeParameters>
</Attribute>
<Attribute name="nome_mes_abrev" id="F53B610B-A697-8899-1BA4-AB5E0A6827EB">
<createdBy>rm74585</createdBy>
<createdTime>2016-03-29 14:33:14 UTC</createdTime>
<comment>Nome do Mês abreviado em 3 letras. Ex: jan, fev, mar …</comment>
<ownerDesignName>M_DIMENSIONAL_AM</ownerDesignName>
<engineerTo>
<item key="A715A5C7-207F-7D0A-B55D-A2DB945CE6A6" value="true"/>
</engineerTo>
<useDomainConstraints>false</useDomainConstraints>
<use>1</use>
<logicalDatatype>LOGDT025</logicalDatatype>
<dataTypeSize>3</dataTypeSize>
<ownDataTypeParameters>3,,</ownDataTypeParameters>
</Attribute>
<Attribute name="dia_atual" id="0CF79474-02C9-2878-F56D-3AA5D0384F19">
<createdBy>rm74585</createdBy>
<createdTime>2016-04-27 12:29:59 UTC</createdTime>
<ownerDesignName>M_DIMENSIONAL_AM</ownerDesignName>
<engineerTo>
<item key="A715A5C7-207F-7D0A-B55D-A2DB945CE6A6" value="true"/>
</engineerTo>
<useDomainConstraints>false</useDomainConstraints>
<use>1</use>
<logicalDatatype>LOGDT018</logicalDatatype>
<ownDataTypeParameters>,,</ownDataTypeParameters>
</Attribute>
<Attribute name="dia_anterior" id="A45DFE47-F40C-8E77-390C-5854B73E60FB">
<createdBy>rm74585</createdBy>
<createdTime>2016-04-27 12:31:00 UTC</createdTime>
<ownerDesignName>M_DIMENSIONAL_AM</ownerDesignName>
<engineerTo>
<item key="A715A5C7-207F-7D0A-B55D-A2DB945CE6A6" value="true"/>
</engineerTo>
<useDomainConstraints>false</useDomainConstraints>
<use>1</use>
<logicalDatatype>LOGDT018</logicalDatatype>
<ownDataTypeParameters>,,</ownDataTypeParameters>
</Attribute>
<Attribute name="mes_atual" id="BCA5BB65-BBA8-856E-7997-9066F18FFAF2">
<createdBy>rm74585</createdBy>
<createdTime>2016-04-27 12:31:21 UTC</createdTime>
<ownerDesignName>M_DIMENSIONAL_AM</ownerDesignName>
<engineerTo>
<item key="A715A5C7-207F-7D0A-B55D-A2DB945CE6A6" value="true"/>
</engineerTo>
<useDomainConstraints>false</useDomainConstraints>
<use>1</use>
<logicalDatatype>LOGDT018</logicalDatatype>
<ownDataTypeParameters>,,</ownDataTypeParameters>
</Attribute>
<Attribute name="mes_anterior" id="F24CD506-FEFE-BA98-748B-4EE0E4B885D1">
<createdBy>rm74585</createdBy>
<createdTime>2016-04-27 12:31:51 UTC</createdTime>
<ownerDesignName>M_DIMENSIONAL_AM</ownerDesignName>
<engineerTo>
<item key="A715A5C7-207F-7D0A-B55D-A2DB945CE6A6" value="true"/>
</engineerTo>
<useDomainConstraints>false</useDomainConstraints>
<use>1</use>
<logicalDatatype>LOGDT018</logicalDatatype>
<ownDataTypeParameters>,,</ownDataTypeParameters>
</Attribute>
</attributes>
<identifiers itemClass="oracle.dbtools.crest.model.design.logical.CandidateKey">
<identifier id="180D2E22-16AC-140A-CC8E-F15851F2108E" name="DIM_TEMPO PK">
<createdBy>rm74585</createdBy>
<createdTime>2016-04-27 12:28:59 UTC</createdTime>
<ownerDesignName>M_DIMENSIONAL_AM</ownerDesignName>
<shouldEngineer>false</shouldEngineer>
<engineerTo>
<item key="A715A5C7-207F-7D0A-B55D-A2DB945CE6A6" value="false"/>
</engineerTo>
<pk>true</pk>
<usedAttributes>
<attributeRef>9E672A7B-3F20-B34B-57AE-6816793D1672</attributeRef>
</usedAttributes>
</identifier>
</identifiers>
</Entity>