<?xml version = '1.0' encoding = 'UTF-8'?>
<Entity class="oracle.dbtools.crest.model.design.logical.Entity" directorySegmentName="seg_0" id="66E6D379-0DD2-E4AC-D12A-633ABBAE55E8" name="DIM_PRODUTO">
<createdBy>rm74585</createdBy>
<createdTime>2016-03-29 14:16:35 UTC</createdTime>
<ownerDesignName>M_DIMENSIONAL_AM</ownerDesignName>
<engineerTo>
<item key="A715A5C7-207F-7D0A-B55D-A2DB945CE6A6" value="true"/>
</engineerTo>
<adequatelyNormalized>NO</adequatelyNormalized>
<expectedVolumes>0</expectedVolumes>
<fwdEngineeringStrategyName>Single Table</fwdEngineeringStrategyName>
<growthPercent>0</growthPercent>
<growthType>Year</growthType>
<maxVolumes>9999999</maxVolumes>
<minVolumes>0</minVolumes>
<normalForm>Third</normalForm>
<attributes itemClass="oracle.dbtools.crest.model.design.logical.Attribute">
<Attribute name="sk_dim_produto " id="D3A61A50-B3F9-1EAD-5DC5-28B6EDB87068">
<createdBy>rm74585</createdBy>
<createdTime>2016-03-29 14:16:42 UTC</createdTime>
<ownerDesignName>M_DIMENSIONAL_AM</ownerDesignName>
<engineerTo>
<item key="A715A5C7-207F-7D0A-B55D-A2DB945CE6A6" value="true"/>
</engineerTo>
<useDomainConstraints>false</useDomainConstraints>
<use>1</use>
<logicalDatatype>LOGDT011</logicalDatatype>
<ownDataTypeParameters>,,</ownDataTypeParameters>
</Attribute>
<Attribute name="id_produto" id="A5061D1B-700E-74CC-EDBA-7989B3E4CC46">
<createdBy>Gabriel Garcia</createdBy>
<createdTime>2016-05-15 22:58:18 UTC</createdTime>
<ownerDesignName>M_DIMENSIONAL_AM</ownerDesignName>
<engineerTo>
<item key="A715A5C7-207F-7D0A-B55D-A2DB945CE6A6" value="true"/>
</engineerTo>
<useDomainConstraints>false</useDomainConstraints>
<use>1</use>
<logicalDatatype>LOGDT011</logicalDatatype>
<ownDataTypeParameters>,,</ownDataTypeParameters>
</Attribute>
<Attribute name="nm_produto " id="E7AEC307-2E96-38DE-C60B-47138D466E4C">
<createdBy>rm74585</createdBy>
<createdTime>2016-03-29 14:16:57 UTC</createdTime>
<ownerDesignName>M_DIMENSIONAL_AM</ownerDesignName>
<engineerTo>
<item key="A715A5C7-207F-7D0A-B55D-A2DB945CE6A6" value="true"/>
</engineerTo>
<useDomainConstraints>false</useDomainConstraints>
<use>1</use>
<logicalDatatype>LOGDT024</logicalDatatype>
<dataTypeSize>100</dataTypeSize>
<ownDataTypeParameters>100,,</ownDataTypeParameters>
</Attribute>
<Attribute name="ds_produto" id="B6DD2D1B-AE3F-D0C8-6652-F601B3F21734">
<createdBy>rm74585</createdBy>
<createdTime>2016-03-29 14:17:11 UTC</createdTime>
<ownerDesignName>M_DIMENSIONAL_AM</ownerDesignName>
<engineerTo>
<item key="A715A5C7-207F-7D0A-B55D-A2DB945CE6A6" value="true"/>
</engineerTo>
<useDomainConstraints>false</useDomainConstraints>
<use>1</use>
<logicalDatatype>LOGDT024</logicalDatatype>
<dataTypeSize>100</dataTypeSize>
<ownDataTypeParameters>100,,</ownDataTypeParameters>
</Attribute>
<Attribute name="id_categoria" id="9A63D5E6-A50C-5F02-0C2A-86B0793F7078">
<createdBy>Gabriel Garcia</createdBy>
<createdTime>2016-05-15 22:59:04 UTC</createdTime>
<ownerDesignName>M_DIMENSIONAL_AM</ownerDesignName>
<engineerTo>
<item key="A715A5C7-207F-7D0A-B55D-A2DB945CE6A6" value="true"/>
</engineerTo>
<useDomainConstraints>false</useDomainConstraints>
<use>1</use>
<logicalDatatype>LOGDT011</logicalDatatype>
<ownDataTypeParameters>,,</ownDataTypeParameters>
</Attribute>
<Attribute name="nm_categoria" id="8266791A-7440-9C70-8400-897E6F2F5741">
<createdBy>Gabriel Garcia</createdBy>
<createdTime>2016-05-15 22:59:15 UTC</createdTime>
<ownerDesignName>M_DIMENSIONAL_AM</ownerDesignName>
<engineerTo>
<item key="A715A5C7-207F-7D0A-B55D-A2DB945CE6A6" value="true"/>
</engineerTo>
<useDomainConstraints>false</useDomainConstraints>
<use>1</use>
<logicalDatatype>LOGDT024</logicalDatatype>
<dataTypeSize>80</dataTypeSize>
<ownDataTypeParameters>80,,</ownDataTypeParameters>
</Attribute>
<Attribute name="id_marca" id="8A4B7D9B-2480-5954-3DB4-984C9F60B7C5">
<createdBy>Gabriel Garcia</createdBy>
<createdTime>2016-05-15 22:59:34 UTC</createdTime>
<ownerDesignName>M_DIMENSIONAL_AM</ownerDesignName>
<engineerTo>
<item key="A715A5C7-207F-7D0A-B55D-A2DB945CE6A6" value="true"/>
</engineerTo>
<useDomainConstraints>false</useDomainConstraints>
<use>1</use>
<logicalDatatype>LOGDT011</logicalDatatype>
<ownDataTypeParameters>,,</ownDataTypeParameters>
</Attribute>
<Attribute name="nm_marca" id="62073256-6181-50C5-C78B-0BA57907F967">
<createdBy>Gabriel Garcia</createdBy>
<createdTime>2016-05-15 23:00:28 UTC</createdTime>
<ownerDesignName>M_DIMENSIONAL_AM</ownerDesignName>
<engineerTo>
<item key="A715A5C7-207F-7D0A-B55D-A2DB945CE6A6" value="true"/>
</engineerTo>
<useDomainConstraints>false</useDomainConstraints>
<use>1</use>
<logicalDatatype>LOGDT024</logicalDatatype>
<dataTypeSize>100</dataTypeSize>
<ownDataTypeParameters>100,,</ownDataTypeParameters>
</Attribute>
<Attribute name="nr_departamento" id="B943CC39-4534-3ABE-2379-9A1D71EC91B2">
<createdBy>Gabriel Garcia</createdBy>
<createdTime>2016-05-15 23:02:36 UTC</createdTime>
<ownerDesignName>M_DIMENSIONAL_AM</ownerDesignName>
<engineerTo>
<item key="A715A5C7-207F-7D0A-B55D-A2DB945CE6A6" value="true"/>
</engineerTo>
<useDomainConstraints>false</useDomainConstraints>
<use>1</use>
<logicalDatatype>LOGDT011</logicalDatatype>
<ownDataTypeParameters>,,</ownDataTypeParameters>
</Attribute>
<Attribute name="ds_departamento" id="083971AE-6A50-2217-CD5D-07B5CBEDA171">
<createdBy>Gabriel Garcia</createdBy>
<createdTime>2016-05-15 23:02:51 UTC</createdTime>
<ownerDesignName>M_DIMENSIONAL_AM</ownerDesignName>
<engineerTo>
<item key="A715A5C7-207F-7D0A-B55D-A2DB945CE6A6" value="true"/>
</engineerTo>
<useDomainConstraints>false</useDomainConstraints>
<use>1</use>
<logicalDatatype>LOGDT024</logicalDatatype>
<dataTypeSize>120</dataTypeSize>
<ownDataTypeParameters>120,,</ownDataTypeParameters>
</Attribute>
<Attribute name="ds_tipo_embalagem" id="61A68EA1-C797-6B93-A73F-54355F083BCA">
<createdBy>Gabriel Garcia</createdBy>
<createdTime>2016-05-15 23:03:25 UTC</createdTime>
<ownerDesignName>M_DIMENSIONAL_AM</ownerDesignName>
<engineerTo>
<item key="A715A5C7-207F-7D0A-B55D-A2DB945CE6A6" value="true"/>
</engineerTo>
<useDomainConstraints>false</useDomainConstraints>
<use>1</use>
<logicalDatatype>LOGDT024</logicalDatatype>
<dataTypeSize>90</dataTypeSize>
<ownDataTypeParameters>90,,</ownDataTypeParameters>
</Attribute>
<Attribute name="nr_largura_embalagem" id="01D01088-894B-2061-A4A2-805C30A826EB">
<createdBy>Gabriel Garcia</createdBy>
<createdTime>2016-05-15 23:03:41 UTC</createdTime>
<ownerDesignName>M_DIMENSIONAL_AM</ownerDesignName>
<engineerTo>
<item key="A715A5C7-207F-7D0A-B55D-A2DB945CE6A6" value="true"/>
</engineerTo>
<useDomainConstraints>false</useDomainConstraints>
<use>1</use>
<logicalDatatype>LOGDT019</logicalDatatype>
<dataTypePrecision>4</dataTypePrecision>
<dataTypeScale>2</dataTypeScale>
<ownDataTypeParameters>,4,2</ownDataTypeParameters>
</Attribute>
<Attribute name="nr_altura_embalagem" id="5F8C075F-6D51-6C24-E644-6DCC8E44C35F">
<createdBy>Gabriel Garcia</createdBy>
<createdTime>2016-05-15 23:04:03 UTC</createdTime>
<ownerDesignName>M_DIMENSIONAL_AM</ownerDesignName>
<engineerTo>
<item key="A715A5C7-207F-7D0A-B55D-A2DB945CE6A6" value="true"/>
</engineerTo>
<useDomainConstraints>false</useDomainConstraints>
<use>1</use>
<logicalDatatype>LOGDT019</logicalDatatype>
<dataTypePrecision>4</dataTypePrecision>
<dataTypeScale>2</dataTypeScale>
<ownDataTypeParameters>,4,2</ownDataTypeParameters>
</Attribute>
<Attribute name="nr_peso" id="483BEBA5-F2AC-50DB-2125-05B5CAB919A7">
<createdBy>Gabriel Garcia</createdBy>
<createdTime>2016-05-15 23:04:24 UTC</createdTime>
<ownerDesignName>M_DIMENSIONAL_AM</ownerDesignName>
<engineerTo>
<item key="A715A5C7-207F-7D0A-B55D-A2DB945CE6A6" value="true"/>
</engineerTo>
<useDomainConstraints>false</useDomainConstraints>
<use>1</use>
<logicalDatatype>LOGDT019</logicalDatatype>
<dataTypePrecision>6</dataTypePrecision>
<dataTypeScale>2</dataTypeScale>
<ownDataTypeParameters>,6,2</ownDataTypeParameters>
</Attribute>
<Attribute name="nr_prazo_validade" id="E55AF8A5-B1CB-DA87-7DDD-2863BE1B2A45">
<createdBy>Gabriel Garcia</createdBy>
<createdTime>2016-05-15 23:04:38 UTC</createdTime>
<ownerDesignName>M_DIMENSIONAL_AM</ownerDesignName>
<engineerTo>
<item key="A715A5C7-207F-7D0A-B55D-A2DB945CE6A6" value="true"/>
</engineerTo>
<useDomainConstraints>false</useDomainConstraints>
<use>1</use>
<logicalDatatype>LOGDT019</logicalDatatype>
<dataTypePrecision>7</dataTypePrecision>
<dataTypeScale>2</dataTypeScale>
<ownDataTypeParameters>,7,2</ownDataTypeParameters>
</Attribute>
<Attribute name="dt_inicio_venda" id="80E1E454-95E7-4D38-9495-E590D27DD574">
<createdBy>Gabriel Garcia</createdBy>
<createdTime>2016-05-15 23:05:08 UTC</createdTime>
<ownerDesignName>M_DIMENSIONAL_AM</ownerDesignName>
<engineerTo>
<item key="A715A5C7-207F-7D0A-B55D-A2DB945CE6A6" value="true"/>
</engineerTo>
<useDomainConstraints>false</useDomainConstraints>
<use>1</use>
<logicalDatatype>LOGDT007</logicalDatatype>
<ownDataTypeParameters>,,</ownDataTypeParameters>
</Attribute>
<Attribute name="dt_fim_venda" id="276BDBD3-AD49-E939-71E1-0BC2037075E0">
<createdBy>Gabriel Garcia</createdBy>
<createdTime>2016-05-15 23:05:20 UTC</createdTime>
<ownerDesignName>M_DIMENSIONAL_AM</ownerDesignName>
<engineerTo>
<item key="A715A5C7-207F-7D0A-B55D-A2DB945CE6A6" value="true"/>
</engineerTo>
<useDomainConstraints>false</useDomainConstraints>
<use>1</use>
<logicalDatatype>LOGDT007</logicalDatatype>
<ownDataTypeParameters>,,</ownDataTypeParameters>
</Attribute>
<Attribute name="Outros" id="4A4BA056-7891-024F-6A7C-2BC50E2C8577">
<createdBy>Gabriel Garcia</createdBy>
<createdTime>2016-05-15 23:05:31 UTC</createdTime>
<ownerDesignName>M_DIMENSIONAL_AM</ownerDesignName>
<engineerTo>
<item key="A715A5C7-207F-7D0A-B55D-A2DB945CE6A6" value="true"/>
</engineerTo>
<nullsAllowed>true</nullsAllowed>
<useDomainConstraints>false</useDomainConstraints>
<use>1</use>
<logicalDatatype>LOGDT040</logicalDatatype>
<ownDataTypeParameters>,,</ownDataTypeParameters>
</Attribute>
</attributes>
<identifiers itemClass="oracle.dbtools.crest.model.design.logical.CandidateKey">
<identifier id="6B224DE1-9BEE-BD5D-D845-B2D083C0CAE3" name="DIM_PRODUTO PK">
<createdBy>rm74585</createdBy>
<createdTime>2016-03-29 14:16:50 UTC</createdTime>
<ownerDesignName>M_DIMENSIONAL_AM</ownerDesignName>
<engineerTo>
<item key="A715A5C7-207F-7D0A-B55D-A2DB945CE6A6" value="true"/>
</engineerTo>
<pk>true</pk>
<usedAttributes>
<attributeRef>D3A61A50-B3F9-1EAD-5DC5-28B6EDB87068</attributeRef>
</usedAttributes>
</identifier>
</identifiers>
</Entity>