<?xml version = '1.0' encoding = 'UTF-8'?>
<Entity class="oracle.dbtools.crest.model.design.logical.Entity" directorySegmentName="seg_0" id="7EF33029-468C-9BE2-FED8-8CEA5A64DBA8" name="DIM_FUNCIONARIO">
<createdBy>rm74585</createdBy>
<createdTime>2016-03-29 14:15:20 UTC</createdTime>
<ownerDesignName>M_DIMENSIONAL_AM</ownerDesignName>
<engineerTo>
<item key="A715A5C7-207F-7D0A-B55D-A2DB945CE6A6" value="true"/>
</engineerTo>
<adequatelyNormalized>NO</adequatelyNormalized>
<expectedVolumes>0</expectedVolumes>
<fwdEngineeringStrategyName>Single Table</fwdEngineeringStrategyName>
<growthPercent>0</growthPercent>
<growthType>Year</growthType>
<maxVolumes>9999999</maxVolumes>
<minVolumes>0</minVolumes>
<normalForm>Third</normalForm>
<attributes itemClass="oracle.dbtools.crest.model.design.logical.Attribute">
<Attribute name="sk_dim_funcionario" id="CBA21E7B-E11C-6DCC-2C28-72C5CF4C53D7">
<createdBy>rm74585</createdBy>
<createdTime>2016-03-29 14:15:30 UTC</createdTime>
<ownerDesignName>M_DIMENSIONAL_AM</ownerDesignName>
<engineerTo>
<item key="A715A5C7-207F-7D0A-B55D-A2DB945CE6A6" value="true"/>
</engineerTo>
<useDomainConstraints>false</useDomainConstraints>
<use>1</use>
<logicalDatatype>LOGDT011</logicalDatatype>
<ownDataTypeParameters>,,</ownDataTypeParameters>
</Attribute>
<Attribute name="id_funcionario" id="0A032D78-72BB-EBA3-2D58-B47C2DC27DBA">
<createdBy>Gabriel Garcia</createdBy>
<createdTime>2016-05-15 14:38:46 UTC</createdTime>
<ownerDesignName>M_DIMENSIONAL_AM</ownerDesignName>
<engineerTo>
<item key="A715A5C7-207F-7D0A-B55D-A2DB945CE6A6" value="true"/>
</engineerTo>
<useDomainConstraints>false</useDomainConstraints>
<use>1</use>
<logicalDatatype>LOGDT011</logicalDatatype>
<ownDataTypeParameters>,,</ownDataTypeParameters>
</Attribute>
<Attribute name="nm_funcioanrio" id="FD24F2BE-9CEA-26E4-8A4A-8B05F37C817B">
<createdBy>rm74585</createdBy>
<createdTime>2016-03-29 14:15:48 UTC</createdTime>
<ownerDesignName>M_DIMENSIONAL_AM</ownerDesignName>
<engineerTo>
<item key="A715A5C7-207F-7D0A-B55D-A2DB945CE6A6" value="true"/>
</engineerTo>
<useDomainConstraints>false</useDomainConstraints>
<use>1</use>
<logicalDatatype>LOGDT024</logicalDatatype>
<dataTypeSize>150</dataTypeSize>
<ownDataTypeParameters>150,,</ownDataTypeParameters>
</Attribute>
<Attribute name="cg_funcionario" id="16E30FEB-0B69-8462-7388-E7F34A8A07CB">
<createdBy>rm74585</createdBy>
<createdTime>2016-03-29 14:16:03 UTC</createdTime>
<ownerDesignName>M_DIMENSIONAL_AM</ownerDesignName>
<engineerTo>
<item key="A715A5C7-207F-7D0A-B55D-A2DB945CE6A6" value="true"/>
</engineerTo>
<useDomainConstraints>false</useDomainConstraints>
<use>1</use>
<logicalDatatype>LOGDT024</logicalDatatype>
<dataTypeSize>50</dataTypeSize>
<ownDataTypeParameters>50,,</ownDataTypeParameters>
</Attribute>
<Attribute name="sx_funcionario" id="A4F44008-8AF4-E2B9-1B87-1F18683F6885">
<createdBy>rm74585</createdBy>
<createdTime>2016-03-29 14:16:23 UTC</createdTime>
<ownerDesignName>M_DIMENSIONAL_AM</ownerDesignName>
<engineerTo>
<item key="A715A5C7-207F-7D0A-B55D-A2DB945CE6A6" value="true"/>
</engineerTo>
<useDomainConstraints>false</useDomainConstraints>
<use>1</use>
<logicalDatatype>LOGDT025</logicalDatatype>
<dataTypeSize>1</dataTypeSize>
<ownDataTypeParameters>1,,</ownDataTypeParameters>
</Attribute>
<Attribute name="dd_funcionario" id="D8D4F179-B0C0-0DFA-CF46-3BAAF7AA3F3E">
<createdBy>Gabriel Garcia</createdBy>
<createdTime>2016-05-01 14:32:35 UTC</createdTime>
<ownerDesignName>M_DIMENSIONAL_AM</ownerDesignName>
<engineerTo>
<item key="A715A5C7-207F-7D0A-B55D-A2DB945CE6A6" value="true"/>
</engineerTo>
<useDomainConstraints>false</useDomainConstraints>
<use>1</use>
<logicalDatatype>LOGDT019</logicalDatatype>
<dataTypePrecision>3</dataTypePrecision>
<ownDataTypeParameters>,3,</ownDataTypeParameters>
</Attribute>
<Attribute name="dt_adimissao_funcionario" id="0284C687-0DD9-E168-CE39-F1B1B92C2E87">
<createdBy>Gabriel Garcia</createdBy>
<createdTime>2016-05-01 14:40:52 UTC</createdTime>
<ownerDesignName>M_DIMENSIONAL_AM</ownerDesignName>
<engineerTo>
<item key="A715A5C7-207F-7D0A-B55D-A2DB945CE6A6" value="true"/>
</engineerTo>
<useDomainConstraints>false</useDomainConstraints>
<use>1</use>
<logicalDatatype>LOGDT007</logicalDatatype>
<ownDataTypeParameters>,,</ownDataTypeParameters>
</Attribute>
<Attribute name="vl_salario_funcionario" id="996721A2-E564-0C5D-4FFA-8ADD724B0625">
<createdBy>Gabriel Garcia</createdBy>
<createdTime>2016-05-01 14:52:15 UTC</createdTime>
<ownerDesignName>M_DIMENSIONAL_AM</ownerDesignName>
<engineerTo>
<item key="A715A5C7-207F-7D0A-B55D-A2DB945CE6A6" value="true"/>
</engineerTo>
<useDomainConstraints>false</useDomainConstraints>
<use>1</use>
<logicalDatatype>LOGDT019</logicalDatatype>
<dataTypePrecision>7</dataTypePrecision>
<dataTypeScale>2</dataTypeScale>
<ownDataTypeParameters>,7,2</ownDataTypeParameters>
</Attribute>
<Attribute name="ds_estado_civil" id="EBF6D331-EB63-E9BB-D8EB-516AF655EA50">
<createdBy>Gabriel Garcia</createdBy>
<createdTime>2016-05-15 14:40:10 UTC</createdTime>
<ownerDesignName>M_DIMENSIONAL_AM</ownerDesignName>
<engineerTo>
<item key="A715A5C7-207F-7D0A-B55D-A2DB945CE6A6" value="true"/>
</engineerTo>
<useDomainConstraints>false</useDomainConstraints>
<use>1</use>
<logicalDatatype>LOGDT024</logicalDatatype>
<dataTypeSize>40</dataTypeSize>
<ownDataTypeParameters>40,,</ownDataTypeParameters>
</Attribute>
<Attribute name="nr_dependentes" id="47FA2C90-3234-50EC-3452-BC975ABE9BFF">
<createdBy>Gabriel Garcia</createdBy>
<createdTime>2016-05-15 14:40:17 UTC</createdTime>
<ownerDesignName>M_DIMENSIONAL_AM</ownerDesignName>
<engineerTo>
<item key="A715A5C7-207F-7D0A-B55D-A2DB945CE6A6" value="true"/>
</engineerTo>
<useDomainConstraints>false</useDomainConstraints>
<use>1</use>
<logicalDatatype>LOGDT019</logicalDatatype>
<dataTypePrecision>2</dataTypePrecision>
<ownDataTypeParameters>,2,</ownDataTypeParameters>
</Attribute>
<Attribute name="ds_grau_instrucao" id="A721A1EB-5F87-D1BE-D77A-E0899236555B">
<createdBy>Gabriel Garcia</createdBy>
<createdTime>2016-05-15 14:40:44 UTC</createdTime>
<ownerDesignName>M_DIMENSIONAL_AM</ownerDesignName>
<engineerTo>
<item key="A715A5C7-207F-7D0A-B55D-A2DB945CE6A6" value="true"/>
</engineerTo>
<useDomainConstraints>false</useDomainConstraints>
<use>1</use>
<logicalDatatype>LOGDT024</logicalDatatype>
<dataTypeSize>100</dataTypeSize>
<ownDataTypeParameters>100,,</ownDataTypeParameters>
</Attribute>
<Attribute name="bo_grau_instru_completo" id="75E9BCEF-C4B8-9985-290C-852C5A04F5EC">
<createdBy>Gabriel Garcia</createdBy>
<createdTime>2016-05-15 14:41:11 UTC</createdTime>
<ownerDesignName>M_DIMENSIONAL_AM</ownerDesignName>
<engineerTo>
<item key="A715A5C7-207F-7D0A-B55D-A2DB945CE6A6" value="true"/>
</engineerTo>
<useDomainConstraints>false</useDomainConstraints>
<use>1</use>
<logicalDatatype>LOGDT006</logicalDatatype>
<dataTypeSize>1</dataTypeSize>
<ownDataTypeParameters>1,,</ownDataTypeParameters>
</Attribute>
<Attribute name="id_cargo_funcionario" id="015847E1-F860-425A-5C0C-86B90827BA50">
<createdBy>Gabriel Garcia</createdBy>
<createdTime>2016-05-15 14:41:50 UTC</createdTime>
<ownerDesignName>M_DIMENSIONAL_AM</ownerDesignName>
<engineerTo>
<item key="A715A5C7-207F-7D0A-B55D-A2DB945CE6A6" value="true"/>
</engineerTo>
<useDomainConstraints>false</useDomainConstraints>
<use>1</use>
<logicalDatatype>LOGDT011</logicalDatatype>
<ownDataTypeParameters>,,</ownDataTypeParameters>
</Attribute>
<Attribute name="ds_cargo_funcionario" id="51574CFE-3A32-06F8-F26F-40226FBE080A">
<createdBy>Gabriel Garcia</createdBy>
<createdTime>2016-05-15 14:46:32 UTC</createdTime>
<ownerDesignName>M_DIMENSIONAL_AM</ownerDesignName>
<engineerTo>
<item key="A715A5C7-207F-7D0A-B55D-A2DB945CE6A6" value="true"/>
</engineerTo>
<useDomainConstraints>false</useDomainConstraints>
<use>1</use>
<logicalDatatype>LOGDT024</logicalDatatype>
<dataTypeSize>100</dataTypeSize>
<ownDataTypeParameters>100,,</ownDataTypeParameters>
</Attribute>
<Attribute name="id_superior_imediato" id="FB9F906A-3AE2-1679-3BD9-3AD276D0FE04">
<createdBy>Gabriel Garcia</createdBy>
<createdTime>2016-05-15 14:46:56 UTC</createdTime>
<ownerDesignName>M_DIMENSIONAL_AM</ownerDesignName>
<engineerTo>
<item key="A715A5C7-207F-7D0A-B55D-A2DB945CE6A6" value="true"/>
</engineerTo>
<useDomainConstraints>false</useDomainConstraints>
<use>1</use>
<logicalDatatype>LOGDT011</logicalDatatype>
<ownDataTypeParameters>,,</ownDataTypeParameters>
</Attribute>
<Attribute name="nm_superior_imediato" id="DA663986-F1EB-7C85-DE03-A164BB8AFBA5">
<createdBy>Gabriel Garcia</createdBy>
<createdTime>2016-05-15 14:47:27 UTC</createdTime>
<ownerDesignName>M_DIMENSIONAL_AM</ownerDesignName>
<engineerTo>
<item key="A715A5C7-207F-7D0A-B55D-A2DB945CE6A6" value="true"/>
</engineerTo>
<useDomainConstraints>false</useDomainConstraints>
<use>1</use>
<logicalDatatype>LOGDT024</logicalDatatype>
<dataTypeSize>100</dataTypeSize>
<ownDataTypeParameters>100,,</ownDataTypeParameters>
</Attribute>
<Attribute name="dt_nascimento" id="C904C15C-83AC-E493-924A-3314D09556CA">
<createdBy>Gabriel Garcia</createdBy>
<createdTime>2016-05-15 14:47:49 UTC</createdTime>
<ownerDesignName>M_DIMENSIONAL_AM</ownerDesignName>
<engineerTo>
<item key="A715A5C7-207F-7D0A-B55D-A2DB945CE6A6" value="true"/>
</engineerTo>
<useDomainConstraints>false</useDomainConstraints>
<use>1</use>
<logicalDatatype>LOGDT007</logicalDatatype>
<ownDataTypeParameters>,,</ownDataTypeParameters>
</Attribute>
<Attribute name="dt_liberacao" id="5AAF01F8-B91B-FCBE-532A-24301EBC01A2">
<createdBy>Gabriel Garcia</createdBy>
<createdTime>2016-05-15 14:48:17 UTC</createdTime>
<ownerDesignName>M_DIMENSIONAL_AM</ownerDesignName>
<engineerTo>
<item key="A715A5C7-207F-7D0A-B55D-A2DB945CE6A6" value="true"/>
</engineerTo>
<useDomainConstraints>false</useDomainConstraints>
<use>1</use>
<logicalDatatype>LOGDT007</logicalDatatype>
<ownDataTypeParameters>,,</ownDataTypeParameters>
</Attribute>
<Attribute name="bo_atualmente_contratado" id="462BCB8B-0EAC-0122-4C0A-AA521801C027">
<createdBy>Gabriel Garcia</createdBy>
<createdTime>2016-05-15 14:48:31 UTC</createdTime>
<ownerDesignName>M_DIMENSIONAL_AM</ownerDesignName>
<engineerTo>
<item key="A715A5C7-207F-7D0A-B55D-A2DB945CE6A6" value="true"/>
</engineerTo>
<useDomainConstraints>false</useDomainConstraints>
<use>1</use>
<logicalDatatype>LOGDT006</logicalDatatype>
<dataTypeSize>1</dataTypeSize>
<ownDataTypeParameters>1,,</ownDataTypeParameters>
</Attribute>
<Attribute name="Outros" id="C36905CC-3A7F-0FEC-769F-5FB79AD091DE">
<createdBy>Gabriel Garcia</createdBy>
<createdTime>2016-05-15 14:48:43 UTC</createdTime>
<ownerDesignName>M_DIMENSIONAL_AM</ownerDesignName>
<engineerTo>
<item key="A715A5C7-207F-7D0A-B55D-A2DB945CE6A6" value="true"/>
</engineerTo>
<nullsAllowed>true</nullsAllowed>
<useDomainConstraints>false</useDomainConstraints>
<use>1</use>
<logicalDatatype>LOGDT040</logicalDatatype>
<ownDataTypeParameters>,,</ownDataTypeParameters>
</Attribute>
</attributes>
<identifiers itemClass="oracle.dbtools.crest.model.design.logical.CandidateKey">
<identifier id="93377274-AA3C-7F26-47F1-722FA77B1B43" name="DIM_VENDEDOR PK">
<createdBy>rm74585</createdBy>
<createdTime>2016-03-29 14:15:42 UTC</createdTime>
<ownerDesignName>M_DIMENSIONAL_AM</ownerDesignName>
<engineerTo>
<item key="A715A5C7-207F-7D0A-B55D-A2DB945CE6A6" value="true"/>
</engineerTo>
<pk>true</pk>
<usedAttributes>
<attributeRef>CBA21E7B-E11C-6DCC-2C28-72C5CF4C53D7</attributeRef>
</usedAttributes>
</identifier>
</identifiers>
</Entity>