<?xml version = '1.0' encoding = 'UTF-8'?>
<Entity class="oracle.dbtools.crest.model.design.logical.Entity" directorySegmentName="seg_0" id="AC0B8396-C74A-A756-70F9-64DE99BCB89D" name="DIM_PROMOCAO">
<createdBy>rm74585</createdBy>
<createdTime>2016-03-29 14:13:21 UTC</createdTime>
<ownerDesignName>M_DIMENSIONAL_AM</ownerDesignName>
<engineerTo>
<item key="A715A5C7-207F-7D0A-B55D-A2DB945CE6A6" value="true"/>
</engineerTo>
<adequatelyNormalized>NO</adequatelyNormalized>
<expectedVolumes>0</expectedVolumes>
<fwdEngineeringStrategyName>Single Table</fwdEngineeringStrategyName>
<growthPercent>0</growthPercent>
<growthType>Year</growthType>
<maxVolumes>9999999</maxVolumes>
<minVolumes>0</minVolumes>
<normalForm>Third</normalForm>
<attributes itemClass="oracle.dbtools.crest.model.design.logical.Attribute">
<Attribute name="sk_dim_promocao" id="987ACFB2-49B4-39AD-6695-268D865BB40D">
<createdBy>rm74585</createdBy>
<createdTime>2016-03-29 14:13:34 UTC</createdTime>
<ownerDesignName>M_DIMENSIONAL_AM</ownerDesignName>
<engineerTo>
<item key="A715A5C7-207F-7D0A-B55D-A2DB945CE6A6" value="true"/>
</engineerTo>
<useDomainConstraints>false</useDomainConstraints>
<use>1</use>
<logicalDatatype>LOGDT011</logicalDatatype>
<ownDataTypeParameters>,,</ownDataTypeParameters>
</Attribute>
<Attribute name="id_promocao" id="A22B2FCB-A6C8-35A0-E6A3-A903CBBF5E5B">
<createdBy>Gabriel Garcia</createdBy>
<createdTime>2016-05-15 14:25:59 UTC</createdTime>
<ownerDesignName>M_DIMENSIONAL_AM</ownerDesignName>
<engineerTo>
<item key="A715A5C7-207F-7D0A-B55D-A2DB945CE6A6" value="true"/>
</engineerTo>
<useDomainConstraints>false</useDomainConstraints>
<use>1</use>
<logicalDatatype>LOGDT011</logicalDatatype>
<ownDataTypeParameters>,,</ownDataTypeParameters>
</Attribute>
<Attribute name="nm_promocao" id="BD79D64A-9E50-9095-8C6C-95D19E03C846">
<createdBy>rm74585</createdBy>
<createdTime>2016-03-29 14:14:06 UTC</createdTime>
<ownerDesignName>M_DIMENSIONAL_AM</ownerDesignName>
<engineerTo>
<item key="A715A5C7-207F-7D0A-B55D-A2DB945CE6A6" value="true"/>
</engineerTo>
<useDomainConstraints>false</useDomainConstraints>
<use>1</use>
<logicalDatatype>LOGDT024</logicalDatatype>
<dataTypeSize>100</dataTypeSize>
<ownDataTypeParameters>100,,</ownDataTypeParameters>
</Attribute>
<Attribute name="dt_inicio" id="CD2F212E-0E8F-6E24-CE5A-89EA1BC921F8">
<createdBy>rm74585</createdBy>
<createdTime>2016-03-29 14:14:34 UTC</createdTime>
<ownerDesignName>M_DIMENSIONAL_AM</ownerDesignName>
<engineerTo>
<item key="A715A5C7-207F-7D0A-B55D-A2DB945CE6A6" value="true"/>
</engineerTo>
<useDomainConstraints>false</useDomainConstraints>
<use>1</use>
<logicalDatatype>LOGDT007</logicalDatatype>
<ownDataTypeParameters>,,</ownDataTypeParameters>
</Attribute>
<Attribute name="dt_fim" id="F051EE33-CDB2-D392-4CBF-7450D39C074E">
<createdBy>rm74585</createdBy>
<createdTime>2016-03-29 14:14:52 UTC</createdTime>
<ownerDesignName>M_DIMENSIONAL_AM</ownerDesignName>
<engineerTo>
<item key="A715A5C7-207F-7D0A-B55D-A2DB945CE6A6" value="true"/>
</engineerTo>
<nullsAllowed>true</nullsAllowed>
<useDomainConstraints>false</useDomainConstraints>
<use>1</use>
<logicalDatatype>LOGDT007</logicalDatatype>
<ownDataTypeParameters>,,</ownDataTypeParameters>
</Attribute>
<Attribute name="ds_tipo_promocao" id="2412CB02-2AB1-3765-AFFF-4A8CC44491D7">
<createdBy>rm74585</createdBy>
<createdTime>2016-03-29 14:15:09 UTC</createdTime>
<ownerDesignName>M_DIMENSIONAL_AM</ownerDesignName>
<engineerTo>
<item key="A715A5C7-207F-7D0A-B55D-A2DB945CE6A6" value="true"/>
</engineerTo>
<useDomainConstraints>false</useDomainConstraints>
<use>1</use>
<logicalDatatype>LOGDT024</logicalDatatype>
<dataTypeSize>150</dataTypeSize>
<ownDataTypeParameters>150,,</ownDataTypeParameters>
</Attribute>
<Attribute name="ds_promocao" id="CCE72EE9-B884-D86B-7663-1F72A8921396">
<createdBy>Gabriel Garcia</createdBy>
<createdTime>2016-05-15 14:30:17 UTC</createdTime>
<ownerDesignName>M_DIMENSIONAL_AM</ownerDesignName>
<engineerTo>
<item key="A715A5C7-207F-7D0A-B55D-A2DB945CE6A6" value="true"/>
</engineerTo>
<useDomainConstraints>false</useDomainConstraints>
<use>1</use>
<logicalDatatype>LOGDT024</logicalDatatype>
<dataTypeSize>150</dataTypeSize>
<ownDataTypeParameters>150,,</ownDataTypeParameters>
</Attribute>
<Attribute name="ds_publico_alvo" id="1E64D861-EAF9-BEA1-80A1-105DF7B9575A">
<createdBy>Gabriel Garcia</createdBy>
<createdTime>2016-05-15 14:31:44 UTC</createdTime>
<ownerDesignName>M_DIMENSIONAL_AM</ownerDesignName>
<engineerTo>
<item key="A715A5C7-207F-7D0A-B55D-A2DB945CE6A6" value="true"/>
</engineerTo>
<useDomainConstraints>false</useDomainConstraints>
<use>1</use>
<logicalDatatype>LOGDT024</logicalDatatype>
<dataTypeSize>80</dataTypeSize>
<ownDataTypeParameters>80,,</ownDataTypeParameters>
</Attribute>
<Attribute name="ds_objetivos_promocao" id="A4EA11CE-4ED7-F7E0-275F-D9F904581728">
<createdBy>Gabriel Garcia</createdBy>
<createdTime>2016-05-15 14:32:11 UTC</createdTime>
<ownerDesignName>M_DIMENSIONAL_AM</ownerDesignName>
<engineerTo>
<item key="A715A5C7-207F-7D0A-B55D-A2DB945CE6A6" value="true"/>
</engineerTo>
<useDomainConstraints>false</useDomainConstraints>
<use>1</use>
<logicalDatatype>LOGDT024</logicalDatatype>
<dataTypeSize>150</dataTypeSize>
<ownDataTypeParameters>150,,</ownDataTypeParameters>
</Attribute>
<Attribute name="ds_cupom_desconto" id="C5DF5194-A59E-68DB-D6B9-04393456459C">
<createdBy>Gabriel Garcia</createdBy>
<createdTime>2016-05-15 14:32:31 UTC</createdTime>
<ownerDesignName>M_DIMENSIONAL_AM</ownerDesignName>
<engineerTo>
<item key="A715A5C7-207F-7D0A-B55D-A2DB945CE6A6" value="true"/>
</engineerTo>
<useDomainConstraints>false</useDomainConstraints>
<use>1</use>
<logicalDatatype>LOGDT024</logicalDatatype>
<dataTypeSize>100</dataTypeSize>
<ownDataTypeParameters>100,,</ownDataTypeParameters>
</Attribute>
<Attribute name="ds_categoria_promocao" id="8739D9D3-0981-F12A-0B2B-8D63DC57F358">
<createdBy>Gabriel Garcia</createdBy>
<createdTime>2016-05-15 14:32:44 UTC</createdTime>
<ownerDesignName>M_DIMENSIONAL_AM</ownerDesignName>
<engineerTo>
<item key="A715A5C7-207F-7D0A-B55D-A2DB945CE6A6" value="true"/>
</engineerTo>
<useDomainConstraints>false</useDomainConstraints>
<use>1</use>
<logicalDatatype>LOGDT024</logicalDatatype>
<dataTypeSize>100</dataTypeSize>
<ownDataTypeParameters>100,,</ownDataTypeParameters>
</Attribute>
<Attribute name="ds_tipo_midia" id="897CA9AE-AAC7-E8D2-88B4-CDF562C76052">
<createdBy>Gabriel Garcia</createdBy>
<createdTime>2016-05-15 14:33:05 UTC</createdTime>
<ownerDesignName>M_DIMENSIONAL_AM</ownerDesignName>
<engineerTo>
<item key="A715A5C7-207F-7D0A-B55D-A2DB945CE6A6" value="true"/>
</engineerTo>
<useDomainConstraints>false</useDomainConstraints>
<use>1</use>
<logicalDatatype>LOGDT024</logicalDatatype>
<dataTypeSize>100</dataTypeSize>
<ownDataTypeParameters>100,,</ownDataTypeParameters>
</Attribute>
<Attribute name="nr_percentural_desconto" id="9A8C0578-819D-F152-3321-FFF849417AF1">
<createdBy>Gabriel Garcia</createdBy>
<createdTime>2016-05-15 14:33:27 UTC</createdTime>
<ownerDesignName>M_DIMENSIONAL_AM</ownerDesignName>
<engineerTo>
<item key="A715A5C7-207F-7D0A-B55D-A2DB945CE6A6" value="true"/>
</engineerTo>
<useDomainConstraints>false</useDomainConstraints>
<use>1</use>
<logicalDatatype>LOGDT019</logicalDatatype>
<dataTypePrecision>2</dataTypePrecision>
<ownDataTypeParameters>,2,</ownDataTypeParameters>
</Attribute>
<Attribute name="qtd_minima" id="8AF34477-93C4-22BE-6115-F51A7F922D98">
<createdBy>Gabriel Garcia</createdBy>
<createdTime>2016-05-15 14:33:52 UTC</createdTime>
<ownerDesignName>M_DIMENSIONAL_AM</ownerDesignName>
<engineerTo>
<item key="A715A5C7-207F-7D0A-B55D-A2DB945CE6A6" value="true"/>
</engineerTo>
<useDomainConstraints>false</useDomainConstraints>
<use>1</use>
<logicalDatatype>LOGDT019</logicalDatatype>
<dataTypePrecision>4</dataTypePrecision>
<ownDataTypeParameters>,4,</ownDataTypeParameters>
</Attribute>
<Attribute name="qtd_maxima" id="82811810-72D5-0EFC-2B94-949F6A09E530">
<createdBy>Gabriel Garcia</createdBy>
<createdTime>2016-05-15 14:34:14 UTC</createdTime>
<ownerDesignName>M_DIMENSIONAL_AM</ownerDesignName>
<engineerTo>
<item key="A715A5C7-207F-7D0A-B55D-A2DB945CE6A6" value="true"/>
</engineerTo>
<useDomainConstraints>false</useDomainConstraints>
<use>1</use>
<logicalDatatype>LOGDT019</logicalDatatype>
<dataTypePrecision>4</dataTypePrecision>
<ownDataTypeParameters>,4,</ownDataTypeParameters>
</Attribute>
<Attribute name="vl_custo_promocao" id="738157E0-7B8F-DA2D-4EBB-0E002BB4DAE5">
<createdBy>Gabriel Garcia</createdBy>
<createdTime>2016-05-15 14:34:31 UTC</createdTime>
<ownerDesignName>M_DIMENSIONAL_AM</ownerDesignName>
<engineerTo>
<item key="A715A5C7-207F-7D0A-B55D-A2DB945CE6A6" value="true"/>
</engineerTo>
<useDomainConstraints>false</useDomainConstraints>
<use>1</use>
<logicalDatatype>LOGDT019</logicalDatatype>
<dataTypePrecision>7</dataTypePrecision>
<dataTypeScale>2</dataTypeScale>
<ownDataTypeParameters>,7,2</ownDataTypeParameters>
</Attribute>
<Attribute name="Outros" id="2EA0EFDB-0755-6026-5EE6-ECE0E3B07899">
<createdBy>Gabriel Garcia</createdBy>
<createdTime>2016-05-15 14:34:47 UTC</createdTime>
<ownerDesignName>M_DIMENSIONAL_AM</ownerDesignName>
<engineerTo>
<item key="A715A5C7-207F-7D0A-B55D-A2DB945CE6A6" value="true"/>
</engineerTo>
<nullsAllowed>true</nullsAllowed>
<useDomainConstraints>false</useDomainConstraints>
<use>1</use>
<logicalDatatype>LOGDT040</logicalDatatype>
<ownDataTypeParameters>,,</ownDataTypeParameters>
</Attribute>
</attributes>
<identifiers itemClass="oracle.dbtools.crest.model.design.logical.CandidateKey">
<identifier id="10CE0FB0-4024-EF42-F916-9265E6942F2C" name="DIM_PROMOCAO PK">
<createdBy>rm74585</createdBy>
<createdTime>2016-03-29 14:13:56 UTC</createdTime>
<ownerDesignName>M_DIMENSIONAL_AM</ownerDesignName>
<engineerTo>
<item key="A715A5C7-207F-7D0A-B55D-A2DB945CE6A6" value="true"/>
</engineerTo>
<pk>true</pk>
<usedAttributes>
<attributeRef>987ACFB2-49B4-39AD-6695-268D865BB40D</attributeRef>
</usedAttributes>
</identifier>
</identifiers>
</Entity>