<?xml version = '1.0' encoding = 'UTF-8'?>
<Table class="oracle.dbtools.crest.model.design.relational.Table" directorySegmentName="seg_0" id="0A017316-A079-470B-B85C-EB4E73C6AD26" name="DIM_LOJA">
<createdBy>Gabriel Garcia</createdBy>
<createdTime>2016-05-15 23:48:20 UTC</createdTime>
<generatorID>CD6E5D5B-1BD2-EB41-3EC1-B851E5311374</generatorID>
<ownerDesignName>M_DIMENSIONAL_AM</ownerDesignName>
<allowColumnReorder>false</allowColumnReorder>
<existDependencyGenerateInDDl>true</existDependencyGenerateInDDl>
<parsed>true</parsed>
<columns itemClass="oracle.dbtools.crest.model.design.relational.Column">
<Column name="sk_dim_loja" id="FA7A138A-651D-68C9-B995-496C2E2824D3">
<createdBy>Gabriel Garcia</createdBy>
<createdTime>2016-05-15 23:48:20 UTC</createdTime>
<generatorID>66358C6A-848C-7B13-EBDE-EC407C97CEF0</generatorID>
<ownerDesignName>M_DIMENSIONAL_AM</ownerDesignName>
<useDomainConstraints>false</useDomainConstraints>
<use>1</use>
<logicalDatatype>LOGDT011</logicalDatatype>
<ownDataTypeParameters>,,</ownDataTypeParameters>
<autoIncrementCycle>false</autoIncrementCycle>
</Column>
<Column name="id_loja" id="DC0F65D7-AF7B-7D08-3A93-34E0E562E1ED">
<createdBy>Gabriel Garcia</createdBy>
<createdTime>2016-05-15 23:48:20 UTC</createdTime>
<generatorID>08FD741A-E28F-5913-8D4F-AF43C9A793C5</generatorID>
<ownerDesignName>M_DIMENSIONAL_AM</ownerDesignName>
<useDomainConstraints>false</useDomainConstraints>
<use>1</use>
<logicalDatatype>LOGDT011</logicalDatatype>
<ownDataTypeParameters>,,</ownDataTypeParameters>
<autoIncrementCycle>false</autoIncrementCycle>
</Column>
<Column name="nm_loja" id="E3403933-6281-C1FF-E047-1A564076801D">
<createdBy>Gabriel Garcia</createdBy>
<createdTime>2016-05-15 23:48:20 UTC</createdTime>
<generatorID>80F9E177-FB4F-4757-2108-DBE79C1F8133</generatorID>
<ownerDesignName>M_DIMENSIONAL_AM</ownerDesignName>
<useDomainConstraints>false</useDomainConstraints>
<use>1</use>
<logicalDatatype>LOGDT024</logicalDatatype>
<dataTypeSize>100</dataTypeSize>
<ownDataTypeParameters>100,,</ownDataTypeParameters>
<autoIncrementCycle>false</autoIncrementCycle>
</Column>
<Column name="cnpj_loja" id="033C90FC-5C5A-55ED-2DA8-FBBDB9FD8471">
<createdBy>Gabriel Garcia</createdBy>
<createdTime>2016-05-15 23:48:20 UTC</createdTime>
<generatorID>21BC393F-A509-C2AE-419E-6125245B9AB3</generatorID>
<ownerDesignName>M_DIMENSIONAL_AM</ownerDesignName>
<useDomainConstraints>false</useDomainConstraints>
<use>1</use>
<logicalDatatype>LOGDT025</logicalDatatype>
<dataTypeSize>20</dataTypeSize>
<ownDataTypeParameters>20,,</ownDataTypeParameters>
<autoIncrementCycle>false</autoIncrementCycle>
</Column>
<Column name="ed_loja" id="E79EBC30-6BC9-6244-2CDF-65F659176661">
<createdBy>Gabriel Garcia</createdBy>
<createdTime>2016-05-15 23:48:20 UTC</createdTime>
<generatorID>5216EF45-BC3F-6954-B3C6-AF45F4A539A9</generatorID>
<ownerDesignName>M_DIMENSIONAL_AM</ownerDesignName>
<useDomainConstraints>false</useDomainConstraints>
<use>1</use>
<logicalDatatype>LOGDT024</logicalDatatype>
<dataTypeSize>100</dataTypeSize>
<ownDataTypeParameters>100,,</ownDataTypeParameters>
<autoIncrementCycle>false</autoIncrementCycle>
</Column>
<Column name="cd_loja" id="6301B86D-172C-CF78-55CB-AD4761B79042">
<createdBy>Gabriel Garcia</createdBy>
<createdTime>2016-05-15 23:48:20 UTC</createdTime>
<generatorID>3C5A0054-C928-EADD-662D-2FF98D0E95DF</generatorID>
<ownerDesignName>M_DIMENSIONAL_AM</ownerDesignName>
<useDomainConstraints>false</useDomainConstraints>
<use>1</use>
<logicalDatatype>LOGDT024</logicalDatatype>
<dataTypeSize>50</dataTypeSize>
<ownDataTypeParameters>50,,</ownDataTypeParameters>
<autoIncrementCycle>false</autoIncrementCycle>
</Column>
<Column name="br_loja" id="6B91F2ED-4CBF-5205-7DCF-184793787E6E">
<createdBy>Gabriel Garcia</createdBy>
<createdTime>2016-05-15 23:48:20 UTC</createdTime>
<generatorID>A83A5D6C-C8F1-4F62-1742-1434DD90B6CF</generatorID>
<ownerDesignName>M_DIMENSIONAL_AM</ownerDesignName>
<useDomainConstraints>false</useDomainConstraints>
<use>1</use>
<logicalDatatype>LOGDT024</logicalDatatype>
<dataTypeSize>80</dataTypeSize>
<ownDataTypeParameters>80,,</ownDataTypeParameters>
<autoIncrementCycle>false</autoIncrementCycle>
</Column>
<Column name="ds_loja" id="BB59ECF8-D867-1062-93CB-F528AE70633D">
<createdBy>Gabriel Garcia</createdBy>
<createdTime>2016-05-15 23:48:20 UTC</createdTime>
<generatorID>06597EDC-3F13-72E0-D881-D94D75734FAE</generatorID>
<ownerDesignName>M_DIMENSIONAL_AM</ownerDesignName>
<useDomainConstraints>false</useDomainConstraints>
<use>1</use>
<logicalDatatype>LOGDT024</logicalDatatype>
<dataTypeSize>100</dataTypeSize>
<ownDataTypeParameters>100,,</ownDataTypeParameters>
<autoIncrementCycle>false</autoIncrementCycle>
</Column>
<Column name="zn_loja" id="1D6D0685-16E7-6BB1-0E5E-50D9D3A79EBE">
<createdBy>Gabriel Garcia</createdBy>
<createdTime>2016-05-15 23:48:20 UTC</createdTime>
<generatorID>E2AC8839-C802-D4B3-A7D6-2BC1C4A4453E</generatorID>
<ownerDesignName>M_DIMENSIONAL_AM</ownerDesignName>
<useDomainConstraints>false</useDomainConstraints>
<use>1</use>
<logicalDatatype>LOGDT024</logicalDatatype>
<dataTypeSize>80</dataTypeSize>
<ownDataTypeParameters>80,,</ownDataTypeParameters>
<autoIncrementCycle>false</autoIncrementCycle>
</Column>
<Column name="ds_regiao" id="5C80E714-A6BE-2A98-FDBE-77135FFC9ABC">
<createdBy>Gabriel Garcia</createdBy>
<createdTime>2016-05-15 23:48:20 UTC</createdTime>
<generatorID>905F7198-6D6D-56D1-A498-BEACC4A68EC1</generatorID>
<ownerDesignName>M_DIMENSIONAL_AM</ownerDesignName>
<useDomainConstraints>false</useDomainConstraints>
<use>1</use>
<logicalDatatype>LOGDT024</logicalDatatype>
<dataTypeSize>80</dataTypeSize>
<ownDataTypeParameters>80,,</ownDataTypeParameters>
<autoIncrementCycle>false</autoIncrementCycle>
</Column>
<Column name="ds_estado_loja" id="1C335F0B-543F-436E-353D-B672D511B41B">
<createdBy>Gabriel Garcia</createdBy>
<createdTime>2016-05-15 23:48:20 UTC</createdTime>
<generatorID>A84E1099-7D03-3DD7-C857-428A27768F18</generatorID>
<ownerDesignName>M_DIMENSIONAL_AM</ownerDesignName>
<useDomainConstraints>false</useDomainConstraints>
<use>1</use>
<logicalDatatype>LOGDT024</logicalDatatype>
<dataTypeSize>50</dataTypeSize>
<ownDataTypeParameters>50,,</ownDataTypeParameters>
<autoIncrementCycle>false</autoIncrementCycle>
</Column>
<Column name="ds_tipo_loja" id="15A6801B-82D4-0209-600D-3DAF66A7C1FD">
<createdBy>Gabriel Garcia</createdBy>
<createdTime>2016-05-15 23:48:20 UTC</createdTime>
<generatorID>4F0FA08A-F7B1-FD8D-ED27-BD3604A701E9</generatorID>
<ownerDesignName>M_DIMENSIONAL_AM</ownerDesignName>
<useDomainConstraints>false</useDomainConstraints>
<use>1</use>
<logicalDatatype>LOGDT024</logicalDatatype>
<dataTypeSize>100</dataTypeSize>
<ownDataTypeParameters>100,,</ownDataTypeParameters>
<autoIncrementCycle>false</autoIncrementCycle>
</Column>
<Column name="nr_metros_quadrados" id="A20C3995-14D7-1B05-E4FD-CC9F95B51FD5">
<createdBy>Gabriel Garcia</createdBy>
<createdTime>2016-05-15 23:48:20 UTC</createdTime>
<generatorID>6B1E838F-A816-69A3-C375-50267F45DD6E</generatorID>
<ownerDesignName>M_DIMENSIONAL_AM</ownerDesignName>
<useDomainConstraints>false</useDomainConstraints>
<use>1</use>
<logicalDatatype>LOGDT019</logicalDatatype>
<dataTypePrecision>5</dataTypePrecision>
<dataTypeScale>2</dataTypeScale>
<ownDataTypeParameters>,5,2</ownDataTypeParameters>
<autoIncrementCycle>false</autoIncrementCycle>
</Column>
<Column name="ds_cep" id="A17C336B-4C30-492B-4231-CB773ADA62E8">
<createdBy>Gabriel Garcia</createdBy>
<createdTime>2016-05-15 23:48:20 UTC</createdTime>
<generatorID>0C44FAAE-D86A-23E0-10EC-143E3037F13C</generatorID>
<ownerDesignName>M_DIMENSIONAL_AM</ownerDesignName>
<useDomainConstraints>false</useDomainConstraints>
<use>1</use>
<logicalDatatype>LOGDT025</logicalDatatype>
<dataTypeSize>9</dataTypeSize>
<ownDataTypeParameters>9,,</ownDataTypeParameters>
<autoIncrementCycle>false</autoIncrementCycle>
</Column>
<Column name="ds_tipo_planta" id="128DC7FC-F847-F956-17F8-262EC6B420BF">
<createdBy>Gabriel Garcia</createdBy>
<createdTime>2016-05-15 23:48:20 UTC</createdTime>
<generatorID>BA5B7E8C-EF01-6482-7A16-67D07CF603F0</generatorID>
<ownerDesignName>M_DIMENSIONAL_AM</ownerDesignName>
<useDomainConstraints>false</useDomainConstraints>
<use>1</use>
<logicalDatatype>LOGDT024</logicalDatatype>
<dataTypeSize>100</dataTypeSize>
<ownDataTypeParameters>100,,</ownDataTypeParameters>
<autoIncrementCycle>false</autoIncrementCycle>
</Column>
<Column name="dt_abertura_loja" id="D5F11A7A-8B21-7E1F-F5A6-14181B31519B">
<createdBy>Gabriel Garcia</createdBy>
<createdTime>2016-05-15 23:48:20 UTC</createdTime>
<generatorID>49E242D3-27C1-E308-0F29-46AE5DA59D5C</generatorID>
<ownerDesignName>M_DIMENSIONAL_AM</ownerDesignName>
<useDomainConstraints>false</useDomainConstraints>
<use>1</use>
<logicalDatatype>LOGDT007</logicalDatatype>
<ownDataTypeParameters>,,</ownDataTypeParameters>
<autoIncrementCycle>false</autoIncrementCycle>
</Column>
<Column name="dt_ultima_reforma" id="1E514E15-4E35-F55D-1484-207249B5E62B">
<createdBy>Gabriel Garcia</createdBy>
<createdTime>2016-05-15 23:48:20 UTC</createdTime>
<generatorID>4790D35D-8B85-E33A-2B9A-119AE613877C</generatorID>
<ownerDesignName>M_DIMENSIONAL_AM</ownerDesignName>
<useDomainConstraints>false</useDomainConstraints>
<use>1</use>
<logicalDatatype>LOGDT007</logicalDatatype>
<ownDataTypeParameters>,,</ownDataTypeParameters>
<autoIncrementCycle>false</autoIncrementCycle>
</Column>
<Column name="nm_gerente" id="8FFF0944-3304-CA84-913F-BDB56E766B2C">
<createdBy>Gabriel Garcia</createdBy>
<createdTime>2016-05-15 23:48:20 UTC</createdTime>
<generatorID>827E37DA-A674-65AA-1904-74D4E4D87F42</generatorID>
<ownerDesignName>M_DIMENSIONAL_AM</ownerDesignName>
<useDomainConstraints>false</useDomainConstraints>
<use>1</use>
<logicalDatatype>LOGDT024</logicalDatatype>
<dataTypeSize>100</dataTypeSize>
<ownDataTypeParameters>100,,</ownDataTypeParameters>
<autoIncrementCycle>false</autoIncrementCycle>
</Column>
<Column name="Outros" id="D1DB9AC1-3BD7-DFAD-049F-21D2AFE2D969">
<createdBy>Gabriel Garcia</createdBy>
<createdTime>2016-05-15 23:48:20 UTC</createdTime>
<generatorID>F0A7F40D-ED09-6E42-DEC4-44C6C57E1FB8</generatorID>
<ownerDesignName>M_DIMENSIONAL_AM</ownerDesignName>
<nullsAllowed>true</nullsAllowed>
<useDomainConstraints>false</useDomainConstraints>
<use>1</use>
<logicalDatatype>LOGDT040</logicalDatatype>
<ownDataTypeParameters>,,</ownDataTypeParameters>
<autoIncrementCycle>false</autoIncrementCycle>
</Column>
</columns>
<indexes itemClass="oracle.dbtools.crest.model.design.relational.Index">
<ind_PK_UK id="E1B0116F-FB3E-1575-8E36-8988AD4903A4" name="DIM_LOJA_PK">
<createdBy>Gabriel Garcia</createdBy>
<createdTime>2016-05-15 23:48:20 UTC</createdTime>
<generatorID>247C94A3-6B38-E5D8-2B2E-DC8B07704E38</generatorID>
<ownerDesignName>M_DIMENSIONAL_AM</ownerDesignName>
<pk>true</pk>
<indexState>Primary Constraint</indexState>
<isSurrogateKey>false</isSurrogateKey>
<indexColumnUsage>
<colUsage columnID="FA7A138A-651D-68C9-B995-496C2E2824D3"/>
</indexColumnUsage>
</ind_PK_UK>
</indexes>
</Table>