<?xml version = '1.0' encoding = 'UTF-8'?>
<Table class="oracle.dbtools.crest.model.design.relational.Table" directorySegmentName="seg_0" id="163F0876-D256-A207-928D-E3BF133A01C2" name="DIM_FUNCIONARIO">
<createdBy>Gabriel Garcia</createdBy>
<createdTime>2016-05-15 23:48:20 UTC</createdTime>
<generatorID>7EF33029-468C-9BE2-FED8-8CEA5A64DBA8</generatorID>
<ownerDesignName>M_DIMENSIONAL_AM</ownerDesignName>
<allowColumnReorder>false</allowColumnReorder>
<existDependencyGenerateInDDl>true</existDependencyGenerateInDDl>
<parsed>true</parsed>
<columns itemClass="oracle.dbtools.crest.model.design.relational.Column">
<Column name="sk_dim_funcionario" id="1A8B198E-9629-E85B-0C42-E8C7E820FF0F">
<createdBy>Gabriel Garcia</createdBy>
<createdTime>2016-05-15 23:48:20 UTC</createdTime>
<generatorID>CBA21E7B-E11C-6DCC-2C28-72C5CF4C53D7</generatorID>
<ownerDesignName>M_DIMENSIONAL_AM</ownerDesignName>
<useDomainConstraints>false</useDomainConstraints>
<use>1</use>
<logicalDatatype>LOGDT011</logicalDatatype>
<ownDataTypeParameters>,,</ownDataTypeParameters>
<autoIncrementCycle>false</autoIncrementCycle>
</Column>
<Column name="id_funcionario" id="9882260A-0EA9-C8EA-C00C-64C5682E8A46">
<createdBy>Gabriel Garcia</createdBy>
<createdTime>2016-05-15 23:48:20 UTC</createdTime>
<generatorID>0A032D78-72BB-EBA3-2D58-B47C2DC27DBA</generatorID>
<ownerDesignName>M_DIMENSIONAL_AM</ownerDesignName>
<useDomainConstraints>false</useDomainConstraints>
<use>1</use>
<logicalDatatype>LOGDT011</logicalDatatype>
<ownDataTypeParameters>,,</ownDataTypeParameters>
<autoIncrementCycle>false</autoIncrementCycle>
</Column>
<Column name="nm_funcioanrio" id="AAAFB3E4-A4A0-81BE-9AE8-1D5681BE84F9">
<createdBy>Gabriel Garcia</createdBy>
<createdTime>2016-05-15 23:48:20 UTC</createdTime>
<generatorID>FD24F2BE-9CEA-26E4-8A4A-8B05F37C817B</generatorID>
<ownerDesignName>M_DIMENSIONAL_AM</ownerDesignName>
<useDomainConstraints>false</useDomainConstraints>
<use>1</use>
<logicalDatatype>LOGDT024</logicalDatatype>
<dataTypeSize>150</dataTypeSize>
<ownDataTypeParameters>150,,</ownDataTypeParameters>
<autoIncrementCycle>false</autoIncrementCycle>
</Column>
<Column name="cg_funcionario" id="CA3EA06D-2CAA-0657-CA30-0AB144727D86">
<createdBy>Gabriel Garcia</createdBy>
<createdTime>2016-05-15 23:48:20 UTC</createdTime>
<generatorID>16E30FEB-0B69-8462-7388-E7F34A8A07CB</generatorID>
<ownerDesignName>M_DIMENSIONAL_AM</ownerDesignName>
<useDomainConstraints>false</useDomainConstraints>
<use>1</use>
<logicalDatatype>LOGDT024</logicalDatatype>
<dataTypeSize>50</dataTypeSize>
<ownDataTypeParameters>50,,</ownDataTypeParameters>
<autoIncrementCycle>false</autoIncrementCycle>
</Column>
<Column name="sx_funcionario" id="201709D6-CE7E-772A-32C7-D5B71FA95992">
<createdBy>Gabriel Garcia</createdBy>
<createdTime>2016-05-15 23:48:20 UTC</createdTime>
<generatorID>A4F44008-8AF4-E2B9-1B87-1F18683F6885</generatorID>
<ownerDesignName>M_DIMENSIONAL_AM</ownerDesignName>
<useDomainConstraints>false</useDomainConstraints>
<use>1</use>
<logicalDatatype>LOGDT025</logicalDatatype>
<dataTypeSize>1</dataTypeSize>
<ownDataTypeParameters>1,,</ownDataTypeParameters>
<autoIncrementCycle>false</autoIncrementCycle>
</Column>
<Column name="dd_funcionario" id="3F81D22A-0CAF-1639-865C-FBF6E1BF1C05">
<createdBy>Gabriel Garcia</createdBy>
<createdTime>2016-05-15 23:48:20 UTC</createdTime>
<generatorID>D8D4F179-B0C0-0DFA-CF46-3BAAF7AA3F3E</generatorID>
<ownerDesignName>M_DIMENSIONAL_AM</ownerDesignName>
<useDomainConstraints>false</useDomainConstraints>
<use>1</use>
<logicalDatatype>LOGDT019</logicalDatatype>
<dataTypePrecision>3</dataTypePrecision>
<ownDataTypeParameters>,3,</ownDataTypeParameters>
<autoIncrementCycle>false</autoIncrementCycle>
</Column>
<Column name="dt_adimissao_funcionario" id="F6F9295C-76D2-5745-A09C-4B4746C23C00">
<createdBy>Gabriel Garcia</createdBy>
<createdTime>2016-05-15 23:48:20 UTC</createdTime>
<generatorID>0284C687-0DD9-E168-CE39-F1B1B92C2E87</generatorID>
<ownerDesignName>M_DIMENSIONAL_AM</ownerDesignName>
<useDomainConstraints>false</useDomainConstraints>
<use>1</use>
<logicalDatatype>LOGDT007</logicalDatatype>
<ownDataTypeParameters>,,</ownDataTypeParameters>
<autoIncrementCycle>false</autoIncrementCycle>
</Column>
<Column name="vl_salario_funcionario" id="442F2BFD-E65D-D8D0-5AB5-963F5256D5D2">
<createdBy>Gabriel Garcia</createdBy>
<createdTime>2016-05-15 23:48:20 UTC</createdTime>
<generatorID>996721A2-E564-0C5D-4FFA-8ADD724B0625</generatorID>
<ownerDesignName>M_DIMENSIONAL_AM</ownerDesignName>
<useDomainConstraints>false</useDomainConstraints>
<use>1</use>
<logicalDatatype>LOGDT019</logicalDatatype>
<dataTypePrecision>7</dataTypePrecision>
<dataTypeScale>2</dataTypeScale>
<ownDataTypeParameters>,7,2</ownDataTypeParameters>
<autoIncrementCycle>false</autoIncrementCycle>
</Column>
<Column name="ds_estado_civil" id="3F9C75B5-A5C7-1E8B-C858-D1EACD9B98E2">
<createdBy>Gabriel Garcia</createdBy>
<createdTime>2016-05-15 23:48:20 UTC</createdTime>
<generatorID>EBF6D331-EB63-E9BB-D8EB-516AF655EA50</generatorID>
<ownerDesignName>M_DIMENSIONAL_AM</ownerDesignName>
<useDomainConstraints>false</useDomainConstraints>
<use>1</use>
<logicalDatatype>LOGDT024</logicalDatatype>
<dataTypeSize>40</dataTypeSize>
<ownDataTypeParameters>40,,</ownDataTypeParameters>
<autoIncrementCycle>false</autoIncrementCycle>
</Column>
<Column name="nr_dependentes" id="85C89A51-5005-FB32-7868-D13A47F2FE37">
<createdBy>Gabriel Garcia</createdBy>
<createdTime>2016-05-15 23:48:20 UTC</createdTime>
<generatorID>47FA2C90-3234-50EC-3452-BC975ABE9BFF</generatorID>
<ownerDesignName>M_DIMENSIONAL_AM</ownerDesignName>
<useDomainConstraints>false</useDomainConstraints>
<use>1</use>
<logicalDatatype>LOGDT019</logicalDatatype>
<dataTypePrecision>2</dataTypePrecision>
<ownDataTypeParameters>,2,</ownDataTypeParameters>
<autoIncrementCycle>false</autoIncrementCycle>
</Column>
<Column name="ds_grau_instrucao" id="2FC9A0B0-8F8C-0224-3D84-CFCE4323CFE6">
<createdBy>Gabriel Garcia</createdBy>
<createdTime>2016-05-15 23:48:20 UTC</createdTime>
<generatorID>A721A1EB-5F87-D1BE-D77A-E0899236555B</generatorID>
<ownerDesignName>M_DIMENSIONAL_AM</ownerDesignName>
<useDomainConstraints>false</useDomainConstraints>
<use>1</use>
<logicalDatatype>LOGDT024</logicalDatatype>
<dataTypeSize>100</dataTypeSize>
<ownDataTypeParameters>100,,</ownDataTypeParameters>
<autoIncrementCycle>false</autoIncrementCycle>
</Column>
<Column name="bo_grau_instru_completo" id="A62033A9-86A3-DF2F-87D8-C8E259B8F36D">
<createdBy>Gabriel Garcia</createdBy>
<createdTime>2016-05-15 23:48:20 UTC</createdTime>
<generatorID>75E9BCEF-C4B8-9985-290C-852C5A04F5EC</generatorID>
<ownerDesignName>M_DIMENSIONAL_AM</ownerDesignName>
<useDomainConstraints>false</useDomainConstraints>
<use>1</use>
<logicalDatatype>LOGDT006</logicalDatatype>
<dataTypeSize>1</dataTypeSize>
<ownDataTypeParameters>1,,</ownDataTypeParameters>
<autoIncrementCycle>false</autoIncrementCycle>
</Column>
<Column name="id_cargo_funcionario" id="07E5DEFA-D43D-A641-9128-7B35A11D74C3">
<createdBy>Gabriel Garcia</createdBy>
<createdTime>2016-05-15 23:48:20 UTC</createdTime>
<generatorID>015847E1-F860-425A-5C0C-86B90827BA50</generatorID>
<ownerDesignName>M_DIMENSIONAL_AM</ownerDesignName>
<useDomainConstraints>false</useDomainConstraints>
<use>1</use>
<logicalDatatype>LOGDT011</logicalDatatype>
<ownDataTypeParameters>,,</ownDataTypeParameters>
<autoIncrementCycle>false</autoIncrementCycle>
</Column>
<Column name="ds_cargo_funcionario" id="6AF98300-24E4-8D9E-D56E-5C1BFA5A7E2B">
<createdBy>Gabriel Garcia</createdBy>
<createdTime>2016-05-15 23:48:20 UTC</createdTime>
<generatorID>51574CFE-3A32-06F8-F26F-40226FBE080A</generatorID>
<ownerDesignName>M_DIMENSIONAL_AM</ownerDesignName>
<useDomainConstraints>false</useDomainConstraints>
<use>1</use>
<logicalDatatype>LOGDT024</logicalDatatype>
<dataTypeSize>100</dataTypeSize>
<ownDataTypeParameters>100,,</ownDataTypeParameters>
<autoIncrementCycle>false</autoIncrementCycle>
</Column>
<Column name="id_superior_imediato" id="E8F46A5C-1D42-97BE-3E9F-60FF174C5710">
<createdBy>Gabriel Garcia</createdBy>
<createdTime>2016-05-15 23:48:20 UTC</createdTime>
<generatorID>FB9F906A-3AE2-1679-3BD9-3AD276D0FE04</generatorID>
<ownerDesignName>M_DIMENSIONAL_AM</ownerDesignName>
<useDomainConstraints>false</useDomainConstraints>
<use>1</use>
<logicalDatatype>LOGDT011</logicalDatatype>
<ownDataTypeParameters>,,</ownDataTypeParameters>
<autoIncrementCycle>false</autoIncrementCycle>
</Column>
<Column name="nm_superior_imediato" id="298DB1F9-92C6-7EEE-E1E9-90AC27033D72">
<createdBy>Gabriel Garcia</createdBy>
<createdTime>2016-05-15 23:48:20 UTC</createdTime>
<generatorID>DA663986-F1EB-7C85-DE03-A164BB8AFBA5</generatorID>
<ownerDesignName>M_DIMENSIONAL_AM</ownerDesignName>
<useDomainConstraints>false</useDomainConstraints>
<use>1</use>
<logicalDatatype>LOGDT024</logicalDatatype>
<dataTypeSize>100</dataTypeSize>
<ownDataTypeParameters>100,,</ownDataTypeParameters>
<autoIncrementCycle>false</autoIncrementCycle>
</Column>
<Column name="dt_nascimento" id="DB752ED5-B515-2BF5-082D-FA0E7941116F">
<createdBy>Gabriel Garcia</createdBy>
<createdTime>2016-05-15 23:48:20 UTC</createdTime>
<generatorID>C904C15C-83AC-E493-924A-3314D09556CA</generatorID>
<ownerDesignName>M_DIMENSIONAL_AM</ownerDesignName>
<useDomainConstraints>false</useDomainConstraints>
<use>1</use>
<logicalDatatype>LOGDT007</logicalDatatype>
<ownDataTypeParameters>,,</ownDataTypeParameters>
<autoIncrementCycle>false</autoIncrementCycle>
</Column>
<Column name="dt_liberacao" id="4D78AEF3-FD39-E787-72B9-5B81D9A78FC6">
<createdBy>Gabriel Garcia</createdBy>
<createdTime>2016-05-15 23:48:20 UTC</createdTime>
<generatorID>5AAF01F8-B91B-FCBE-532A-24301EBC01A2</generatorID>
<ownerDesignName>M_DIMENSIONAL_AM</ownerDesignName>
<useDomainConstraints>false</useDomainConstraints>
<use>1</use>
<logicalDatatype>LOGDT007</logicalDatatype>
<ownDataTypeParameters>,,</ownDataTypeParameters>
<autoIncrementCycle>false</autoIncrementCycle>
</Column>
<Column name="bo_atualmente_contratado" id="A733D291-BFB9-FB35-C6DF-06178E3E1AC4">
<createdBy>Gabriel Garcia</createdBy>
<createdTime>2016-05-15 23:48:20 UTC</createdTime>
<generatorID>462BCB8B-0EAC-0122-4C0A-AA521801C027</generatorID>
<ownerDesignName>M_DIMENSIONAL_AM</ownerDesignName>
<useDomainConstraints>false</useDomainConstraints>
<use>1</use>
<logicalDatatype>LOGDT006</logicalDatatype>
<dataTypeSize>1</dataTypeSize>
<ownDataTypeParameters>1,,</ownDataTypeParameters>
<autoIncrementCycle>false</autoIncrementCycle>
</Column>
<Column name="Outros" id="82E05571-8B3B-9F6C-6CD5-7FCBF1844633">
<createdBy>Gabriel Garcia</createdBy>
<createdTime>2016-05-15 23:48:20 UTC</createdTime>
<generatorID>C36905CC-3A7F-0FEC-769F-5FB79AD091DE</generatorID>
<ownerDesignName>M_DIMENSIONAL_AM</ownerDesignName>
<nullsAllowed>true</nullsAllowed>
<useDomainConstraints>false</useDomainConstraints>
<use>1</use>
<logicalDatatype>LOGDT040</logicalDatatype>
<ownDataTypeParameters>,,</ownDataTypeParameters>
<autoIncrementCycle>false</autoIncrementCycle>
</Column>
</columns>
<indexes itemClass="oracle.dbtools.crest.model.design.relational.Index">
<ind_PK_UK id="4E44D063-1DEB-D2E9-E025-F7C4AABAEF6E" name="DIM_FUNCIONARIO_PK">
<createdBy>Gabriel Garcia</createdBy>
<createdTime>2016-05-15 23:48:20 UTC</createdTime>
<generatorID>93377274-AA3C-7F26-47F1-722FA77B1B43</generatorID>
<ownerDesignName>M_DIMENSIONAL_AM</ownerDesignName>
<pk>true</pk>
<indexState>Primary Constraint</indexState>
<isSurrogateKey>false</isSurrogateKey>
<indexColumnUsage>
<colUsage columnID="1A8B198E-9629-E85B-0C42-E8C7E820FF0F"/>
</indexColumnUsage>
</ind_PK_UK>
</indexes>
</Table>