<?xml version = '1.0' encoding = 'UTF-8'?>
<Table class="oracle.dbtools.crest.model.design.relational.Table" directorySegmentName="seg_0" id="225BD311-8DE5-C33A-4CA5-24099808D35A" name="DIM_PROMOCAO">
<createdBy>Gabriel Garcia</createdBy>
<createdTime>2016-05-15 23:48:20 UTC</createdTime>
<generatorID>AC0B8396-C74A-A756-70F9-64DE99BCB89D</generatorID>
<ownerDesignName>M_DIMENSIONAL_AM</ownerDesignName>
<allowColumnReorder>false</allowColumnReorder>
<existDependencyGenerateInDDl>true</existDependencyGenerateInDDl>
<parsed>true</parsed>
<columns itemClass="oracle.dbtools.crest.model.design.relational.Column">
<Column name="sk_dim_promocao" id="DE286264-D89B-6684-E413-07284F1E7326">
<createdBy>Gabriel Garcia</createdBy>
<createdTime>2016-05-15 23:48:20 UTC</createdTime>
<generatorID>987ACFB2-49B4-39AD-6695-268D865BB40D</generatorID>
<ownerDesignName>M_DIMENSIONAL_AM</ownerDesignName>
<useDomainConstraints>false</useDomainConstraints>
<use>1</use>
<logicalDatatype>LOGDT011</logicalDatatype>
<ownDataTypeParameters>,,</ownDataTypeParameters>
<autoIncrementCycle>false</autoIncrementCycle>
</Column>
<Column name="id_promocao" id="B2EA4A4E-9B3A-451A-B934-9A57A02BAED1">
<createdBy>Gabriel Garcia</createdBy>
<createdTime>2016-05-15 23:48:20 UTC</createdTime>
<generatorID>A22B2FCB-A6C8-35A0-E6A3-A903CBBF5E5B</generatorID>
<ownerDesignName>M_DIMENSIONAL_AM</ownerDesignName>
<useDomainConstraints>false</useDomainConstraints>
<use>1</use>
<logicalDatatype>LOGDT011</logicalDatatype>
<ownDataTypeParameters>,,</ownDataTypeParameters>
<autoIncrementCycle>false</autoIncrementCycle>
</Column>
<Column name="nm_promocao" id="65626C5E-1E92-A78D-47FC-721BEACA2ABC">
<createdBy>Gabriel Garcia</createdBy>
<createdTime>2016-05-15 23:48:20 UTC</createdTime>
<generatorID>BD79D64A-9E50-9095-8C6C-95D19E03C846</generatorID>
<ownerDesignName>M_DIMENSIONAL_AM</ownerDesignName>
<useDomainConstraints>false</useDomainConstraints>
<use>1</use>
<logicalDatatype>LOGDT024</logicalDatatype>
<dataTypeSize>100</dataTypeSize>
<ownDataTypeParameters>100,,</ownDataTypeParameters>
<autoIncrementCycle>false</autoIncrementCycle>
</Column>
<Column name="dt_inicio" id="B29DB2FB-5D30-4705-55A3-D939B7F7C07B">
<createdBy>Gabriel Garcia</createdBy>
<createdTime>2016-05-15 23:48:20 UTC</createdTime>
<generatorID>CD2F212E-0E8F-6E24-CE5A-89EA1BC921F8</generatorID>
<ownerDesignName>M_DIMENSIONAL_AM</ownerDesignName>
<useDomainConstraints>false</useDomainConstraints>
<use>1</use>
<logicalDatatype>LOGDT007</logicalDatatype>
<ownDataTypeParameters>,,</ownDataTypeParameters>
<autoIncrementCycle>false</autoIncrementCycle>
</Column>
<Column name="dt_fim" id="12B786F1-62FB-3048-3453-47913DC7671A">
<createdBy>Gabriel Garcia</createdBy>
<createdTime>2016-05-15 23:48:20 UTC</createdTime>
<generatorID>F051EE33-CDB2-D392-4CBF-7450D39C074E</generatorID>
<ownerDesignName>M_DIMENSIONAL_AM</ownerDesignName>
<nullsAllowed>true</nullsAllowed>
<useDomainConstraints>false</useDomainConstraints>
<use>1</use>
<logicalDatatype>LOGDT007</logicalDatatype>
<ownDataTypeParameters>,,</ownDataTypeParameters>
<autoIncrementCycle>false</autoIncrementCycle>
</Column>
<Column name="ds_tipo_promocao" id="DDB4802A-A22B-0064-7443-D0020782D9A2">
<createdBy>Gabriel Garcia</createdBy>
<createdTime>2016-05-15 23:48:20 UTC</createdTime>
<generatorID>2412CB02-2AB1-3765-AFFF-4A8CC44491D7</generatorID>
<ownerDesignName>M_DIMENSIONAL_AM</ownerDesignName>
<useDomainConstraints>false</useDomainConstraints>
<use>1</use>
<logicalDatatype>LOGDT024</logicalDatatype>
<dataTypeSize>150</dataTypeSize>
<ownDataTypeParameters>150,,</ownDataTypeParameters>
<autoIncrementCycle>false</autoIncrementCycle>
</Column>
<Column name="ds_promocao" id="95136BEA-1097-734F-74EE-C22C2DDD34B5">
<createdBy>Gabriel Garcia</createdBy>
<createdTime>2016-05-15 23:48:20 UTC</createdTime>
<generatorID>CCE72EE9-B884-D86B-7663-1F72A8921396</generatorID>
<ownerDesignName>M_DIMENSIONAL_AM</ownerDesignName>
<useDomainConstraints>false</useDomainConstraints>
<use>1</use>
<logicalDatatype>LOGDT024</logicalDatatype>
<dataTypeSize>150</dataTypeSize>
<ownDataTypeParameters>150,,</ownDataTypeParameters>
<autoIncrementCycle>false</autoIncrementCycle>
</Column>
<Column name="ds_publico_alvo" id="4F4CFE4D-4D76-D901-A9E3-5121F2DCB006">
<createdBy>Gabriel Garcia</createdBy>
<createdTime>2016-05-15 23:48:20 UTC</createdTime>
<generatorID>1E64D861-EAF9-BEA1-80A1-105DF7B9575A</generatorID>
<ownerDesignName>M_DIMENSIONAL_AM</ownerDesignName>
<useDomainConstraints>false</useDomainConstraints>
<use>1</use>
<logicalDatatype>LOGDT024</logicalDatatype>
<dataTypeSize>80</dataTypeSize>
<ownDataTypeParameters>80,,</ownDataTypeParameters>
<autoIncrementCycle>false</autoIncrementCycle>
</Column>
<Column name="ds_objetivos_promocao" id="BA885EA5-3416-9C99-8562-B01AE0DC04F8">
<createdBy>Gabriel Garcia</createdBy>
<createdTime>2016-05-15 23:48:20 UTC</createdTime>
<generatorID>A4EA11CE-4ED7-F7E0-275F-D9F904581728</generatorID>
<ownerDesignName>M_DIMENSIONAL_AM</ownerDesignName>
<useDomainConstraints>false</useDomainConstraints>
<use>1</use>
<logicalDatatype>LOGDT024</logicalDatatype>
<dataTypeSize>150</dataTypeSize>
<ownDataTypeParameters>150,,</ownDataTypeParameters>
<autoIncrementCycle>false</autoIncrementCycle>
</Column>
<Column name="ds_cupom_desconto" id="E967C222-E86C-2042-0834-5FB68CA127BD">
<createdBy>Gabriel Garcia</createdBy>
<createdTime>2016-05-15 23:48:20 UTC</createdTime>
<generatorID>C5DF5194-A59E-68DB-D6B9-04393456459C</generatorID>
<ownerDesignName>M_DIMENSIONAL_AM</ownerDesignName>
<useDomainConstraints>false</useDomainConstraints>
<use>1</use>
<logicalDatatype>LOGDT024</logicalDatatype>
<dataTypeSize>100</dataTypeSize>
<ownDataTypeParameters>100,,</ownDataTypeParameters>
<autoIncrementCycle>false</autoIncrementCycle>
</Column>
<Column name="ds_categoria_promocao" id="AA07FF96-5FEB-D5D4-BAF3-2EE6F8CAAD26">
<createdBy>Gabriel Garcia</createdBy>
<createdTime>2016-05-15 23:48:20 UTC</createdTime>
<generatorID>8739D9D3-0981-F12A-0B2B-8D63DC57F358</generatorID>
<ownerDesignName>M_DIMENSIONAL_AM</ownerDesignName>
<useDomainConstraints>false</useDomainConstraints>
<use>1</use>
<logicalDatatype>LOGDT024</logicalDatatype>
<dataTypeSize>100</dataTypeSize>
<ownDataTypeParameters>100,,</ownDataTypeParameters>
<autoIncrementCycle>false</autoIncrementCycle>
</Column>
<Column name="ds_tipo_midia" id="3D4A89AF-641A-F4C9-F9C1-8EFA5DBA53C3">
<createdBy>Gabriel Garcia</createdBy>
<createdTime>2016-05-15 23:48:20 UTC</createdTime>
<generatorID>897CA9AE-AAC7-E8D2-88B4-CDF562C76052</generatorID>
<ownerDesignName>M_DIMENSIONAL_AM</ownerDesignName>
<useDomainConstraints>false</useDomainConstraints>
<use>1</use>
<logicalDatatype>LOGDT024</logicalDatatype>
<dataTypeSize>100</dataTypeSize>
<ownDataTypeParameters>100,,</ownDataTypeParameters>
<autoIncrementCycle>false</autoIncrementCycle>
</Column>
<Column name="nr_percentural_desconto" id="0BEC227C-58B2-5901-AEF3-D85B4E3C53F6">
<createdBy>Gabriel Garcia</createdBy>
<createdTime>2016-05-15 23:48:20 UTC</createdTime>
<generatorID>9A8C0578-819D-F152-3321-FFF849417AF1</generatorID>
<ownerDesignName>M_DIMENSIONAL_AM</ownerDesignName>
<useDomainConstraints>false</useDomainConstraints>
<use>1</use>
<logicalDatatype>LOGDT019</logicalDatatype>
<dataTypePrecision>2</dataTypePrecision>
<ownDataTypeParameters>,2,</ownDataTypeParameters>
<autoIncrementCycle>false</autoIncrementCycle>
</Column>
<Column name="qtd_minima" id="E7196EC4-3CD0-42D5-7732-0CD4D9E77AB4">
<createdBy>Gabriel Garcia</createdBy>
<createdTime>2016-05-15 23:48:20 UTC</createdTime>
<generatorID>8AF34477-93C4-22BE-6115-F51A7F922D98</generatorID>
<ownerDesignName>M_DIMENSIONAL_AM</ownerDesignName>
<useDomainConstraints>false</useDomainConstraints>
<use>1</use>
<logicalDatatype>LOGDT019</logicalDatatype>
<dataTypePrecision>4</dataTypePrecision>
<ownDataTypeParameters>,4,</ownDataTypeParameters>
<autoIncrementCycle>false</autoIncrementCycle>
</Column>
<Column name="qtd_maxima" id="FB0E3714-DEBD-B50B-511D-114FCA15CFB6">
<createdBy>Gabriel Garcia</createdBy>
<createdTime>2016-05-15 23:48:20 UTC</createdTime>
<generatorID>82811810-72D5-0EFC-2B94-949F6A09E530</generatorID>
<ownerDesignName>M_DIMENSIONAL_AM</ownerDesignName>
<useDomainConstraints>false</useDomainConstraints>
<use>1</use>
<logicalDatatype>LOGDT019</logicalDatatype>
<dataTypePrecision>4</dataTypePrecision>
<ownDataTypeParameters>,4,</ownDataTypeParameters>
<autoIncrementCycle>false</autoIncrementCycle>
</Column>
<Column name="vl_custo_promocao" id="FAE4BF1B-B89B-5403-3EDA-D324281C38D3">
<createdBy>Gabriel Garcia</createdBy>
<createdTime>2016-05-15 23:48:20 UTC</createdTime>
<generatorID>738157E0-7B8F-DA2D-4EBB-0E002BB4DAE5</generatorID>
<ownerDesignName>M_DIMENSIONAL_AM</ownerDesignName>
<useDomainConstraints>false</useDomainConstraints>
<use>1</use>
<logicalDatatype>LOGDT019</logicalDatatype>
<dataTypePrecision>7</dataTypePrecision>
<dataTypeScale>2</dataTypeScale>
<ownDataTypeParameters>,7,2</ownDataTypeParameters>
<autoIncrementCycle>false</autoIncrementCycle>
</Column>
<Column name="Outros" id="25C7FF42-D952-B36D-B989-914729C5DE40">
<createdBy>Gabriel Garcia</createdBy>
<createdTime>2016-05-15 23:48:20 UTC</createdTime>
<generatorID>2EA0EFDB-0755-6026-5EE6-ECE0E3B07899</generatorID>
<ownerDesignName>M_DIMENSIONAL_AM</ownerDesignName>
<nullsAllowed>true</nullsAllowed>
<useDomainConstraints>false</useDomainConstraints>
<use>1</use>
<logicalDatatype>LOGDT040</logicalDatatype>
<ownDataTypeParameters>,,</ownDataTypeParameters>
<autoIncrementCycle>false</autoIncrementCycle>
</Column>
</columns>
<indexes itemClass="oracle.dbtools.crest.model.design.relational.Index">
<ind_PK_UK id="EDEE898A-4D6D-A49C-D552-473422B3A167" name="DIM_PROMOCAO_PK">
<createdBy>Gabriel Garcia</createdBy>
<createdTime>2016-05-15 23:48:20 UTC</createdTime>
<generatorID>10CE0FB0-4024-EF42-F916-9265E6942F2C</generatorID>
<ownerDesignName>M_DIMENSIONAL_AM</ownerDesignName>
<pk>true</pk>
<indexState>Primary Constraint</indexState>
<isSurrogateKey>false</isSurrogateKey>
<indexColumnUsage>
<colUsage columnID="DE286264-D89B-6684-E413-07284F1E7326"/>
</indexColumnUsage>
</ind_PK_UK>
</indexes>
</Table>