<?xml version = '1.0' encoding = 'UTF-8'?>
<Table class="oracle.dbtools.crest.model.design.relational.Table" directorySegmentName="seg_0" id="8594F74B-5536-8806-D54A-9A5DA7B094C4" name="FAT_ESTOQUE">
<createdBy>Gabriel Garcia</createdBy>
<createdTime>2016-05-15 23:48:20 UTC</createdTime>
<generatorID>1AFEBCD3-03B2-EA03-0069-81CC0EC8101A</generatorID>
<ownerDesignName>M_DIMENSIONAL_AM</ownerDesignName>
<allowColumnReorder>false</allowColumnReorder>
<existDependencyGenerateInDDl>true</existDependencyGenerateInDDl>
<parsed>true</parsed>
<columns itemClass="oracle.dbtools.crest.model.design.relational.Column">
<Column name="DIM_DATA_sk_dim_data" id="9F1E257A-4D44-67E9-D70D-F89295B69C12">
<createdBy>Gabriel Garcia</createdBy>
<createdTime>2016-05-15 23:48:20 UTC</createdTime>
<generatorID>09D68912-FE2E-938D-3477-7048DE4CA953</generatorID>
<ownerDesignName>M_DIMENSIONAL_AM</ownerDesignName>
<useDomainConstraints>false</useDomainConstraints>
<use>1</use>
<logicalDatatype>LOGDT011</logicalDatatype>
<ownDataTypeParameters>,,</ownDataTypeParameters>
<previousColumn>false</previousColumn>
<autoIncrementCycle>false</autoIncrementCycle>
<associations>
<colAssociation fkAssociation="CD6E80BB-5E77-EF1F-7201-7FB26D4D3067" referredColumn="5388F354-7772-5AF6-7EB6-790BB17A2365"/>
</associations>
</Column>
<Column name="DIM_LOJA_sk_dim_loja" id="060D0765-7879-A23B-335A-C2405F80F468">
<createdBy>Gabriel Garcia</createdBy>
<createdTime>2016-05-15 23:48:20 UTC</createdTime>
<generatorID>965062D3-75B4-683A-A5FE-B1C67AA607DB</generatorID>
<ownerDesignName>M_DIMENSIONAL_AM</ownerDesignName>
<useDomainConstraints>false</useDomainConstraints>
<use>1</use>
<logicalDatatype>LOGDT011</logicalDatatype>
<ownDataTypeParameters>,,</ownDataTypeParameters>
<previousColumn>false</previousColumn>
<autoIncrementCycle>false</autoIncrementCycle>
<associations>
<colAssociation fkAssociation="5FC34C3E-EEAC-364A-F743-6356A374AA3F" referredColumn="FA7A138A-651D-68C9-B995-496C2E2824D3"/>
</associations>
</Column>
<Column name="DIM_PRODUTO_sk_dim_produto" id="574F90E0-68B6-6976-1CD5-4EDB6B4C13BC">
<createdBy>Gabriel Garcia</createdBy>
<createdTime>2016-05-15 23:48:20 UTC</createdTime>
<generatorID>ECFA15F2-DE80-0F7E-9160-7C5C2E187BC9</generatorID>
<ownerDesignName>M_DIMENSIONAL_AM</ownerDesignName>
<useDomainConstraints>false</useDomainConstraints>
<use>1</use>
<logicalDatatype>LOGDT011</logicalDatatype>
<ownDataTypeParameters>,,</ownDataTypeParameters>
<previousColumn>false</previousColumn>
<autoIncrementCycle>false</autoIncrementCycle>
<associations>
<colAssociation fkAssociation="C4B0F8CA-8832-677F-64BD-B51DC7053CDA" referredColumn="3BF02A65-69C7-4BA4-22A5-D0B701A171B5"/>
</associations>
</Column>
<Column name="qtd_disponivel" id="F5C3DA9D-D10A-E71E-5C18-C95413289CE2">
<createdBy>Gabriel Garcia</createdBy>
<createdTime>2016-05-15 23:48:20 UTC</createdTime>
<generatorID>9CA60B92-3829-0080-2C23-D0434DE17657</generatorID>
<ownerDesignName>M_DIMENSIONAL_AM</ownerDesignName>
<useDomainConstraints>false</useDomainConstraints>
<use>1</use>
<logicalDatatype>LOGDT019</logicalDatatype>
<dataTypePrecision>5</dataTypePrecision>
<ownDataTypeParameters>,5,</ownDataTypeParameters>
<autoIncrementCycle>false</autoIncrementCycle>
</Column>
<Column name="qtd_vendida" id="F079826F-E0BF-BB06-488A-2653E685E0F5">
<createdBy>Gabriel Garcia</createdBy>
<createdTime>2016-05-15 23:48:20 UTC</createdTime>
<generatorID>9D2A45EB-37FE-3379-F752-6931D3145C21</generatorID>
<ownerDesignName>M_DIMENSIONAL_AM</ownerDesignName>
<useDomainConstraints>false</useDomainConstraints>
<use>1</use>
<logicalDatatype>LOGDT019</logicalDatatype>
<dataTypePrecision>5</dataTypePrecision>
<ownDataTypeParameters>,5,</ownDataTypeParameters>
<autoIncrementCycle>false</autoIncrementCycle>
</Column>
<Column name="vl_custo" id="DF169827-165E-6601-6D95-1518A5A5B065">
<createdBy>Gabriel Garcia</createdBy>
<createdTime>2016-05-15 23:48:20 UTC</createdTime>
<generatorID>A27385B8-B6BA-2F26-D342-FB90D096C710</generatorID>
<ownerDesignName>M_DIMENSIONAL_AM</ownerDesignName>
<useDomainConstraints>false</useDomainConstraints>
<use>1</use>
<logicalDatatype>LOGDT019</logicalDatatype>
<dataTypePrecision>7</dataTypePrecision>
<dataTypeScale>2</dataTypeScale>
<ownDataTypeParameters>,7,2</ownDataTypeParameters>
<autoIncrementCycle>false</autoIncrementCycle>
</Column>
<Column name="vl_custo_lista" id="B64303B7-DFF9-C910-A3AD-DE0730B3203C">
<createdBy>Gabriel Garcia</createdBy>
<createdTime>2016-05-15 23:48:20 UTC</createdTime>
<generatorID>05A620F6-376B-3525-55B9-9D87D9525E32</generatorID>
<ownerDesignName>M_DIMENSIONAL_AM</ownerDesignName>
<useDomainConstraints>false</useDomainConstraints>
<use>1</use>
<logicalDatatype>LOGDT019</logicalDatatype>
<dataTypePrecision>7</dataTypePrecision>
<dataTypeScale>2</dataTypeScale>
<ownDataTypeParameters>,7,2</ownDataTypeParameters>
<autoIncrementCycle>false</autoIncrementCycle>
</Column>
<Column name="vl_preco" id="A895265D-EABF-E4A9-AC40-1EA3C7313138">
<createdBy>Gabriel Garcia</createdBy>
<createdTime>2016-05-15 23:48:20 UTC</createdTime>
<generatorID>61753D82-AFA7-F56D-611C-0C2B7450206D</generatorID>
<ownerDesignName>M_DIMENSIONAL_AM</ownerDesignName>
<useDomainConstraints>false</useDomainConstraints>
<use>1</use>
<logicalDatatype>LOGDT019</logicalDatatype>
<dataTypePrecision>7</dataTypePrecision>
<dataTypeScale>2</dataTypeScale>
<ownDataTypeParameters>,7,2</ownDataTypeParameters>
<autoIncrementCycle>false</autoIncrementCycle>
</Column>
<Column name="vl_custo_dolar" id="6A43E505-5540-3789-4034-2C545BDCD1F7">
<createdBy>Gabriel Garcia</createdBy>
<createdTime>2016-05-15 23:48:20 UTC</createdTime>
<generatorID>3C3C9257-B023-D38A-8FA6-A13CC7026AE7</generatorID>
<ownerDesignName>M_DIMENSIONAL_AM</ownerDesignName>
<useDomainConstraints>false</useDomainConstraints>
<use>1</use>
<logicalDatatype>LOGDT019</logicalDatatype>
<dataTypePrecision>7</dataTypePrecision>
<dataTypeScale>2</dataTypeScale>
<ownDataTypeParameters>,7,2</ownDataTypeParameters>
<autoIncrementCycle>false</autoIncrementCycle>
</Column>
<Column name="vl_preco_dolar" id="81C22089-EE3A-F34D-1D00-F2424FDFBFA4">
<createdBy>Gabriel Garcia</createdBy>
<createdTime>2016-05-15 23:48:20 UTC</createdTime>
<generatorID>2F1D3CC1-8F89-79CA-D831-5DF0F59ED702</generatorID>
<ownerDesignName>M_DIMENSIONAL_AM</ownerDesignName>
<useDomainConstraints>false</useDomainConstraints>
<use>1</use>
<logicalDatatype>LOGDT019</logicalDatatype>
<dataTypePrecision>2</dataTypePrecision>
<dataTypeScale>2</dataTypeScale>
<ownDataTypeParameters>,2,2</ownDataTypeParameters>
<autoIncrementCycle>false</autoIncrementCycle>
</Column>
<Column name="qtd_comprada" id="63F6D8B5-A225-9A09-F91E-6AB4B8F867EF">
<createdBy>Gabriel Garcia</createdBy>
<createdTime>2016-05-15 23:48:20 UTC</createdTime>
<generatorID>0AE219D1-8549-390C-C50C-3B5FAE224423</generatorID>
<ownerDesignName>M_DIMENSIONAL_AM</ownerDesignName>
<useDomainConstraints>false</useDomainConstraints>
<use>1</use>
<logicalDatatype>LOGDT019</logicalDatatype>
<dataTypePrecision>5</dataTypePrecision>
<ownDataTypeParameters>,5,</ownDataTypeParameters>
<autoIncrementCycle>false</autoIncrementCycle>
</Column>
<Column name="qtd_recebida" id="22A954C2-B892-17C1-8406-EA70DA09A91E">
<createdBy>Gabriel Garcia</createdBy>
<createdTime>2016-05-15 23:48:20 UTC</createdTime>
<generatorID>D5210138-2A26-9EEF-D1FC-7C2170E00457</generatorID>
<ownerDesignName>M_DIMENSIONAL_AM</ownerDesignName>
<useDomainConstraints>false</useDomainConstraints>
<use>1</use>
<logicalDatatype>LOGDT019</logicalDatatype>
<dataTypePrecision>5</dataTypePrecision>
<ownDataTypeParameters>,5,</ownDataTypeParameters>
<autoIncrementCycle>false</autoIncrementCycle>
</Column>
<Column name="qtd_inspecionada" id="67768A20-CECF-3CC2-6BC8-79E1FD2C13E2">
<createdBy>Gabriel Garcia</createdBy>
<createdTime>2016-05-15 23:48:20 UTC</createdTime>
<generatorID>82E08664-DEFD-9F25-2BCC-F4163CF7C1CD</generatorID>
<ownerDesignName>M_DIMENSIONAL_AM</ownerDesignName>
<useDomainConstraints>false</useDomainConstraints>
<use>1</use>
<logicalDatatype>LOGDT019</logicalDatatype>
<dataTypePrecision>5</dataTypePrecision>
<ownDataTypeParameters>,5,</ownDataTypeParameters>
<autoIncrementCycle>false</autoIncrementCycle>
</Column>
<Column name="qtd_aceita" id="6046C347-147E-7BD4-7119-3E476F6BFD39">
<createdBy>Gabriel Garcia</createdBy>
<createdTime>2016-05-15 23:48:20 UTC</createdTime>
<generatorID>2B28B885-BF57-6799-3073-1A611AF59421</generatorID>
<ownerDesignName>M_DIMENSIONAL_AM</ownerDesignName>
<useDomainConstraints>false</useDomainConstraints>
<use>1</use>
<logicalDatatype>LOGDT019</logicalDatatype>
<dataTypePrecision>5</dataTypePrecision>
<ownDataTypeParameters>,5,</ownDataTypeParameters>
<autoIncrementCycle>false</autoIncrementCycle>
</Column>
<Column name="qtd_devolvida" id="1F563600-4A48-D879-9F28-4EA697EE9AE9">
<createdBy>Gabriel Garcia</createdBy>
<createdTime>2016-05-15 23:48:20 UTC</createdTime>
<generatorID>F1E3C8EC-399F-2EEF-1430-E231CC64C442</generatorID>
<ownerDesignName>M_DIMENSIONAL_AM</ownerDesignName>
<useDomainConstraints>false</useDomainConstraints>
<use>1</use>
<logicalDatatype>LOGDT019</logicalDatatype>
<dataTypePrecision>5</dataTypePrecision>
<ownDataTypeParameters>,5,</ownDataTypeParameters>
<autoIncrementCycle>false</autoIncrementCycle>
</Column>
<Column name="qtd_vencida" id="35E27251-3CFD-3037-F5EC-0C559A15B404">
<createdBy>Gabriel Garcia</createdBy>
<createdTime>2016-05-15 23:48:20 UTC</createdTime>
<generatorID>7A2205B7-A56E-C8B6-101E-60EC4D7568B4</generatorID>
<ownerDesignName>M_DIMENSIONAL_AM</ownerDesignName>
<useDomainConstraints>false</useDomainConstraints>
<use>1</use>
<logicalDatatype>LOGDT019</logicalDatatype>
<dataTypePrecision>5</dataTypePrecision>
<ownDataTypeParameters>,5,</ownDataTypeParameters>
<autoIncrementCycle>false</autoIncrementCycle>
</Column>
<Column name="qtd_removida_vencimento" id="4FDD6064-D5F9-092F-5BA8-D0278DE6DE0E">
<createdBy>Gabriel Garcia</createdBy>
<createdTime>2016-05-15 23:48:20 UTC</createdTime>
<generatorID>5CD0571F-A41D-1902-D94A-6E302300CF5D</generatorID>
<ownerDesignName>M_DIMENSIONAL_AM</ownerDesignName>
<useDomainConstraints>false</useDomainConstraints>
<use>1</use>
<logicalDatatype>LOGDT019</logicalDatatype>
<dataTypePrecision>5</dataTypePrecision>
<ownDataTypeParameters>,5,</ownDataTypeParameters>
<autoIncrementCycle>false</autoIncrementCycle>
</Column>
<Column name="Outros" id="5FFC6276-C576-E6FD-9426-C102C619D4CC">
<createdBy>Gabriel Garcia</createdBy>
<createdTime>2016-05-15 23:48:20 UTC</createdTime>
<generatorID>92E3263A-DD49-32ED-0547-ED83153E99BA</generatorID>
<ownerDesignName>M_DIMENSIONAL_AM</ownerDesignName>
<nullsAllowed>true</nullsAllowed>
<useDomainConstraints>false</useDomainConstraints>
<use>1</use>
<logicalDatatype>LOGDT040</logicalDatatype>
<ownDataTypeParameters>,,</ownDataTypeParameters>
<autoIncrementCycle>false</autoIncrementCycle>
</Column>
</columns>
<indexes itemClass="oracle.dbtools.crest.model.design.relational.Index">
<ind_PK_UK id="1AA9B899-2254-49DB-3DE1-63FFF8763F27" name="FAT_ESTOQUE_PK">
<createdBy>Gabriel Garcia</createdBy>
<createdTime>2016-05-15 23:48:20 UTC</createdTime>
<generatorID>D4E64E57-1C3E-9082-0979-2E53D15F863F</generatorID>
<ownerDesignName>M_DIMENSIONAL_AM</ownerDesignName>
<pk>true</pk>
<indexState>Primary Constraint</indexState>
<isSurrogateKey>false</isSurrogateKey>
<indexColumnUsage>
<colUsage columnID="9F1E257A-4D44-67E9-D70D-F89295B69C12"/>
<colUsage columnID="060D0765-7879-A23B-335A-C2405F80F468"/>
<colUsage columnID="574F90E0-68B6-6976-1CD5-4EDB6B4C13BC"/>
</indexColumnUsage>
</ind_PK_UK>
<ind_PK_UK id="38C11853-6B07-7F61-E5E4-693823BD0464" name="FAT_ESTOQUE_DIM_DATA_FK">
<createdBy>Gabriel Garcia</createdBy>
<createdTime>2016-05-15 23:48:20 UTC</createdTime>
<generatorID>30B404B0-5274-4CF8-0548-0199D9565231</generatorID>
<ownerDesignName>M_DIMENSIONAL_AM</ownerDesignName>
<indexState>Foreign Key</indexState>
<isSurrogateKey>false</isSurrogateKey>
<indexColumnUsage>
<colUsage columnID="9F1E257A-4D44-67E9-D70D-F89295B69C12"/>
</indexColumnUsage>
</ind_PK_UK>
<ind_PK_UK id="D3BC18B4-DA1C-7332-498D-4FCCFDE5591F" name="FAT_ESTOQUE_DIM_LOJA_FK">
<createdBy>Gabriel Garcia</createdBy>
<createdTime>2016-05-15 23:48:20 UTC</createdTime>
<generatorID>5E1F592A-4EE1-B0C7-A4CC-9FA57AE33209</generatorID>
<ownerDesignName>M_DIMENSIONAL_AM</ownerDesignName>
<indexState>Foreign Key</indexState>
<isSurrogateKey>false</isSurrogateKey>
<indexColumnUsage>
<colUsage columnID="060D0765-7879-A23B-335A-C2405F80F468"/>
</indexColumnUsage>
</ind_PK_UK>
<ind_PK_UK id="462A782B-58E7-9C61-28E6-3B6FC728C9D8" name="FAT_ESTOQUE_DIM_PRODUTO_FK">
<createdBy>Gabriel Garcia</createdBy>
<createdTime>2016-05-15 23:48:20 UTC</createdTime>
<generatorID>AE8FC017-C320-9B6F-B5F3-95BBADB5B4C5</generatorID>
<ownerDesignName>M_DIMENSIONAL_AM</ownerDesignName>
<indexState>Foreign Key</indexState>
<isSurrogateKey>false</isSurrogateKey>
<indexColumnUsage>
<colUsage columnID="574F90E0-68B6-6976-1CD5-4EDB6B4C13BC"/>
</indexColumnUsage>
</ind_PK_UK>
</indexes>
</Table>