<?xml version = '1.0' encoding = 'UTF-8'?>
<Table class="oracle.dbtools.crest.model.design.relational.Table" directorySegmentName="seg_0" id="89D8BF6D-EC92-DC92-7243-6E3BCE1AD335" name="FAT_VENDA">
<createdBy>Gabriel Garcia</createdBy>
<createdTime>2016-05-15 23:48:20 UTC</createdTime>
<generatorID>3495F01E-64A6-E8A4-7093-FA23375B9976</generatorID>
<ownerDesignName>M_DIMENSIONAL_AM</ownerDesignName>
<allowColumnReorder>false</allowColumnReorder>
<existDependencyGenerateInDDl>true</existDependencyGenerateInDDl>
<parsed>true</parsed>
<columns itemClass="oracle.dbtools.crest.model.design.relational.Column">
<Column name="DIM_LOJA_sk_dim_loja" id="12546C72-7932-BEB6-480A-EFEE1810233E">
<createdBy>Gabriel Garcia</createdBy>
<createdTime>2016-05-15 23:48:20 UTC</createdTime>
<generatorID>7EEF4D44-07BF-F41A-EEBD-AF3908BBB7A2</generatorID>
<ownerDesignName>M_DIMENSIONAL_AM</ownerDesignName>
<useDomainConstraints>false</useDomainConstraints>
<use>1</use>
<logicalDatatype>LOGDT011</logicalDatatype>
<ownDataTypeParameters>,,</ownDataTypeParameters>
<previousColumn>false</previousColumn>
<autoIncrementCycle>false</autoIncrementCycle>
<associations>
<colAssociation fkAssociation="53DA86ED-7DC1-B52E-40A7-1AAD2BA7EAA4" referredColumn="FA7A138A-651D-68C9-B995-496C2E2824D3"/>
</associations>
</Column>
<Column name="DIM_CLIENTE_sk_dim_cliente" id="4B6457C8-9CFA-A3BB-B187-6994697356B1">
<createdBy>Gabriel Garcia</createdBy>
<createdTime>2016-05-15 23:48:20 UTC</createdTime>
<generatorID>A9D38000-7F3B-4C9B-4557-30856F5F5903</generatorID>
<ownerDesignName>M_DIMENSIONAL_AM</ownerDesignName>
<useDomainConstraints>false</useDomainConstraints>
<use>1</use>
<logicalDatatype>LOGDT011</logicalDatatype>
<ownDataTypeParameters>,,</ownDataTypeParameters>
<previousColumn>false</previousColumn>
<autoIncrementCycle>false</autoIncrementCycle>
<associations>
<colAssociation fkAssociation="DE0ACE95-A4EC-24AD-9D41-D238219D4C7F" referredColumn="97C9416E-139B-D11A-7B40-007FF0298859"/>
</associations>
</Column>
<Column name="DIM_PROMOCAO_sk_dim_promocao" id="3F054E98-CDCD-0644-1F58-3769AD0950D6">
<createdBy>Gabriel Garcia</createdBy>
<createdTime>2016-05-15 23:48:20 UTC</createdTime>
<generatorID>F8FAAA56-3ADB-DC95-D785-F40A353D6BEC</generatorID>
<ownerDesignName>M_DIMENSIONAL_AM</ownerDesignName>
<useDomainConstraints>false</useDomainConstraints>
<use>1</use>
<logicalDatatype>LOGDT011</logicalDatatype>
<ownDataTypeParameters>,,</ownDataTypeParameters>
<previousColumn>false</previousColumn>
<autoIncrementCycle>false</autoIncrementCycle>
<associations>
<colAssociation fkAssociation="E428C768-362B-6615-F330-48060676527E" referredColumn="DE286264-D89B-6684-E413-07284F1E7326"/>
</associations>
</Column>
<Column name="DIM_DATA_sk_dim_data" id="6258A5D4-B404-FE2C-C6F8-7E479FED5235">
<createdBy>Gabriel Garcia</createdBy>
<createdTime>2016-05-15 23:48:20 UTC</createdTime>
<generatorID>AB6B723B-AE9E-C426-F452-6F7F2793107C</generatorID>
<ownerDesignName>M_DIMENSIONAL_AM</ownerDesignName>
<useDomainConstraints>false</useDomainConstraints>
<use>1</use>
<logicalDatatype>LOGDT011</logicalDatatype>
<ownDataTypeParameters>,,</ownDataTypeParameters>
<previousColumn>false</previousColumn>
<autoIncrementCycle>false</autoIncrementCycle>
<associations>
<colAssociation fkAssociation="97F2ECC2-562C-BCE4-6776-9602C71BC90F" referredColumn="5388F354-7772-5AF6-7EB6-790BB17A2365"/>
</associations>
</Column>
<Column name="DIM_FUNCIONARIO_sk_dim_func" id="1B86D0AE-088C-7699-8663-4EF949781F0B">
<createdBy>Gabriel Garcia</createdBy>
<createdTime>2016-05-15 23:48:20 UTC</createdTime>
<generatorID>D509ED34-CE10-87E0-9E0A-B857CF53FEA7</generatorID>
<ownerDesignName>M_DIMENSIONAL_AM</ownerDesignName>
<useDomainConstraints>false</useDomainConstraints>
<use>1</use>
<logicalDatatype>LOGDT011</logicalDatatype>
<ownDataTypeParameters>,,</ownDataTypeParameters>
<previousColumn>false</previousColumn>
<autoIncrementCycle>false</autoIncrementCycle>
<associations>
<colAssociation fkAssociation="AD475A55-FB7B-1549-F3E2-B2F4E752F4CF" referredColumn="1A8B198E-9629-E85B-0C42-E8C7E820FF0F"/>
</associations>
</Column>
<Column name="DIM_PRODUTO_sk_dim_produto" id="781978DD-118F-D019-C9F0-DE119A8422ED">
<createdBy>Gabriel Garcia</createdBy>
<createdTime>2016-05-15 23:48:20 UTC</createdTime>
<generatorID>73EC9C17-970C-DBED-CD69-B57E90FB1B85</generatorID>
<ownerDesignName>M_DIMENSIONAL_AM</ownerDesignName>
<useDomainConstraints>false</useDomainConstraints>
<use>1</use>
<logicalDatatype>LOGDT011</logicalDatatype>
<ownDataTypeParameters>,,</ownDataTypeParameters>
<previousColumn>false</previousColumn>
<autoIncrementCycle>false</autoIncrementCycle>
<associations>
<colAssociation fkAssociation="86735BB5-BC74-BD1F-F0A0-4BE47A6F9C93" referredColumn="3BF02A65-69C7-4BA4-22A5-D0B701A171B5"/>
</associations>
</Column>
<Column name="qtd_venda" id="A89A5843-5C5E-8C6B-79FF-D4DF286CF191">
<createdBy>Gabriel Garcia</createdBy>
<createdTime>2016-05-15 23:48:20 UTC</createdTime>
<generatorID>6BD8B544-2A93-54B8-864F-9F2DF5FCCCA1</generatorID>
<ownerDesignName>M_DIMENSIONAL_AM</ownerDesignName>
<useDomainConstraints>false</useDomainConstraints>
<use>1</use>
<logicalDatatype>LOGDT019</logicalDatatype>
<dataTypePrecision>7</dataTypePrecision>
<dataTypeScale>2</dataTypeScale>
<ownDataTypeParameters>,7,2</ownDataTypeParameters>
<autoIncrementCycle>false</autoIncrementCycle>
</Column>
<Column name="vl_preco_unitario" id="707456BA-7DF9-86EE-210B-C2E36AE92C4E">
<createdBy>Gabriel Garcia</createdBy>
<createdTime>2016-05-15 23:48:20 UTC</createdTime>
<generatorID>A6DD04B1-263B-4EA7-F09A-1941F0C6A89A</generatorID>
<ownerDesignName>M_DIMENSIONAL_AM</ownerDesignName>
<useDomainConstraints>false</useDomainConstraints>
<use>1</use>
<logicalDatatype>LOGDT019</logicalDatatype>
<dataTypePrecision>7</dataTypePrecision>
<dataTypeScale>2</dataTypeScale>
<ownDataTypeParameters>,7,2</ownDataTypeParameters>
<autoIncrementCycle>false</autoIncrementCycle>
</Column>
<Column name="vl_custo_unitario" id="C10E9926-A4DB-656B-EAFB-AD915539986B">
<createdBy>Gabriel Garcia</createdBy>
<createdTime>2016-05-15 23:48:20 UTC</createdTime>
<generatorID>96689D2E-64C9-7C4E-6091-01C40FCCF343</generatorID>
<ownerDesignName>M_DIMENSIONAL_AM</ownerDesignName>
<useDomainConstraints>false</useDomainConstraints>
<use>1</use>
<logicalDatatype>LOGDT019</logicalDatatype>
<dataTypePrecision>7</dataTypePrecision>
<dataTypeScale>2</dataTypeScale>
<ownDataTypeParameters>,7,2</ownDataTypeParameters>
<autoIncrementCycle>false</autoIncrementCycle>
</Column>
<Column name="vl_desconto_unitario" id="34C3D57B-2518-3BFF-96FD-219FAA2D3E84">
<createdBy>Gabriel Garcia</createdBy>
<createdTime>2016-05-15 23:48:20 UTC</createdTime>
<generatorID>9F2D84C2-7468-4934-9E6C-0A70F6002F54</generatorID>
<ownerDesignName>M_DIMENSIONAL_AM</ownerDesignName>
<useDomainConstraints>false</useDomainConstraints>
<use>1</use>
<logicalDatatype>LOGDT019</logicalDatatype>
<dataTypePrecision>7</dataTypePrecision>
<dataTypeScale>2</dataTypeScale>
<ownDataTypeParameters>,7,2</ownDataTypeParameters>
<autoIncrementCycle>false</autoIncrementCycle>
</Column>
<Column name="vl_total_preco" id="5253DB35-D36D-CF07-1347-6EEC7C54328E">
<createdBy>Gabriel Garcia</createdBy>
<createdTime>2016-05-15 23:48:20 UTC</createdTime>
<generatorID>0FA0C092-B4EE-ED11-C315-5DDDEBF8010D</generatorID>
<ownerDesignName>M_DIMENSIONAL_AM</ownerDesignName>
<useDomainConstraints>false</useDomainConstraints>
<use>1</use>
<logicalDatatype>LOGDT019</logicalDatatype>
<dataTypePrecision>7</dataTypePrecision>
<dataTypeScale>2</dataTypeScale>
<ownDataTypeParameters>,7,2</ownDataTypeParameters>
<autoIncrementCycle>false</autoIncrementCycle>
</Column>
<Column name="vl_total_custo" id="AFCC944F-B64B-8646-BEB3-59E0A99EE12E">
<createdBy>Gabriel Garcia</createdBy>
<createdTime>2016-05-15 23:48:20 UTC</createdTime>
<generatorID>85747D7B-BCCA-CE13-FB0C-4F22B950FFBD</generatorID>
<ownerDesignName>M_DIMENSIONAL_AM</ownerDesignName>
<useDomainConstraints>false</useDomainConstraints>
<use>1</use>
<logicalDatatype>LOGDT019</logicalDatatype>
<dataTypePrecision>7</dataTypePrecision>
<dataTypeScale>2</dataTypeScale>
<ownDataTypeParameters>,7,2</ownDataTypeParameters>
<autoIncrementCycle>false</autoIncrementCycle>
</Column>
<Column name="vl_total_desconto" id="D93E5C68-D260-5617-97A8-4AEAE3248AF1">
<createdBy>Gabriel Garcia</createdBy>
<createdTime>2016-05-15 23:48:20 UTC</createdTime>
<generatorID>8EF690E6-6418-5A29-4627-4AE4CBB58BB9</generatorID>
<ownerDesignName>M_DIMENSIONAL_AM</ownerDesignName>
<useDomainConstraints>false</useDomainConstraints>
<use>1</use>
<logicalDatatype>LOGDT019</logicalDatatype>
<dataTypePrecision>7</dataTypePrecision>
<dataTypeScale>2</dataTypeScale>
<ownDataTypeParameters>,7,2</ownDataTypeParameters>
<autoIncrementCycle>false</autoIncrementCycle>
</Column>
<Column name="vl_total_imposto" id="1FC5FD2E-B871-B4A8-307E-9FC6AAB8755B">
<createdBy>Gabriel Garcia</createdBy>
<createdTime>2016-05-15 23:48:20 UTC</createdTime>
<generatorID>A94879CC-F71D-6580-B74E-4F30D90DCC32</generatorID>
<ownerDesignName>M_DIMENSIONAL_AM</ownerDesignName>
<useDomainConstraints>false</useDomainConstraints>
<use>1</use>
<logicalDatatype>LOGDT019</logicalDatatype>
<dataTypePrecision>7</dataTypePrecision>
<dataTypeScale>2</dataTypeScale>
<ownDataTypeParameters>,7,2</ownDataTypeParameters>
<autoIncrementCycle>false</autoIncrementCycle>
</Column>
<Column name="vl_lucro_bruto" id="7B6A7718-884B-1E0D-1048-A3CF92003F36">
<createdBy>Gabriel Garcia</createdBy>
<createdTime>2016-05-15 23:48:20 UTC</createdTime>
<generatorID>231D62FA-DF63-6940-581C-B9FF1BF734FB</generatorID>
<ownerDesignName>M_DIMENSIONAL_AM</ownerDesignName>
<useDomainConstraints>false</useDomainConstraints>
<use>1</use>
<logicalDatatype>LOGDT019</logicalDatatype>
<dataTypePrecision>7</dataTypePrecision>
<dataTypeScale>2</dataTypeScale>
<ownDataTypeParameters>,7,2</ownDataTypeParameters>
<autoIncrementCycle>false</autoIncrementCycle>
</Column>
<Column name="Outros" id="6F337302-9094-C443-B053-815CFB08B735">
<createdBy>Gabriel Garcia</createdBy>
<createdTime>2016-05-15 23:48:20 UTC</createdTime>
<generatorID>9032C449-944E-8F26-6908-6FABB0B6F24C</generatorID>
<ownerDesignName>M_DIMENSIONAL_AM</ownerDesignName>
<nullsAllowed>true</nullsAllowed>
<useDomainConstraints>false</useDomainConstraints>
<use>1</use>
<logicalDatatype>LOGDT040</logicalDatatype>
<ownDataTypeParameters>,,</ownDataTypeParameters>
<autoIncrementCycle>false</autoIncrementCycle>
</Column>
</columns>
<indexes itemClass="oracle.dbtools.crest.model.design.relational.Index">
<ind_PK_UK id="D43911A7-1B95-DB3C-25D7-47E148040FE7" name="FAT_VENDA_PK">
<createdBy>Gabriel Garcia</createdBy>
<createdTime>2016-05-15 23:48:20 UTC</createdTime>
<generatorID>38F48D74-B741-9970-522C-6EB795A3DB5A</generatorID>
<ownerDesignName>M_DIMENSIONAL_AM</ownerDesignName>
<pk>true</pk>
<indexState>Primary Constraint</indexState>
<isSurrogateKey>false</isSurrogateKey>
<indexColumnUsage>
<colUsage columnID="4B6457C8-9CFA-A3BB-B187-6994697356B1"/>
<colUsage columnID="3F054E98-CDCD-0644-1F58-3769AD0950D6"/>
<colUsage columnID="6258A5D4-B404-FE2C-C6F8-7E479FED5235"/>
<colUsage columnID="1B86D0AE-088C-7699-8663-4EF949781F0B"/>
<colUsage columnID="781978DD-118F-D019-C9F0-DE119A8422ED"/>
</indexColumnUsage>
</ind_PK_UK>
<ind_PK_UK id="120F651F-9CB9-5C9A-65FC-45634E39DB33" name="FAT_VENDA_DIM_CLIENTE_FK">
<createdBy>Gabriel Garcia</createdBy>
<createdTime>2016-05-15 23:48:20 UTC</createdTime>
<generatorID>0B93C8F8-6CB2-41D2-62B6-0EE071C0788D</generatorID>
<ownerDesignName>M_DIMENSIONAL_AM</ownerDesignName>
<indexState>Foreign Key</indexState>
<isSurrogateKey>false</isSurrogateKey>
<indexColumnUsage>
<colUsage columnID="4B6457C8-9CFA-A3BB-B187-6994697356B1"/>
</indexColumnUsage>
</ind_PK_UK>
<ind_PK_UK id="DD93FDD1-F5B9-FDC6-D66D-931DC4D09926" name="FAT_VENDA_DIM_DATA_FK">
<createdBy>Gabriel Garcia</createdBy>
<createdTime>2016-05-15 23:48:20 UTC</createdTime>
<generatorID>A56676FF-4938-EEAA-EE34-509006259801</generatorID>
<ownerDesignName>M_DIMENSIONAL_AM</ownerDesignName>
<indexState>Foreign Key</indexState>
<isSurrogateKey>false</isSurrogateKey>
<indexColumnUsage>
<colUsage columnID="6258A5D4-B404-FE2C-C6F8-7E479FED5235"/>
</indexColumnUsage>
</ind_PK_UK>
<ind_PK_UK id="ECE53BCC-0B1E-09DA-6A7E-2B8A3E3CECCB" name="FAT_VENDA_DIM_FUNCIONARIO_FK">
<createdBy>Gabriel Garcia</createdBy>
<createdTime>2016-05-15 23:48:20 UTC</createdTime>
<generatorID>80E63F1C-06D3-8D31-1951-6E2C9D3F57EA</generatorID>
<ownerDesignName>M_DIMENSIONAL_AM</ownerDesignName>
<indexState>Foreign Key</indexState>
<isSurrogateKey>false</isSurrogateKey>
<indexColumnUsage>
<colUsage columnID="1B86D0AE-088C-7699-8663-4EF949781F0B"/>
</indexColumnUsage>
</ind_PK_UK>
<ind_PK_UK id="D21A8221-5516-7ADA-A186-EDA5961555E0" name="FAT_VENDA_DIM_LOJA_FK">
<createdBy>Gabriel Garcia</createdBy>
<createdTime>2016-05-15 23:48:20 UTC</createdTime>
<generatorID>386D6989-C466-68B1-63F4-74D57453AA18</generatorID>
<ownerDesignName>M_DIMENSIONAL_AM</ownerDesignName>
<indexState>Foreign Key</indexState>
<isSurrogateKey>false</isSurrogateKey>
<indexColumnUsage>
<colUsage columnID="12546C72-7932-BEB6-480A-EFEE1810233E"/>
</indexColumnUsage>
</ind_PK_UK>
<ind_PK_UK id="A3B50B8C-816A-ED07-2501-F11601A77EF7" name="FAT_VENDA_DIM_PRODUTO_FK">
<createdBy>Gabriel Garcia</createdBy>
<createdTime>2016-05-15 23:48:20 UTC</createdTime>
<generatorID>E7CC2EFF-A7AF-A2D9-04C0-51385A11644D</generatorID>
<ownerDesignName>M_DIMENSIONAL_AM</ownerDesignName>
<indexState>Foreign Key</indexState>
<isSurrogateKey>false</isSurrogateKey>
<indexColumnUsage>
<colUsage columnID="781978DD-118F-D019-C9F0-DE119A8422ED"/>
</indexColumnUsage>
</ind_PK_UK>
<ind_PK_UK id="982F96B2-5E3A-7F26-8AB6-ADFA8674763B" name="FAT_VENDA_DIM_PROMOCAO_FK">
<createdBy>Gabriel Garcia</createdBy>
<createdTime>2016-05-15 23:48:20 UTC</createdTime>
<generatorID>C39AA469-D909-5B05-6C4E-7172B1F18BFB</generatorID>
<ownerDesignName>M_DIMENSIONAL_AM</ownerDesignName>
<indexState>Foreign Key</indexState>
<isSurrogateKey>false</isSurrogateKey>
<indexColumnUsage>
<colUsage columnID="3F054E98-CDCD-0644-1F58-3769AD0950D6"/>
</indexColumnUsage>
</ind_PK_UK>
</indexes>
</Table>