<?xml version = '1.0' encoding = 'UTF-8'?>
<Table class="oracle.dbtools.crest.model.design.relational.Table" directorySegmentName="seg_0" id="AC05F2F8-2ACE-D700-3106-4CD4BF09A525" name="DIM_DATA">
<createdBy>Gabriel Garcia</createdBy>
<createdTime>2016-05-15 23:48:20 UTC</createdTime>
<generatorID>4B535D2C-989F-0370-4FDB-7A1105F16612</generatorID>
<ownerDesignName>M_DIMENSIONAL_AM</ownerDesignName>
<allowColumnReorder>false</allowColumnReorder>
<existDependencyGenerateInDDl>true</existDependencyGenerateInDDl>
<parsed>true</parsed>
<columns itemClass="oracle.dbtools.crest.model.design.relational.Column">
<Column name="sk_dim_data" id="5388F354-7772-5AF6-7EB6-790BB17A2365">
<createdBy>Gabriel Garcia</createdBy>
<createdTime>2016-05-15 23:48:20 UTC</createdTime>
<generatorID>9E672A7B-3F20-B34B-57AE-6816793D1672</generatorID>
<ownerDesignName>M_DIMENSIONAL_AM</ownerDesignName>
<useDomainConstraints>false</useDomainConstraints>
<use>1</use>
<logicalDatatype>LOGDT011</logicalDatatype>
<ownDataTypeParameters>,,</ownDataTypeParameters>
<autoIncrementCycle>false</autoIncrementCycle>
</Column>
<Column name="ano" id="588F505D-2793-BBED-02F9-2DCD8298B470">
<createdBy>Gabriel Garcia</createdBy>
<createdTime>2016-05-15 23:48:20 UTC</createdTime>
<comment>Ano da data em questão (ex: 2012)</comment>
<generatorID>09DC45EE-16A4-7E6B-C6AF-7CD60E5B1BA0</generatorID>
<ownerDesignName>M_DIMENSIONAL_AM</ownerDesignName>
<useDomainConstraints>false</useDomainConstraints>
<use>1</use>
<logicalDatatype>LOGDT018</logicalDatatype>
<ownDataTypeParameters>,,</ownDataTypeParameters>
<autoIncrementCycle>false</autoIncrementCycle>
</Column>
<Column name="mes" id="24EA575D-403E-C3E7-3324-7C26893A84EC">
<createdBy>Gabriel Garcia</createdBy>
<createdTime>2016-05-15 23:48:20 UTC</createdTime>
<comment>Mês da data em questão (ex: 1)</comment>
<generatorID>F4A6B668-D3B8-AF63-55E9-13F3EDAC4209</generatorID>
<ownerDesignName>M_DIMENSIONAL_AM</ownerDesignName>
<useDomainConstraints>false</useDomainConstraints>
<use>1</use>
<logicalDatatype>LOGDT018</logicalDatatype>
<ownDataTypeParameters>,,</ownDataTypeParameters>
<autoIncrementCycle>false</autoIncrementCycle>
</Column>
<Column name="dia" id="C300AFB5-CC07-3294-1E17-71FFBAAC0ACB">
<createdBy>Gabriel Garcia</createdBy>
<createdTime>2016-05-15 23:48:20 UTC</createdTime>
<comment>Dia da data em questão (ex: 1)</comment>
<generatorID>9318F97A-6BFE-46D3-9B22-3C5C874DA30E</generatorID>
<ownerDesignName>M_DIMENSIONAL_AM</ownerDesignName>
<useDomainConstraints>false</useDomainConstraints>
<use>1</use>
<logicalDatatype>LOGDT018</logicalDatatype>
<ownDataTypeParameters>,,</ownDataTypeParameters>
<autoIncrementCycle>false</autoIncrementCycle>
</Column>
<Column name="dia_semana" id="D8837F29-3B3F-7C5B-93FF-2C745EAED06C">
<createdBy>Gabriel Garcia</createdBy>
<createdTime>2016-05-15 23:48:20 UTC</createdTime>
<comment>Dia da semana em que a data ocorreu: 1- Domingo; 2- Segunda; 3- Terça; 4- Quarta; 5- Quinta; 6- Sexta; e 7- Sábado</comment>
<generatorID>D50ACD67-53D6-94BA-2E07-89EA82098B65</generatorID>
<ownerDesignName>M_DIMENSIONAL_AM</ownerDesignName>
<useDomainConstraints>false</useDomainConstraints>
<use>1</use>
<logicalDatatype>LOGDT018</logicalDatatype>
<ownDataTypeParameters>,,</ownDataTypeParameters>
<autoIncrementCycle>false</autoIncrementCycle>
</Column>
<Column name="dia_ano" id="90C06B7F-10F0-9838-195F-8C7BEF9ECC37">
<createdBy>Gabriel Garcia</createdBy>
<createdTime>2016-05-15 23:48:20 UTC</createdTime>
<comment>Dia do ano contado a partir do dia 01/01. Exemplo: 01/02 é o 32º dia do ano</comment>
<generatorID>80E0A042-45D1-A747-4065-CBE691D0B300</generatorID>
<ownerDesignName>M_DIMENSIONAL_AM</ownerDesignName>
<useDomainConstraints>false</useDomainConstraints>
<use>1</use>
<logicalDatatype>LOGDT018</logicalDatatype>
<ownDataTypeParameters>,,</ownDataTypeParameters>
<autoIncrementCycle>false</autoIncrementCycle>
</Column>
<Column name="ano_bissexto" id="9DC96326-B564-E77E-39A6-02B165610C1A">
<createdBy>Gabriel Garcia</createdBy>
<createdTime>2016-05-15 23:48:20 UTC</createdTime>
<comment>“S” para Ano Bissexto (ex: 2012) e “N” para Ano não Bissexto (ex: 2011)</comment>
<generatorID>5585B00D-002C-67AC-DDE7-B53829BEBA18</generatorID>
<ownerDesignName>M_DIMENSIONAL_AM</ownerDesignName>
<useDomainConstraints>false</useDomainConstraints>
<use>1</use>
<logicalDatatype>LOGDT025</logicalDatatype>
<dataTypeSize>1</dataTypeSize>
<ownDataTypeParameters>1,,</ownDataTypeParameters>
<autoIncrementCycle>false</autoIncrementCycle>
</Column>
<Column name="dia_util" id="7A297158-DD47-411E-5C9A-F412AAEC92BF">
<createdBy>Gabriel Garcia</createdBy>
<createdTime>2016-05-15 23:48:20 UTC</createdTime>
<comment>“S” para dias úteis e “N” para feriados e fim de semana</comment>
<generatorID>09981558-684B-17D8-C1A8-9D4CE798DC9D</generatorID>
<ownerDesignName>M_DIMENSIONAL_AM</ownerDesignName>
<useDomainConstraints>false</useDomainConstraints>
<use>1</use>
<logicalDatatype>LOGDT025</logicalDatatype>
<dataTypeSize>1</dataTypeSize>
<ownDataTypeParameters>1,,</ownDataTypeParameters>
<autoIncrementCycle>false</autoIncrementCycle>
</Column>
<Column name="fim_semana" id="3DE61607-1D01-6950-7968-9E3E94A977F9">
<createdBy>Gabriel Garcia</createdBy>
<createdTime>2016-05-15 23:48:20 UTC</createdTime>
<comment>“S” para fim de semana (sábado ou domingo) e “N” para os demais dias</comment>
<generatorID>463ABDBB-6D73-AAD2-FCD8-7351903CED18</generatorID>
<ownerDesignName>M_DIMENSIONAL_AM</ownerDesignName>
<useDomainConstraints>false</useDomainConstraints>
<use>1</use>
<logicalDatatype>LOGDT025</logicalDatatype>
<dataTypeSize>1</dataTypeSize>
<ownDataTypeParameters>1,,</ownDataTypeParameters>
<autoIncrementCycle>false</autoIncrementCycle>
</Column>
<Column name="feriado" id="53854AC4-0446-A650-669B-932B1F66F640">
<createdBy>Gabriel Garcia</createdBy>
<createdTime>2016-05-15 23:48:20 UTC</createdTime>
<comment>“S” para quando a data for feriado (ex: 01/01/2012) e “N” para quando não for (ex: 02/01/2012)</comment>
<generatorID>5FDADA34-B22E-EF69-73AE-EE11A60C5A3E</generatorID>
<ownerDesignName>M_DIMENSIONAL_AM</ownerDesignName>
<useDomainConstraints>false</useDomainConstraints>
<use>1</use>
<logicalDatatype>LOGDT025</logicalDatatype>
<dataTypeSize>1</dataTypeSize>
<ownDataTypeParameters>1,,</ownDataTypeParameters>
<autoIncrementCycle>false</autoIncrementCycle>
</Column>
<Column name="vesp_feriado" id="971ECFEF-1A85-3681-6895-92D3630BB117">
<createdBy>Gabriel Garcia</createdBy>
<createdTime>2016-05-15 23:48:20 UTC</createdTime>
<comment>“S” para quando a data for véspera de feriado (ex: 31/12/2011) e “N” para quando não for (ex: 01/01/2012)</comment>
<generatorID>A8CC88F7-57B3-2422-B07B-C9DB338A4260</generatorID>
<ownerDesignName>M_DIMENSIONAL_AM</ownerDesignName>
<useDomainConstraints>false</useDomainConstraints>
<use>1</use>
<logicalDatatype>LOGDT025</logicalDatatype>
<dataTypeSize>1</dataTypeSize>
<ownDataTypeParameters>1,,</ownDataTypeParameters>
<autoIncrementCycle>false</autoIncrementCycle>
</Column>
<Column name="pos_feriado" id="22342E22-C964-5701-5F16-44A390686169">
<createdBy>Gabriel Garcia</createdBy>
<createdTime>2016-05-15 23:48:20 UTC</createdTime>
<comment>“S” para quando a data ocorrer após um feriado (ex: 02/01/2012) e “N” para quando não for (ex: 03/01/2012)</comment>
<generatorID>147A0F12-FD4D-558F-BF0D-ADD89EF2B6C5</generatorID>
<ownerDesignName>M_DIMENSIONAL_AM</ownerDesignName>
<useDomainConstraints>false</useDomainConstraints>
<use>1</use>
<logicalDatatype>LOGDT025</logicalDatatype>
<ownDataTypeParameters>,,</ownDataTypeParameters>
<autoIncrementCycle>false</autoIncrementCycle>
</Column>
<Column name="nome_feriado" id="0FE47ABC-0251-8E94-A210-CF3684125A90">
<createdBy>Gabriel Garcia</createdBy>
<createdTime>2016-05-15 23:48:20 UTC</createdTime>
<comment>Nome do feriado. Ex. 01/01 – Confraternização Universal; 25/12- Natal</comment>
<generatorID>59F75EF5-D7C9-967A-8D0B-F5CA6F9079FB</generatorID>
<ownerDesignName>M_DIMENSIONAL_AM</ownerDesignName>
<useDomainConstraints>false</useDomainConstraints>
<use>1</use>
<logicalDatatype>LOGDT024</logicalDatatype>
<dataTypeSize>100</dataTypeSize>
<ownDataTypeParameters>100,,</ownDataTypeParameters>
<autoIncrementCycle>false</autoIncrementCycle>
</Column>
<Column name="nome_dia_semana" id="6E86E697-2D1D-4854-2323-99EFD3737927">
<createdBy>Gabriel Garcia</createdBy>
<createdTime>2016-05-15 23:48:20 UTC</createdTime>
<comment>Nome do Dia da Semana em que a data ocorreu: domingo, segunda-feira, terça-feira, quarta-feira, quinta-feira, sexta-feira e sábado</comment>
<generatorID>617386D5-6842-4739-8C53-2BB95EEAEDD9</generatorID>
<ownerDesignName>M_DIMENSIONAL_AM</ownerDesignName>
<useDomainConstraints>false</useDomainConstraints>
<use>1</use>
<logicalDatatype>LOGDT024</logicalDatatype>
<dataTypeSize>30</dataTypeSize>
<ownDataTypeParameters>30,,</ownDataTypeParameters>
<autoIncrementCycle>false</autoIncrementCycle>
</Column>
<Column name="nome_dia_semana_abrev" id="88A55D8E-6AE2-3795-71B3-5A2783A5E885">
<createdBy>Gabriel Garcia</createdBy>
<createdTime>2016-05-15 23:48:20 UTC</createdTime>
<comment>Nome do Dia da Semana em 3 letras: dom, seg, ter, qua, qui, sex e sáb</comment>
<generatorID>FCAA7B39-D8C7-5279-4E2B-4FA79AA87273</generatorID>
<ownerDesignName>M_DIMENSIONAL_AM</ownerDesignName>
<useDomainConstraints>false</useDomainConstraints>
<use>1</use>
<logicalDatatype>LOGDT024</logicalDatatype>
<dataTypeSize>15</dataTypeSize>
<ownDataTypeParameters>15,,</ownDataTypeParameters>
<autoIncrementCycle>false</autoIncrementCycle>
</Column>
<Column name="quinzena" id="F7A5398D-E22F-C11C-E3C1-98049845376C">
<createdBy>Gabriel Garcia</createdBy>
<createdTime>2016-05-15 23:48:20 UTC</createdTime>
<comment>Quinzena do mês onde a data ocorreu. “1″ para os dias 1º a 15 e “2″ para os dias 16 a 31.</comment>
<generatorID>1CA54B9A-7940-A371-784E-A684E1548363</generatorID>
<ownerDesignName>M_DIMENSIONAL_AM</ownerDesignName>
<useDomainConstraints>false</useDomainConstraints>
<use>1</use>
<logicalDatatype>LOGDT018</logicalDatatype>
<ownDataTypeParameters>,,</ownDataTypeParameters>
<autoIncrementCycle>false</autoIncrementCycle>
</Column>
<Column name="bimestre" id="645952C8-82CE-3E0E-D221-12C458BEF7F4">
<createdBy>Gabriel Garcia</createdBy>
<createdTime>2016-05-15 23:48:20 UTC</createdTime>
<comment>Bimestre do ano onde a data ocorreu. “1″ para os meses 1 e 2, “2″ para 3 e 4 e assim sucessivamente</comment>
<generatorID>AD0C9EE3-12E5-53EC-F5E5-C3ACBEA1CFDA</generatorID>
<ownerDesignName>M_DIMENSIONAL_AM</ownerDesignName>
<useDomainConstraints>false</useDomainConstraints>
<use>1</use>
<logicalDatatype>LOGDT018</logicalDatatype>
<ownDataTypeParameters>,,</ownDataTypeParameters>
<autoIncrementCycle>false</autoIncrementCycle>
</Column>
<Column name="trimestre" id="363A3519-C98D-4B1D-DF86-8D3DC43C671B">
<createdBy>Gabriel Garcia</createdBy>
<createdTime>2016-05-15 23:48:20 UTC</createdTime>
<comment>Trimestre do ano onde a data ocorreu. “1″ para os meses 1 a 3, “2″ para 4 a 6 e assim sucessivamente</comment>
<generatorID>CA8E7AEC-1082-1BAA-0E53-C5A398DAAFA6</generatorID>
<ownerDesignName>M_DIMENSIONAL_AM</ownerDesignName>
<useDomainConstraints>false</useDomainConstraints>
<use>1</use>
<logicalDatatype>LOGDT018</logicalDatatype>
<ownDataTypeParameters>,,</ownDataTypeParameters>
<autoIncrementCycle>false</autoIncrementCycle>
</Column>
<Column name="semestre" id="7BE195D0-493F-209F-D1D0-25F4CFB13FE1">
<createdBy>Gabriel Garcia</createdBy>
<createdTime>2016-05-15 23:48:20 UTC</createdTime>
<comment>Semestre do ano onde a data ocorreu. “1″ para os meses 1 a 6 e “2″ para os meses 7 a 12</comment>
<generatorID>35ECA72E-0A41-2733-D9BF-F5608F9284DA</generatorID>
<ownerDesignName>M_DIMENSIONAL_AM</ownerDesignName>
<useDomainConstraints>false</useDomainConstraints>
<use>1</use>
<logicalDatatype>LOGDT018</logicalDatatype>
<ownDataTypeParameters>,,</ownDataTypeParameters>
<autoIncrementCycle>false</autoIncrementCycle>
</Column>
<Column name="numero_semana_mes" id="66E20A19-982C-E8A5-F8D5-8CCE97172FD5">
<createdBy>Gabriel Garcia</createdBy>
<createdTime>2016-05-15 23:48:20 UTC</createdTime>
<comment>Número da semana do mês onde a data ocorreu. Ex: 17/01/2012 ocorreu na semana 3 do mês</comment>
<generatorID>A44CE741-9B7B-544F-6C3B-08E33FC4F50C</generatorID>
<ownerDesignName>M_DIMENSIONAL_AM</ownerDesignName>
<useDomainConstraints>false</useDomainConstraints>
<use>1</use>
<logicalDatatype>LOGDT018</logicalDatatype>
<ownDataTypeParameters>,,</ownDataTypeParameters>
<autoIncrementCycle>false</autoIncrementCycle>
</Column>
<Column name="numero_semana_ano" id="B7AD1189-98AD-FE80-4A8D-EEE66F440784">
<createdBy>Gabriel Garcia</createdBy>
<createdTime>2016-05-15 23:48:20 UTC</createdTime>
<comment>Número da semana do ano onde a data ocorreu. Ex: 20/02/2012 ocorreu na semana 8 do ano</comment>
<generatorID>8F389FBF-1CA8-53BA-D8DB-FBE25BA040F8</generatorID>
<ownerDesignName>M_DIMENSIONAL_AM</ownerDesignName>
<useDomainConstraints>false</useDomainConstraints>
<use>1</use>
<logicalDatatype>LOGDT018</logicalDatatype>
<ownDataTypeParameters>,,</ownDataTypeParameters>
<autoIncrementCycle>false</autoIncrementCycle>
</Column>
<Column name="estacao_ano" id="7B497050-2E1B-5692-D5AF-B9985E89416C">
<createdBy>Gabriel Garcia</createdBy>
<createdTime>2016-05-15 23:48:20 UTC</createdTime>
<comment>“primavera” para os dias 23/09 a 20/12; “verão” para os dias 21/12 a 20/03; “outono” para os dias 21/03 a 20/06; e “inverno” para os dias 21/06 a 22/09</comment>
<generatorID>D04B4E8A-0883-1AAC-D0F3-E6C3FE84DD23</generatorID>
<ownerDesignName>M_DIMENSIONAL_AM</ownerDesignName>
<useDomainConstraints>false</useDomainConstraints>
<use>1</use>
<logicalDatatype>LOGDT024</logicalDatatype>
<dataTypeSize>30</dataTypeSize>
<ownDataTypeParameters>30,,</ownDataTypeParameters>
<autoIncrementCycle>false</autoIncrementCycle>
</Column>
<Column name="data_por_extenso" id="A64EFEEA-05C2-0F47-F66D-79929B11A280">
<createdBy>Gabriel Garcia</createdBy>
<createdTime>2016-05-15 23:48:20 UTC</createdTime>
<comment>Data por extenso, exemplo: 1º de janeiro de 2012.</comment>
<generatorID>E944F3A2-6153-D3D4-F7B6-714FC751FF5E</generatorID>
<ownerDesignName>M_DIMENSIONAL_AM</ownerDesignName>
<useDomainConstraints>false</useDomainConstraints>
<use>1</use>
<logicalDatatype>LOGDT024</logicalDatatype>
<dataTypeSize>100</dataTypeSize>
<ownDataTypeParameters>100,,</ownDataTypeParameters>
<autoIncrementCycle>false</autoIncrementCycle>
</Column>
<Column name="evento" id="06861D54-2B2F-52FB-CCC0-CE1DD0E5BFAE">
<createdBy>Gabriel Garcia</createdBy>
<createdTime>2016-05-15 23:48:20 UTC</createdTime>
<comment>Reservado par ao registro de algum evento importante que possa ter ocorrido durante um determinado período. Ex: entre 13/06 e 22/06/2012 ocorreu a conferência “Rio +20″ no Rio de Janeiro</comment>
<generatorID>9BB31AF7-50E9-8920-E0EF-4E88139E880A</generatorID>
<ownerDesignName>M_DIMENSIONAL_AM</ownerDesignName>
<nullsAllowed>true</nullsAllowed>
<useDomainConstraints>false</useDomainConstraints>
<use>1</use>
<logicalDatatype>LOGDT024</logicalDatatype>
<dataTypeSize>100</dataTypeSize>
<ownDataTypeParameters>100,,</ownDataTypeParameters>
<autoIncrementCycle>false</autoIncrementCycle>
</Column>
<Column name="nome_mes" id="FF60BB7D-8327-9270-EB43-7D67DFBCFCDC">
<createdBy>Gabriel Garcia</createdBy>
<createdTime>2016-05-15 23:48:20 UTC</createdTime>
<comment>Mês por extenso. Ex: janeiro, fevereiro, março, …</comment>
<generatorID>7EA2751F-4FD4-DD5C-25EF-A1236B11519F</generatorID>
<ownerDesignName>M_DIMENSIONAL_AM</ownerDesignName>
<useDomainConstraints>false</useDomainConstraints>
<use>1</use>
<logicalDatatype>LOGDT024</logicalDatatype>
<dataTypeSize>30</dataTypeSize>
<ownDataTypeParameters>30,,</ownDataTypeParameters>
<autoIncrementCycle>false</autoIncrementCycle>
</Column>
<Column name="nome_mes_abrev" id="F5504162-D48D-4184-9EE7-F132546916FC">
<createdBy>Gabriel Garcia</createdBy>
<createdTime>2016-05-15 23:48:20 UTC</createdTime>
<comment>Nome do Mês abreviado em 3 letras. Ex: jan, fev, mar …</comment>
<generatorID>F53B610B-A697-8899-1BA4-AB5E0A6827EB</generatorID>
<ownerDesignName>M_DIMENSIONAL_AM</ownerDesignName>
<useDomainConstraints>false</useDomainConstraints>
<use>1</use>
<logicalDatatype>LOGDT025</logicalDatatype>
<dataTypeSize>3</dataTypeSize>
<ownDataTypeParameters>3,,</ownDataTypeParameters>
<autoIncrementCycle>false</autoIncrementCycle>
</Column>
<Column name="dia_atual" id="D5B15D86-6CBE-46D4-97FE-A411C0515A1B">
<createdBy>Gabriel Garcia</createdBy>
<createdTime>2016-05-15 23:48:20 UTC</createdTime>
<generatorID>0CF79474-02C9-2878-F56D-3AA5D0384F19</generatorID>
<ownerDesignName>M_DIMENSIONAL_AM</ownerDesignName>
<useDomainConstraints>false</useDomainConstraints>
<use>1</use>
<logicalDatatype>LOGDT018</logicalDatatype>
<ownDataTypeParameters>,,</ownDataTypeParameters>
<autoIncrementCycle>false</autoIncrementCycle>
</Column>
<Column name="dia_anterior" id="29A4107E-B521-22D7-598C-85940E97D2F1">
<createdBy>Gabriel Garcia</createdBy>
<createdTime>2016-05-15 23:48:20 UTC</createdTime>
<generatorID>A45DFE47-F40C-8E77-390C-5854B73E60FB</generatorID>
<ownerDesignName>M_DIMENSIONAL_AM</ownerDesignName>
<useDomainConstraints>false</useDomainConstraints>
<use>1</use>
<logicalDatatype>LOGDT018</logicalDatatype>
<ownDataTypeParameters>,,</ownDataTypeParameters>
<autoIncrementCycle>false</autoIncrementCycle>
</Column>
<Column name="mes_atual" id="BA143834-3B51-785D-073A-248F9C6EA655">
<createdBy>Gabriel Garcia</createdBy>
<createdTime>2016-05-15 23:48:20 UTC</createdTime>
<generatorID>BCA5BB65-BBA8-856E-7997-9066F18FFAF2</generatorID>
<ownerDesignName>M_DIMENSIONAL_AM</ownerDesignName>
<useDomainConstraints>false</useDomainConstraints>
<use>1</use>
<logicalDatatype>LOGDT018</logicalDatatype>
<ownDataTypeParameters>,,</ownDataTypeParameters>
<autoIncrementCycle>false</autoIncrementCycle>
</Column>
<Column name="mes_anterior" id="4B172FA6-6B87-9495-95C3-879DDCB0DE5D">
<createdBy>Gabriel Garcia</createdBy>
<createdTime>2016-05-15 23:48:20 UTC</createdTime>
<generatorID>F24CD506-FEFE-BA98-748B-4EE0E4B885D1</generatorID>
<ownerDesignName>M_DIMENSIONAL_AM</ownerDesignName>
<useDomainConstraints>false</useDomainConstraints>
<use>1</use>
<logicalDatatype>LOGDT018</logicalDatatype>
<ownDataTypeParameters>,,</ownDataTypeParameters>
<autoIncrementCycle>false</autoIncrementCycle>
</Column>
</columns>
<indexes itemClass="oracle.dbtools.crest.model.design.relational.Index">
<ind_PK_UK id="23E3EA9F-B299-377E-D74D-DB6BACBCF840" name="DIM_DATA_PK">
<createdBy>Gabriel Garcia</createdBy>
<createdTime>2016-05-15 23:48:20 UTC</createdTime>
<generatorID>180D2E22-16AC-140A-CC8E-F15851F2108E</generatorID>
<ownerDesignName>M_DIMENSIONAL_AM</ownerDesignName>
<pk>true</pk>
<indexState>Primary Constraint</indexState>
<isSurrogateKey>false</isSurrogateKey>
<indexColumnUsage>
<colUsage columnID="5388F354-7772-5AF6-7EB6-790BB17A2365"/>
</indexColumnUsage>
</ind_PK_UK>
</indexes>
</Table>