<?xml version = '1.0' encoding = 'UTF-8'?>
<Table class="oracle.dbtools.crest.model.design.relational.Table" directorySegmentName="seg_0" id="0315E9DA-B0B0-A160-ACCA-04874738987E" name="PRODUTO">
<createdBy>Bloorc</createdBy>
<createdTime>2016-05-19 21:53:52 UTC</createdTime>
<generatorID>278C6544-4613-8F74-E759-D739DBCF7681</generatorID>
<ownerDesignName>modelo_v03</ownerDesignName>
<allowColumnReorder>false</allowColumnReorder>
<existDependencyGenerateInDDl>true</existDependencyGenerateInDDl>
<parsed>true</parsed>
<columns itemClass="oracle.dbtools.crest.model.design.relational.Column">
<Column name="cd_prod" id="7C27485D-1D71-2152-1354-96CAFAB07132">
<createdBy>Bloorc</createdBy>
<createdTime>2016-05-19 21:53:52 UTC</createdTime>
<comment>Este atributo recebe o código da entidade PRODUTO,é UID e mandatorio da tabela , tipo de dado é NUMERIC 8.</comment>
<commentInRDBMS>Este atributo recebe o código da entidade PRODUTO,é UID e mandatorio da tabela , tipo de dado é NUMERIC 8.</commentInRDBMS>
<generatorID>C691E740-10DD-C046-8B59-1A1164704BFD</generatorID>
<ownerDesignName>modelo_v03</ownerDesignName>
<useDomainConstraints>false</useDomainConstraints>
<use>1</use>
<logicalDatatype>LOGDT019</logicalDatatype>
<dataTypePrecision>6</dataTypePrecision>
<ownDataTypeParameters>,6,</ownDataTypeParameters>
<autoIncrementCycle>false</autoIncrementCycle>
</Column>
<Column name="nm_prod" id="68395149-B3D6-3044-6EE6-9ADA14B960BF">
<createdBy>Bloorc</createdBy>
<createdTime>2016-05-19 21:53:52 UTC</createdTime>
<comment>Este atributo recebe o nome do produto da entidade PRODUTO,é mandátorio da tabela , tipo de dado é VARCHAR2, tamanho 100.</comment>
<commentInRDBMS>Este atributo recebe o nome do produto da entidade PRODUTO,é mandátorio da tabela , tipo de dado é VARCHAR2, tamanho 100.</commentInRDBMS>
<generatorID>D7375E72-17D3-8074-60E2-E8FBFAAD1551</generatorID>
<ownerDesignName>modelo_v03</ownerDesignName>
<useDomainConstraints>false</useDomainConstraints>
<use>1</use>
<logicalDatatype>LOGDT024</logicalDatatype>
<dataTypeSize>100</dataTypeSize>
<ownDataTypeParameters>100,,</ownDataTypeParameters>
<autoIncrementCycle>false</autoIncrementCycle>
</Column>
<Column name="vl_prod_v" id="E89A7BB5-C639-F238-999A-834257DD0B67">
<createdBy>Bloorc</createdBy>
<createdTime>2016-05-19 21:53:52 UTC</createdTime>
<comment>Este atributo recebe o valor de venda do produto da entidade PRODUTO,é mandatorio da tabela , tipo de dado é NUMERIC tamanho 7, escala 2.</comment>
<commentInRDBMS>Este atributo recebe o valor do produto da entidade PRODUTO,é mandatorio da tabela , tipo de dado é NUMERIC tamanho 7, escala 2.</commentInRDBMS>
<generatorID>2A77390D-6247-E881-79F0-36F87EB7BB5E</generatorID>
<ownerDesignName>modelo_v03</ownerDesignName>
<useDomainConstraints>false</useDomainConstraints>
<use>1</use>
<logicalDatatype>LOGDT019</logicalDatatype>
<dataTypePrecision>7</dataTypePrecision>
<dataTypeScale>2</dataTypeScale>
<ownDataTypeParameters>,7,2</ownDataTypeParameters>
<autoIncrementCycle>false</autoIncrementCycle>
</Column>
<Column name="vl_prod_c" id="C0F8C666-CB67-9965-692C-7CE1BDCA9A06">
<createdBy>Bloorc</createdBy>
<createdTime>2016-05-19 21:53:52 UTC</createdTime>
<comment>Este atributo recebe o valor de custo do produto da entidade PRODUTO,é mandatorio da tabela , tipo de dado é NUMERIC tamanho 7, escala 2.</comment>
<generatorID>8E7EC698-9967-24BA-54AC-9FCA70E96CE1</generatorID>
<ownerDesignName>modelo_v03</ownerDesignName>
<useDomainConstraints>false</useDomainConstraints>
<use>1</use>
<logicalDatatype>LOGDT019</logicalDatatype>
<dataTypePrecision>7</dataTypePrecision>
<dataTypeScale>2</dataTypeScale>
<ownDataTypeParameters>,7,2</ownDataTypeParameters>
<autoIncrementCycle>false</autoIncrementCycle>
</Column>
<Column name="ds_produto" id="36A08856-D92B-A0D8-CB96-CDA04DA740C8">
<createdBy>Bloorc</createdBy>
<createdTime>2016-05-19 21:53:52 UTC</createdTime>
<comment>Este atributo recebe a descrição da produto da entidade PRODUTO, é um atributo opcional da tabela , tipo de dado é VARCHAR2, tamanho 100.</comment>
<commentInRDBMS>Este atributo recebe a descrição da produto da entidade PRODUTO, é um atributo opcional da tabela , tipo de dado é VARCHAR2, tamanho 100.</commentInRDBMS>
<generatorID>AA4DB70A-54AD-D8E4-7595-1587D2A6B386</generatorID>
<ownerDesignName>modelo_v03</ownerDesignName>
<nullsAllowed>true</nullsAllowed>
<useDomainConstraints>false</useDomainConstraints>
<use>1</use>
<logicalDatatype>LOGDT024</logicalDatatype>
<dataTypeSize>100</dataTypeSize>
<ownDataTypeParameters>100,,</ownDataTypeParameters>
<autoIncrementCycle>false</autoIncrementCycle>
</Column>
<Column name="tp_embalagem" id="2BB9AF88-242D-703E-0FDF-AFFCA78DC74F">
<createdBy>Bloorc</createdBy>
<createdTime>2016-05-19 21:53:52 UTC</createdTime>
<comment>Este atributo recebe o tipo da embalagem da entidade PRODUTO, é um atributo opcional da tabela , tipo de dado é VARCHAR2, tamanho 30.</comment>
<commentInRDBMS>Este atributo recebe o tipo da embalagem da entidade PRODUTO, é um atributo opcional da tabela , tipo de dado é VARCHAR2, tamanho 30.</commentInRDBMS>
<generatorID>64D2184C-0608-9966-BE43-F3F9755F9CB5</generatorID>
<ownerDesignName>modelo_v03</ownerDesignName>
<nullsAllowed>true</nullsAllowed>
<useDomainConstraints>false</useDomainConstraints>
<use>1</use>
<logicalDatatype>LOGDT024</logicalDatatype>
<dataTypeSize>30</dataTypeSize>
<ownDataTypeParameters>30,,</ownDataTypeParameters>
<autoIncrementCycle>false</autoIncrementCycle>
</Column>
<Column name="nu_largura_embalagem" id="A8FF2B25-82A2-3A47-E614-973A25FE6B18">
<createdBy>Bloorc</createdBy>
<createdTime>2016-05-19 21:53:52 UTC</createdTime>
<comment>Este atributo recebe o número da largura embalagem da entidade PRODUTO, é um atributo opcional da tabela , tipo de dado é NUMERIC, tamanho 4 precisão 2.</comment>
<commentInRDBMS>Este atributo recebe o número da largura embalagem da entidade PRODUTO, é um atributo opcional da tabela , tipo de dado é NUMERIC, tamanho 4 precisão 2.</commentInRDBMS>
<generatorID>6CA67D0C-8E9F-AE63-FFD2-FD8AE92505ED</generatorID>
<ownerDesignName>modelo_v03</ownerDesignName>
<nullsAllowed>true</nullsAllowed>
<useDomainConstraints>false</useDomainConstraints>
<use>1</use>
<logicalDatatype>LOGDT019</logicalDatatype>
<dataTypePrecision>4</dataTypePrecision>
<dataTypeScale>2</dataTypeScale>
<ownDataTypeParameters>,4,2</ownDataTypeParameters>
<autoIncrementCycle>false</autoIncrementCycle>
</Column>
<Column name="nu_altura_embalagem" id="DED6ACA1-41B5-A4F9-0ACE-FFCFC6228794">
<createdBy>Bloorc</createdBy>
<createdTime>2016-05-19 21:53:52 UTC</createdTime>
<comment>Este atributo recebe o número da altura embalagem da entidade PRODUTO, é um atributo opcional da tabela , tipo de dado é NUMERIC, tamanho 4 precisão 2.</comment>
<commentInRDBMS>Este atributo recebe o número da altura embalagem da entidade PRODUTO, é um atributo opcional da tabela , tipo de dado é NUMERIC, tamanho 4 precisão 2.</commentInRDBMS>
<generatorID>FE5D8694-8FBF-6631-9DFE-850BE02465E9</generatorID>
<ownerDesignName>modelo_v03</ownerDesignName>
<nullsAllowed>true</nullsAllowed>
<useDomainConstraints>false</useDomainConstraints>
<use>1</use>
<logicalDatatype>LOGDT019</logicalDatatype>
<dataTypePrecision>4</dataTypePrecision>
<dataTypeScale>2</dataTypeScale>
<ownDataTypeParameters>,4,2</ownDataTypeParameters>
<autoIncrementCycle>false</autoIncrementCycle>
</Column>
<Column name="nu_peso" id="D78999BA-8C07-1283-CD28-BE92A6F392D3">
<createdBy>Bloorc</createdBy>
<createdTime>2016-05-19 21:53:52 UTC</createdTime>
<comment>Este atributo recebe o número do peso embalagem da entidade PRODUTO, é um atributo opcional da tabela , tipo de dado é NUMERIC, tamanho 6 precisão 2.</comment>
<commentInRDBMS>Este atributo recebe o número do peso embalagem da entidade PRODUTO, é um atributo opcional da tabela , tipo de dado é NUMERIC, tamanho 6 precisão 2.</commentInRDBMS>
<generatorID>4436D8C3-597E-B037-F2AF-81B0F221FFE6</generatorID>
<ownerDesignName>modelo_v03</ownerDesignName>
<nullsAllowed>true</nullsAllowed>
<useDomainConstraints>false</useDomainConstraints>
<use>1</use>
<logicalDatatype>LOGDT019</logicalDatatype>
<dataTypePrecision>6</dataTypePrecision>
<dataTypeScale>2</dataTypeScale>
<ownDataTypeParameters>,6,2</ownDataTypeParameters>
<autoIncrementCycle>false</autoIncrementCycle>
</Column>
<Column name="cd_marc" id="5AEC7346-7F4F-52E9-FB04-7D9255A7248A">
<createdBy>Bloorc</createdBy>
<createdTime>2016-05-19 21:53:52 UTC</createdTime>
<generatorID>1E95D660-8968-4AA7-D4FC-808C4C9B4FE4</generatorID>
<ownerDesignName>modelo_v03</ownerDesignName>
<useDomainConstraints>false</useDomainConstraints>
<use>1</use>
<logicalDatatype>LOGDT019</logicalDatatype>
<dataTypePrecision>4</dataTypePrecision>
<ownDataTypeParameters>,,</ownDataTypeParameters>
<previousColumn>false</previousColumn>
<autoIncrementCycle>false</autoIncrementCycle>
<associations>
<colAssociation fkAssociation="D228E295-8C70-57FB-8D60-43ED09946414" referredColumn="2CCC4500-12F6-C6F6-F05C-CEE916D704A6"/>
</associations>
</Column>
<Column name="cd_esto" id="88C53270-4C5B-BE58-657E-10722887632F">
<createdBy>Bloorc</createdBy>
<createdTime>2016-05-19 21:53:52 UTC</createdTime>
<generatorID>6FD1EE04-C856-1A8E-252E-8F9868855BD2</generatorID>
<ownerDesignName>modelo_v03</ownerDesignName>
<useDomainConstraints>false</useDomainConstraints>
<use>1</use>
<logicalDatatype>LOGDT019</logicalDatatype>
<dataTypePrecision>8</dataTypePrecision>
<ownDataTypeParameters>,,</ownDataTypeParameters>
<previousColumn>false</previousColumn>
<autoIncrementCycle>false</autoIncrementCycle>
<associations>
<colAssociation fkAssociation="9687C10C-BC34-E861-61B5-FACA8514147E" referredColumn="0DF8C7AB-4388-177B-EAD7-61468B8E57A9"/>
</associations>
</Column>
<Column name="cd_cate" id="41C13E05-E520-87B4-415D-3779B8B6B3F5">
<createdBy>Bloorc</createdBy>
<createdTime>2016-05-19 21:53:52 UTC</createdTime>
<comment>Este atributo recebe o código da entidade CATEGORIA,é UID e mandatorio da tabela , tipo de dado é NUMERIC 8.</comment>
<generatorID>94FCA0A4-4612-3CA2-07E4-616ED1F88F4F</generatorID>
<ownerDesignName>modelo_v03</ownerDesignName>
<useDomainConstraints>false</useDomainConstraints>
<use>1</use>
<logicalDatatype>LOGDT019</logicalDatatype>
<dataTypePrecision>8</dataTypePrecision>
<ownDataTypeParameters>,,</ownDataTypeParameters>
<previousColumn>false</previousColumn>
<autoIncrementCycle>false</autoIncrementCycle>
<associations>
<colAssociation fkAssociation="B30DD677-41AE-C6FA-FD8E-F31BC1916768" referredColumn="22333584-36A6-FCEA-8FDE-03A9CBF6E12B"/>
</associations>
</Column>
</columns>
<indexes itemClass="oracle.dbtools.crest.model.design.relational.Index">
<ind_PK_UK id="F6E34442-A34B-B71F-CACF-51D82F1C6A87" name="PRODUTO_PK">
<createdBy>Bloorc</createdBy>
<createdTime>2016-05-19 21:53:52 UTC</createdTime>
<generatorID>6A704828-0642-26FE-7424-CDD11808F2A8</generatorID>
<ownerDesignName>modelo_v03</ownerDesignName>
<pk>true</pk>
<indexState>Primary Constraint</indexState>
<isSurrogateKey>false</isSurrogateKey>
<indexColumnUsage>
<colUsage columnID="7C27485D-1D71-2152-1354-96CAFAB07132"/>
</indexColumnUsage>
</ind_PK_UK>
<ind_PK_UK id="C12C7AC8-D17F-1536-9B25-A6E1B8A299A4" name="FK_CATE_PROD">
<createdBy>Bloorc</createdBy>
<createdTime>2016-05-19 21:53:52 UTC</createdTime>
<generatorID>5D18B6B0-BD6B-06C4-4772-59FAAAB4E5E9</generatorID>
<ownerDesignName>modelo_v03</ownerDesignName>
<indexState>Foreign Key</indexState>
<isSurrogateKey>false</isSurrogateKey>
<indexColumnUsage>
<colUsage columnID="41C13E05-E520-87B4-415D-3779B8B6B3F5"/>
</indexColumnUsage>
</ind_PK_UK>
<ind_PK_UK id="A799359B-5EA1-9D50-B3DB-1E9167DA667F" name="fk_estoque_produto">
<createdBy>Bloorc</createdBy>
<createdTime>2016-05-19 21:53:52 UTC</createdTime>
<generatorID>04AF22A6-CF0E-CE61-2930-3C51748C1A03</generatorID>
<ownerDesignName>modelo_v03</ownerDesignName>
<indexState>Foreign Key</indexState>
<isSurrogateKey>false</isSurrogateKey>
<indexColumnUsage>
<colUsage columnID="88C53270-4C5B-BE58-657E-10722887632F"/>
</indexColumnUsage>
</ind_PK_UK>
<ind_PK_UK id="74B5DCFE-9578-95FC-7096-91AD3C3FDA8E" name="fk_marca_produto">
<createdBy>Bloorc</createdBy>
<createdTime>2016-05-19 21:53:52 UTC</createdTime>
<generatorID>03646155-8B98-3571-0979-0F73BD95917F</generatorID>
<ownerDesignName>modelo_v03</ownerDesignName>
<indexState>Foreign Key</indexState>
<isSurrogateKey>false</isSurrogateKey>
<indexColumnUsage>
<colUsage columnID="5AEC7346-7F4F-52E9-FB04-7D9255A7248A"/>
</indexColumnUsage>
</ind_PK_UK>
</indexes>
</Table>