<?xml version = '1.0' encoding = 'UTF-8'?>
<Table class="oracle.dbtools.crest.model.design.relational.Table" directorySegmentName="seg_0" id="0828B546-5D7B-9DCF-6DF1-706BEF972994" name="CLIENTE">
<createdBy>Bloorc</createdBy>
<createdTime>2016-05-19 21:53:52 UTC</createdTime>
<generatorID>5B16D54F-03AE-5E47-7706-D3A57C3EFB81</generatorID>
<ownerDesignName>modelo_v03</ownerDesignName>
<allowColumnReorder>false</allowColumnReorder>
<existDependencyGenerateInDDl>true</existDependencyGenerateInDDl>
<parsed>true</parsed>
<columns itemClass="oracle.dbtools.crest.model.design.relational.Column">
<Column name="cd_clie" id="B3B96426-9A2E-0727-364D-7C0373E4ABEB">
<createdBy>Bloorc</createdBy>
<createdTime>2016-05-19 21:53:52 UTC</createdTime>
<comment>Este atributo recebe o código da entidade CLIENTE,é UID e mandatorio da tabela , tipo de dado é NUMERIC 7.</comment>
<commentInRDBMS>Este atributo recebe o código da entidade CLIENTE,é UID e mandatorio da tabela , tipo de dado é NUMERIC 7.</commentInRDBMS>
<generatorID>09F7A5DF-369F-4475-E133-E8B4E5CC1949</generatorID>
<ownerDesignName>modelo_v03</ownerDesignName>
<useDomainConstraints>false</useDomainConstraints>
<use>1</use>
<logicalDatatype>LOGDT019</logicalDatatype>
<dataTypePrecision>7</dataTypePrecision>
<ownDataTypeParameters>,7,</ownDataTypeParameters>
<autoIncrementCycle>false</autoIncrementCycle>
</Column>
<Column name="nm_clie" id="26885544-D997-ECC4-127A-C4131A8A84AE">
<createdBy>Bloorc</createdBy>
<createdTime>2016-05-19 21:53:52 UTC</createdTime>
<comment>Este atributo recebe o nome do cliente da entidade CLIENTE,é mandátorio da tabela , tipo de dado é VARCHAR2, tamanho 100.</comment>
<commentInRDBMS>Este atributo recebe o nome do cliente da entidade CLIENTE,é mandátorio da tabela , tipo de dado é VARCHAR2, tamanho 100.</commentInRDBMS>
<generatorID>084A0DF7-5DE8-BF8A-FAC2-05D9B53AB81E</generatorID>
<ownerDesignName>modelo_v03</ownerDesignName>
<useDomainConstraints>false</useDomainConstraints>
<use>1</use>
<logicalDatatype>LOGDT024</logicalDatatype>
<dataTypeSize>100</dataTypeSize>
<ownDataTypeParameters>100,,</ownDataTypeParameters>
<autoIncrementCycle>false</autoIncrementCycle>
</Column>
<Column name="nu_rg_clie" id="DA9C49AC-B378-E99E-4993-F24A179E2729">
<createdBy>Bloorc</createdBy>
<createdTime>2016-05-19 21:53:52 UTC</createdTime>
<comment>Este atributo recebe o número de rg da entidade CLIENTE,é mandatorio da tabela , tipo de dado é NUMERIC tamanho 13.</comment>
<commentInRDBMS>Este atributo recebe o número de rg da entidade CLIENTE,é mandatorio da tabela , tipo de dado é NUMERIC tamanho 13.</commentInRDBMS>
<generatorID>09D79F81-A19D-3FDB-CAB3-7E14C57F974F</generatorID>
<ownerDesignName>modelo_v03</ownerDesignName>
<useDomainConstraints>false</useDomainConstraints>
<use>1</use>
<logicalDatatype>LOGDT025</logicalDatatype>
<dataTypeSize>13</dataTypeSize>
<ownDataTypeParameters>13,,</ownDataTypeParameters>
<autoIncrementCycle>false</autoIncrementCycle>
</Column>
<Column name="nu_cpf_clie" id="11AA8E3F-E511-0597-8672-1B28C6AA67E8">
<createdBy>Bloorc</createdBy>
<createdTime>2016-05-19 21:53:52 UTC</createdTime>
<comment>Este atributo recebe o número do cnpj da entidade CLIENTE,é mandátori da tabela , tipo de dado é NUMERIC tamanho de 14.</comment>
<commentInRDBMS>Este atributo recebe o número do cnpj da entidade CLIENTE,é mandátori da tabela , tipo de dado é NUMERIC tamanho de 14.</commentInRDBMS>
<generatorID>508CEDC7-9DEF-A9A6-24FB-B500A38963D0</generatorID>
<ownerDesignName>modelo_v03</ownerDesignName>
<nullsAllowed>true</nullsAllowed>
<useDomainConstraints>false</useDomainConstraints>
<use>1</use>
<logicalDatatype>LOGDT024</logicalDatatype>
<dataTypeSize>14</dataTypeSize>
<ownDataTypeParameters>14,,</ownDataTypeParameters>
<autoIncrementCycle>false</autoIncrementCycle>
</Column>
<Column name="nu_cnpj_clie" id="535BA157-F487-351A-1756-3CC8CDB83C81">
<createdBy>Bloorc</createdBy>
<createdTime>2016-05-19 21:53:52 UTC</createdTime>
<comment>Este atributo recebe o numero do fornecedor da entidade CLIENTE,é mandátorio da tabela , tipo de dado é CHAR, tamanho 18.</comment>
<commentInRDBMS>Este atributo recebe o numero do fornecedor da entidade CLIENTE,é mandátorio da tabela , tipo de dado é CHAR, tamanho 18.</commentInRDBMS>
<generatorID>0C87A4BE-FEE4-01E7-A7ED-94B46CE0733C</generatorID>
<ownerDesignName>modelo_v03</ownerDesignName>
<useDomainConstraints>false</useDomainConstraints>
<use>1</use>
<logicalDatatype>LOGDT025</logicalDatatype>
<dataTypeSize>18</dataTypeSize>
<ownDataTypeParameters>18,,</ownDataTypeParameters>
<autoIncrementCycle>false</autoIncrementCycle>
</Column>
<Column name="tp_pess_clie" id="DCF91013-CACF-C83F-3F64-5DCB9874D6E9">
<createdBy>Bloorc</createdBy>
<createdTime>2016-05-19 21:53:52 UTC</createdTime>
<comment>Este atributo recebe o tipo de pessoa da entidade CLIENTE,é mandátori da tabela , tipo de dado é CHAR tamanho de  8.</comment>
<commentInRDBMS>Este atributo recebe o tipo de pessoa da entidade CLIENTE,é mandátori da tabela , tipo de dado é CHAR tamanho de  8.</commentInRDBMS>
<generatorID>86E42E96-4760-BCAD-5B60-07B54F6FBD3A</generatorID>
<ownerDesignName>modelo_v03</ownerDesignName>
<use>0</use>
<logicalDatatype>LOGDT025</logicalDatatype>
<domain>8BB57814-02B5-F8A7-8F2A-68176DFC68EE</domain>
<ownDataTypeParameters>,,</ownDataTypeParameters>
<autoIncrementCycle>false</autoIncrementCycle>
</Column>
<Column name="dt_nasc_clie" id="DF8EC97D-EC06-0265-FB1A-3AFE83BBE620">
<createdBy>Bloorc</createdBy>
<createdTime>2016-05-19 21:53:52 UTC</createdTime>
<comment>Este atributo recebe a data de nascimento do cliente da entidade CLIENTE,é  mandatorio da tabela , tipo de dado é DATE.</comment>
<commentInRDBMS>Este atributo recebe a data de nascimento do cliente da entidade CLIENTE,é  mandatorio da tabela , tipo de dado é DATE.</commentInRDBMS>
<generatorID>019A76BA-3406-DB19-E7E8-1436511E019B</generatorID>
<ownerDesignName>modelo_v03</ownerDesignName>
<useDomainConstraints>false</useDomainConstraints>
<use>1</use>
<logicalDatatype>LOGDT007</logicalDatatype>
<ownDataTypeParameters>,,</ownDataTypeParameters>
<autoIncrementCycle>false</autoIncrementCycle>
</Column>
<Column name="bl_sexo_clie" id="D1CBB62B-32C8-CD40-710A-54AC06097DBB">
<createdBy>Bloorc</createdBy>
<createdTime>2016-05-19 21:53:52 UTC</createdTime>
<comment>Este atributo recebe valor binario do entidade CLIENTE, é mandatório da tabela, tipo de dado é BOOLEAN, tamanho 1.&lt;br/&gt;Valor = 0 para Masculino | Valor = 1 para Feminino</comment>
<commentInRDBMS>Este atributo recebe valor binario do entidade CLIENTE, é mandatório da tabela, tipo de dado é BOOLEAN, tamanho 1.&lt;br/&gt;Valor = 0 para Masculino | Valor = 1 para Feminino</commentInRDBMS>
<generatorID>95289F98-B98C-C4C7-2FBF-046D6FF1399C</generatorID>
<ownerDesignName>modelo_v03</ownerDesignName>
<useDomainConstraints>false</useDomainConstraints>
<use>1</use>
<logicalDatatype>LOGDT006</logicalDatatype>
<dataTypeSize>1</dataTypeSize>
<ownDataTypeParameters>1,,</ownDataTypeParameters>
<autoIncrementCycle>false</autoIncrementCycle>
</Column>
<Column name="ds_mail" id="F9BAA3EE-69CE-9BF3-5937-B1521F51AF91">
<createdBy>Bloorc</createdBy>
<createdTime>2016-05-19 21:53:52 UTC</createdTime>
<comment>Este atributo recebe o e-mail do cliente entidade CLIENTE, é um atributo opcional da tabela , tipo de dado é VARCHAR2, tamanho 100.</comment>
<commentInRDBMS>Este atributo recebe o e-mail do cliente entidade CLIENTE, é um atributo opcional da tabela , tipo de dado é VARCHAR2, tamanho 100.</commentInRDBMS>
<generatorID>839DC5CA-2313-2B05-B636-E3F37DCF7B36</generatorID>
<ownerDesignName>modelo_v03</ownerDesignName>
<useDomainConstraints>false</useDomainConstraints>
<use>1</use>
<logicalDatatype>LOGDT024</logicalDatatype>
<dataTypeSize>100</dataTypeSize>
<ownDataTypeParameters>100,,</ownDataTypeParameters>
<autoIncrementCycle>false</autoIncrementCycle>
</Column>
<Column name="cd_ende" id="C473268A-7677-CEB1-B03D-F190E345BB1F">
<createdBy>Bloorc</createdBy>
<createdTime>2016-05-19 21:53:52 UTC</createdTime>
<generatorID>158E4C53-749B-C22A-8125-B0C6019746A8</generatorID>
<ownerDesignName>modelo_v03</ownerDesignName>
<nullsAllowed>true</nullsAllowed>
<useDomainConstraints>false</useDomainConstraints>
<use>1</use>
<logicalDatatype>LOGDT019</logicalDatatype>
<dataTypePrecision>3</dataTypePrecision>
<ownDataTypeParameters>,,</ownDataTypeParameters>
<previousColumn>false</previousColumn>
<autoIncrementCycle>false</autoIncrementCycle>
<associations>
<colAssociation fkAssociation="25ABC8A0-0026-F284-B9CC-5308B9A8309C" referredColumn="8C6DAC34-0CDE-20A1-3922-9A4B8A15FB1A"/>
</associations>
</Column>
</columns>
<indexes itemClass="oracle.dbtools.crest.model.design.relational.Index">
<ind_PK_UK id="2E90D908-C417-9D45-53CD-D388B6EFA51B" name="CLIENTE_PK">
<createdBy>Bloorc</createdBy>
<createdTime>2016-05-19 21:53:52 UTC</createdTime>
<generatorID>39C3B99F-BB09-7A2F-49AF-B5EF9D413A6B</generatorID>
<ownerDesignName>modelo_v03</ownerDesignName>
<pk>true</pk>
<indexState>Primary Constraint</indexState>
<isSurrogateKey>false</isSurrogateKey>
<indexColumnUsage>
<colUsage columnID="B3B96426-9A2E-0727-364D-7C0373E4ABEB"/>
</indexColumnUsage>
</ind_PK_UK>
<ind_PK_UK id="6DBADE35-EE59-A863-4116-16088A2F8448" name="fk_cliente_endereco">
<createdBy>Bloorc</createdBy>
<createdTime>2016-05-19 21:53:52 UTC</createdTime>
<generatorID>E7506D49-0960-A250-47E3-E15DBD913A95</generatorID>
<ownerDesignName>modelo_v03</ownerDesignName>
<indexState>Foreign Key</indexState>
<isSurrogateKey>false</isSurrogateKey>
<indexColumnUsage>
<colUsage columnID="C473268A-7677-CEB1-B03D-F190E345BB1F"/>
</indexColumnUsage>
</ind_PK_UK>
</indexes>
</Table>