<?xml version = '1.0' encoding = 'UTF-8'?>
<Table class="oracle.dbtools.crest.model.design.relational.Table" directorySegmentName="seg_0" id="13AFF4F6-9878-8E5A-D398-D11E9B6AF223" name="NOTA_FISCAL">
<createdBy>Bloorc</createdBy>
<createdTime>2016-05-19 21:53:52 UTC</createdTime>
<generatorID>3CB0D009-B7B2-F57B-3E45-EDA82B3963F0</generatorID>
<ownerDesignName>modelo_v03</ownerDesignName>
<allowColumnReorder>false</allowColumnReorder>
<existDependencyGenerateInDDl>true</existDependencyGenerateInDDl>
<parsed>true</parsed>
<columns itemClass="oracle.dbtools.crest.model.design.relational.Column">
<Column name="cd_nota_fisc" id="3A373350-B0B5-17D1-28DB-8F02BA5AC352">
<createdBy>Bloorc</createdBy>
<createdTime>2016-05-19 21:53:52 UTC</createdTime>
<comment>Este atributo recebe o código da nota fiscal entidade NOTA_FISCAL,é UID e mandatorio da tabela , tipo de dado é NUMERIC 9.</comment>
<commentInRDBMS>Este atributo recebe o código da nota fiscal entidade NOTA_FISCAL,é UID e mandatorio da tabela , tipo de dado é NUMERIC 9.</commentInRDBMS>
<generatorID>C960B535-BA22-6EE3-0F0B-515ECB70FC03</generatorID>
<ownerDesignName>modelo_v03</ownerDesignName>
<useDomainConstraints>false</useDomainConstraints>
<use>1</use>
<logicalDatatype>LOGDT019</logicalDatatype>
<dataTypePrecision>9</dataTypePrecision>
<ownDataTypeParameters>,9,</ownDataTypeParameters>
<autoIncrementCycle>false</autoIncrementCycle>
</Column>
<Column name="dt_emis" id="24C385E0-A9AA-D5FF-2710-46228EAC4BBF">
<createdBy>Bloorc</createdBy>
<createdTime>2016-05-19 21:53:52 UTC</createdTime>
<comment>Este atributo recebe a data da emissao da entidade NOTA_FISCAL,é  mandatorio da tabela , tipo de dado é DATE.</comment>
<commentInRDBMS>Este atributo recebe a data da emissao da entidade NOTA_FISCAL,é  mandatorio da tabela , tipo de dado é DATE.</commentInRDBMS>
<generatorID>12CCCC56-F1B1-BA56-7448-01F1A97BD55F</generatorID>
<ownerDesignName>modelo_v03</ownerDesignName>
<useDomainConstraints>false</useDomainConstraints>
<use>1</use>
<logicalDatatype>LOGDT007</logicalDatatype>
<ownDataTypeParameters>,,</ownDataTypeParameters>
<autoIncrementCycle>false</autoIncrementCycle>
</Column>
<Column name="vl_nota_fisc" id="DD4E2B9A-94A7-7FE1-01F9-209BE074398F">
<createdBy>Bloorc</createdBy>
<createdTime>2016-05-19 21:53:52 UTC</createdTime>
<comment>Este atributo recebe o valor pago da entidade NOTA_FISCAL,é mandatorio da tabela , tipo de dado é NUMERIC tamanho 7, escala 2.</comment>
<commentInRDBMS>Este atributo recebe o valor pago da entidade NOTA_FISCAL,é mandatorio da tabela , tipo de dado é NUMERIC tamanho 7, escala 2.</commentInRDBMS>
<generatorID>5AFC1292-FF23-0561-4D73-222326D020FA</generatorID>
<ownerDesignName>modelo_v03</ownerDesignName>
<useDomainConstraints>false</useDomainConstraints>
<use>1</use>
<logicalDatatype>LOGDT019</logicalDatatype>
<dataTypePrecision>7</dataTypePrecision>
<dataTypeScale>2</dataTypeScale>
<ownDataTypeParameters>,7,2</ownDataTypeParameters>
<autoIncrementCycle>false</autoIncrementCycle>
</Column>
<Column name="ds_obse" id="AA9B459B-94FC-D156-A8B7-87DF7E20D83F">
<createdBy>Bloorc</createdBy>
<createdTime>2016-05-19 21:53:52 UTC</createdTime>
<comment>Este atributo recebe um texto com observações da entidade NOTA_FISCAL, é um atributo opcional da tabela , tipo de dado é VARCHAR2, tamanho 100.</comment>
<commentInRDBMS>Este atributo recebe um texto com observações da entidade NOTA_FISCAL, é um atributo opcional da tabela , tipo de dado é VARCHAR2, tamanho 100.</commentInRDBMS>
<generatorID>DB8F1116-86C0-5EC5-FAE6-2E9C4964F6C0</generatorID>
<ownerDesignName>modelo_v03</ownerDesignName>
<nullsAllowed>true</nullsAllowed>
<useDomainConstraints>false</useDomainConstraints>
<use>1</use>
<logicalDatatype>LOGDT024</logicalDatatype>
<dataTypeSize>100</dataTypeSize>
<ownDataTypeParameters>100,,</ownDataTypeParameters>
<autoIncrementCycle>false</autoIncrementCycle>
</Column>
<Column name="cd_impo_item" id="725276ED-C87B-46FF-50F0-CB7C0C93E849">
<createdBy>Bloorc</createdBy>
<createdTime>2016-05-19 21:53:52 UTC</createdTime>
<generatorID>8EE3F478-E806-3046-2B47-B3F2F49C9A2D</generatorID>
<ownerDesignName>modelo_v03</ownerDesignName>
<nullsAllowed>true</nullsAllowed>
<useDomainConstraints>false</useDomainConstraints>
<use>1</use>
<logicalDatatype>LOGDT019</logicalDatatype>
<dataTypePrecision>8</dataTypePrecision>
<ownDataTypeParameters>,,</ownDataTypeParameters>
<previousColumn>false</previousColumn>
<autoIncrementCycle>false</autoIncrementCycle>
<associations>
<colAssociation fkAssociation="B7925748-F063-FAE5-29C9-1D2F238BF763" referredColumn="291DDA72-7FF9-663D-FA92-26F5D1CF9F08"/>
</associations>
</Column>
<Column name="cd_comp" id="4E387388-21A9-4083-274F-E614605E3EFF">
<createdBy>Bloorc</createdBy>
<createdTime>2016-05-19 21:53:52 UTC</createdTime>
<generatorID>EF2920DC-98CF-9333-486B-6847667F2E28</generatorID>
<ownerDesignName>modelo_v03</ownerDesignName>
<nullsAllowed>true</nullsAllowed>
<useDomainConstraints>false</useDomainConstraints>
<use>1</use>
<logicalDatatype>LOGDT019</logicalDatatype>
<dataTypePrecision>8</dataTypePrecision>
<ownDataTypeParameters>,,</ownDataTypeParameters>
<previousColumn>false</previousColumn>
<autoIncrementCycle>false</autoIncrementCycle>
<associations>
<colAssociation fkAssociation="06F12E21-640E-C768-371A-37B68AC1A12D" referredColumn="8090E01F-D888-9C33-328D-0ADC9B2C26DD"/>
</associations>
</Column>
<Column name="cd_vend" id="6FFCB52D-7A8B-1FE8-8EC1-0266B410759B">
<createdBy>Bloorc</createdBy>
<createdTime>2016-05-19 21:53:52 UTC</createdTime>
<generatorID>F4D499FC-933E-9C9C-737B-C73DC2167F26</generatorID>
<ownerDesignName>modelo_v03</ownerDesignName>
<nullsAllowed>true</nullsAllowed>
<useDomainConstraints>false</useDomainConstraints>
<use>1</use>
<logicalDatatype>LOGDT019</logicalDatatype>
<dataTypePrecision>8</dataTypePrecision>
<ownDataTypeParameters>,,</ownDataTypeParameters>
<previousColumn>false</previousColumn>
<autoIncrementCycle>false</autoIncrementCycle>
<associations>
<colAssociation fkAssociation="BFC1D2FE-611E-6E32-7A6E-903D2E4749AF" referredColumn="BFA67EB0-47D5-981E-1921-338FC9D7D6AF"/>
</associations>
</Column>
<Column name="cd_seri_nfe" id="921B2E56-FF15-3C36-375E-FDD07E71809F">
<createdBy>Bloorc</createdBy>
<createdTime>2016-05-19 21:53:52 UTC</createdTime>
<generatorID>BE519E18-7C60-CC59-646F-F637CC44B629</generatorID>
<ownerDesignName>modelo_v03</ownerDesignName>
<useDomainConstraints>false</useDomainConstraints>
<use>1</use>
<logicalDatatype>LOGDT019</logicalDatatype>
<dataTypePrecision>2</dataTypePrecision>
<ownDataTypeParameters>,,</ownDataTypeParameters>
<previousColumn>false</previousColumn>
<autoIncrementCycle>false</autoIncrementCycle>
<associations>
<colAssociation fkAssociation="8D9E4F03-FB54-CF86-4FD8-FB8DCACB1440" referredColumn="816EE5E4-9F7E-CEF3-A28A-1C291E1A5D64"/>
</associations>
</Column>
<Column name="cd_natu_oper_nfe" id="EB07EB83-2311-97EA-8A39-8BF8BF52976C">
<createdBy>Bloorc</createdBy>
<createdTime>2016-05-19 21:53:52 UTC</createdTime>
<generatorID>AA748CF7-334A-5DF4-4B77-FB672EEE70A4</generatorID>
<ownerDesignName>modelo_v03</ownerDesignName>
<useDomainConstraints>false</useDomainConstraints>
<use>1</use>
<logicalDatatype>LOGDT019</logicalDatatype>
<dataTypePrecision>4</dataTypePrecision>
<ownDataTypeParameters>,,</ownDataTypeParameters>
<previousColumn>false</previousColumn>
<autoIncrementCycle>false</autoIncrementCycle>
<associations>
<colAssociation fkAssociation="0F27B091-072F-637D-8688-DEE422E806CF" referredColumn="32FC05C0-9B69-B0CF-2EAC-314AA962208C"/>
</associations>
</Column>
</columns>
<indexes itemClass="oracle.dbtools.crest.model.design.relational.Index">
<ind_PK_UK id="A37B80D1-60F6-DF16-969A-8E9174165F33" name="{entity}_PKv11">
<createdBy>Bloorc</createdBy>
<createdTime>2016-05-19 21:53:52 UTC</createdTime>
<generatorID>69B5A33F-DD1E-63D0-2956-E91632FCA9AF</generatorID>
<ownerDesignName>modelo_v03</ownerDesignName>
<pk>true</pk>
<indexState>Primary Constraint</indexState>
<isSurrogateKey>false</isSurrogateKey>
<indexColumnUsage>
<colUsage columnID="3A373350-B0B5-17D1-28DB-8F02BA5AC352"/>
</indexColumnUsage>
</ind_PK_UK>
<ind_PK_UK id="BA14C344-F107-E833-91F3-C7884B856A7E" name="fk_nota_fisc_impo_item">
<createdBy>Bloorc</createdBy>
<createdTime>2016-05-19 21:53:52 UTC</createdTime>
<generatorID>333AF647-B227-89A8-E79F-396F9861910D</generatorID>
<ownerDesignName>modelo_v03</ownerDesignName>
<indexState>Foreign Key</indexState>
<isSurrogateKey>false</isSurrogateKey>
<indexColumnUsage>
<colUsage columnID="725276ED-C87B-46FF-50F0-CB7C0C93E849"/>
</indexColumnUsage>
</ind_PK_UK>
<ind_PK_UK id="8C1701E9-4F00-D0D3-0787-06C5FC6EDECE" name="fk_nota_fisc_natu_oper_nfe">
<createdBy>Bloorc</createdBy>
<createdTime>2016-05-19 21:53:52 UTC</createdTime>
<generatorID>6D4323F2-B836-22A2-29B5-B81FC73D2C37</generatorID>
<ownerDesignName>modelo_v03</ownerDesignName>
<indexState>Foreign Key</indexState>
<isSurrogateKey>false</isSurrogateKey>
<indexColumnUsage>
<colUsage columnID="EB07EB83-2311-97EA-8A39-8BF8BF52976C"/>
</indexColumnUsage>
</ind_PK_UK>
<ind_PK_UK id="C94C3C86-2D61-0A43-C81F-D2BCEAC87F60" name="fk_nota_fisc_seri_nfe">
<createdBy>Bloorc</createdBy>
<createdTime>2016-05-19 21:53:52 UTC</createdTime>
<generatorID>F2704C2B-6F27-5F89-7C6B-228362F5B103</generatorID>
<ownerDesignName>modelo_v03</ownerDesignName>
<indexState>Foreign Key</indexState>
<isSurrogateKey>false</isSurrogateKey>
<indexColumnUsage>
<colUsage columnID="921B2E56-FF15-3C36-375E-FDD07E71809F"/>
</indexColumnUsage>
</ind_PK_UK>
<ind_PK_UK id="06871E65-97F7-7EAC-1224-775DF8F3CF59" name="fk_nota_fiscal_compra">
<createdBy>Bloorc</createdBy>
<createdTime>2016-05-19 21:53:52 UTC</createdTime>
<generatorID>53337346-21C1-42A0-9066-E4DBA2AAD620</generatorID>
<ownerDesignName>modelo_v03</ownerDesignName>
<indexState>Foreign Key</indexState>
<isSurrogateKey>false</isSurrogateKey>
<indexColumnUsage>
<colUsage columnID="4E387388-21A9-4083-274F-E614605E3EFF"/>
</indexColumnUsage>
</ind_PK_UK>
<ind_PK_UK id="4D3D7D7B-079B-E55F-CAF8-6097F95FF53A" name="fk_nota_fiscal_venda">
<createdBy>Bloorc</createdBy>
<createdTime>2016-05-19 21:53:52 UTC</createdTime>
<generatorID>59E50175-4133-129D-EC7B-BA1816F60613</generatorID>
<ownerDesignName>modelo_v03</ownerDesignName>
<indexState>Foreign Key</indexState>
<isSurrogateKey>false</isSurrogateKey>
<indexColumnUsage>
<colUsage columnID="6FFCB52D-7A8B-1FE8-8EC1-0266B410759B"/>
</indexColumnUsage>
</ind_PK_UK>
</indexes>
</Table>