<?xml version = '1.0' encoding = 'UTF-8'?>
<Table class="oracle.dbtools.crest.model.design.relational.Table" directorySegmentName="seg_0" id="1E45D237-93EE-F6F8-D6FF-62CA0C804BE5" name="R_PROM_GRUP_VEND">
<createdBy>Bloorc</createdBy>
<createdTime>2016-05-19 21:53:52 UTC</createdTime>
<ownerDesignName>modelo_v03</ownerDesignName>
<allowColumnReorder>false</allowColumnReorder>
<existDependencyGenerateInDDl>true</existDependencyGenerateInDDl>
<parsed>true</parsed>
<columns itemClass="oracle.dbtools.crest.model.design.relational.Column">
<Column name="PROMOCAO_GRUPO_cd_prom_grupo" id="9BCECC9A-D083-38A0-E8AC-1461AD862BB5">
<createdBy>Bloorc</createdBy>
<createdTime>2016-05-19 21:53:52 UTC</createdTime>
<ownerDesignName>modelo_v03</ownerDesignName>
<useDomainConstraints>false</useDomainConstraints>
<use>1</use>
<logicalDatatype>LOGDT019</logicalDatatype>
<dataTypePrecision>4</dataTypePrecision>
<ownDataTypeParameters>,,</ownDataTypeParameters>
<previousColumn>false</previousColumn>
<autoIncrementCycle>false</autoIncrementCycle>
<associations>
<colAssociation fkAssociation="2F3761E5-5813-4D7D-B5CD-B687E14CCAAE" referredColumn="30490654-9750-90F0-62D5-D52F2AAABEE4"/>
</associations>
</Column>
<Column name="VENDA_cd_vend" id="80BB60E2-0046-1594-73E7-0D72A200DD6F">
<createdBy>Bloorc</createdBy>
<createdTime>2016-05-19 21:53:52 UTC</createdTime>
<ownerDesignName>modelo_v03</ownerDesignName>
<useDomainConstraints>false</useDomainConstraints>
<use>1</use>
<logicalDatatype>LOGDT019</logicalDatatype>
<dataTypePrecision>8</dataTypePrecision>
<ownDataTypeParameters>,,</ownDataTypeParameters>
<previousColumn>false</previousColumn>
<autoIncrementCycle>false</autoIncrementCycle>
<associations>
<colAssociation fkAssociation="6F34560F-E22E-3C74-2E89-EEFADF1A80B3" referredColumn="BFA67EB0-47D5-981E-1921-338FC9D7D6AF"/>
</associations>
</Column>
</columns>
<indexes itemClass="oracle.dbtools.crest.model.design.relational.Index">
<ind_PK_UK id="9CBED53B-A7F4-1F4E-BB1C-5A98C5949255" name="R_PROM_GRUP_VEND_PK">
<createdBy>Bloorc</createdBy>
<createdTime>2016-05-19 21:53:52 UTC</createdTime>
<ownerDesignName>modelo_v03</ownerDesignName>
<pk>true</pk>
<indexState>Primary Constraint</indexState>
<isSurrogateKey>false</isSurrogateKey>
<indexColumnUsage>
<colUsage columnID="9BCECC9A-D083-38A0-E8AC-1461AD862BB5"/>
<colUsage columnID="80BB60E2-0046-1594-73E7-0D72A200DD6F"/>
</indexColumnUsage>
</ind_PK_UK>
<ind_PK_UK id="819AF9B7-6143-FB9C-4868-6C7091D062A0" name="FK_ASS_79">
<createdBy>Bloorc</createdBy>
<createdTime>2016-05-19 21:53:52 UTC</createdTime>
<generatorID>C329DB0C-1FD6-78A0-6F3E-5E0A6FE9CC96</generatorID>
<ownerDesignName>modelo_v03</ownerDesignName>
<indexState>Foreign Key</indexState>
<isSurrogateKey>false</isSurrogateKey>
<indexColumnUsage>
<colUsage columnID="9BCECC9A-D083-38A0-E8AC-1461AD862BB5"/>
</indexColumnUsage>
</ind_PK_UK>
<ind_PK_UK id="A00BA80B-6F9B-990D-16A6-B570E4857296" name="FK_ASS_80">
<createdBy>Bloorc</createdBy>
<createdTime>2016-05-19 21:53:52 UTC</createdTime>
<generatorID>C329DB0C-1FD6-78A0-6F3E-5E0A6FE9CC96</generatorID>
<ownerDesignName>modelo_v03</ownerDesignName>
<indexState>Foreign Key</indexState>
<isSurrogateKey>false</isSurrogateKey>
<indexColumnUsage>
<colUsage columnID="80BB60E2-0046-1594-73E7-0D72A200DD6F"/>
</indexColumnUsage>
</ind_PK_UK>
</indexes>
</Table>