<?xml version = '1.0' encoding = 'UTF-8'?>
<Table class="oracle.dbtools.crest.model.design.relational.Table" directorySegmentName="seg_0" id="243BA06C-68F9-118B-C085-EF3AC5C73E51" name="ESTOQUE">
<createdBy>Bloorc</createdBy>
<createdTime>2016-05-19 21:53:52 UTC</createdTime>
<generatorID>F3E394AE-ABEB-1450-4046-3A7AD17B8690</generatorID>
<ownerDesignName>modelo_v03</ownerDesignName>
<allowColumnReorder>false</allowColumnReorder>
<existDependencyGenerateInDDl>true</existDependencyGenerateInDDl>
<parsed>true</parsed>
<columns itemClass="oracle.dbtools.crest.model.design.relational.Column">
<Column name="cd_esto" id="0DF8C7AB-4388-177B-EAD7-61468B8E57A9">
<createdBy>Bloorc</createdBy>
<createdTime>2016-05-19 21:53:52 UTC</createdTime>
<comment>Este atributo recebe o código da entidade ESTOQUE,é UID e mandatorio da tabela , tipo de dado é NUMERIC 8.</comment>
<commentInRDBMS>Este atributo recebe o código da entidade ESTOQUE,é UID e mandatorio da tabela , tipo de dado é NUMERIC 8.</commentInRDBMS>
<generatorID>691DA30B-5A28-7D70-81F7-F5EEF1D3E58D</generatorID>
<ownerDesignName>modelo_v03</ownerDesignName>
<useDomainConstraints>false</useDomainConstraints>
<use>1</use>
<logicalDatatype>LOGDT019</logicalDatatype>
<dataTypePrecision>8</dataTypePrecision>
<ownDataTypeParameters>,8,</ownDataTypeParameters>
<autoIncrementCycle>false</autoIncrementCycle>
</Column>
<Column name="nu_quan" id="5ECD0047-7A98-8A03-F230-81030DA52A40">
<createdBy>Bloorc</createdBy>
<createdTime>2016-05-19 21:53:52 UTC</createdTime>
<comment>Este atributo recebe o quantidade no estoque da entidade ESTOQUE,é mandatorio da tabela , tipo de dado é NUMERIC tamanho 5.</comment>
<commentInRDBMS>Este atributo recebe o quantidade no estoque da entidade ESTOQUE,é mandatorio da tabela , tipo de dado é NUMERIC tamanho 5.</commentInRDBMS>
<generatorID>519166E1-C394-4434-D16B-2E469B85BD90</generatorID>
<ownerDesignName>modelo_v03</ownerDesignName>
<useDomainConstraints>false</useDomainConstraints>
<use>1</use>
<logicalDatatype>LOGDT019</logicalDatatype>
<dataTypePrecision>5</dataTypePrecision>
<ownDataTypeParameters>,5,</ownDataTypeParameters>
<autoIncrementCycle>false</autoIncrementCycle>
</Column>
<Column name="tp_esto" id="BE304394-3CC1-8C1C-82A8-5FCFC83017AF">
<createdBy>Bloorc</createdBy>
<createdTime>2016-05-19 21:53:52 UTC</createdTime>
<comment>Este atributo recebe o tipo do estoque da entidade ESTOQUE,é mandátorio da tabela , tipo de dado é CHAR, tamanho 7.</comment>
<commentInRDBMS>Este atributo recebe o tipo do estoque da entidade ESTOQUE,é mandátorio da tabela , tipo de dado é CHAR, tamanho 7.</commentInRDBMS>
<generatorID>3C265165-6BA5-C18A-2E18-CFCEFFEBAF65</generatorID>
<ownerDesignName>modelo_v03</ownerDesignName>
<use>0</use>
<logicalDatatype>LOGDT024</logicalDatatype>
<domain>B7B0CC19-1163-C28B-5FDA-3825DB0B43A9</domain>
<ownDataTypeParameters>,,</ownDataTypeParameters>
<autoIncrementCycle>false</autoIncrementCycle>
</Column>
<Column name="cd_fili" id="357212A5-1C98-FDF5-497E-DD98F6412C97">
<createdBy>Bloorc</createdBy>
<createdTime>2016-05-19 21:53:52 UTC</createdTime>
<generatorID>27892D98-D975-585C-0E24-FA32E380DFB8</generatorID>
<ownerDesignName>modelo_v03</ownerDesignName>
<useDomainConstraints>false</useDomainConstraints>
<use>1</use>
<logicalDatatype>LOGDT019</logicalDatatype>
<dataTypePrecision>8</dataTypePrecision>
<ownDataTypeParameters>,,</ownDataTypeParameters>
<previousColumn>false</previousColumn>
<autoIncrementCycle>false</autoIncrementCycle>
<associations>
<colAssociation fkAssociation="C8CCF058-5C76-DB49-0548-F4531FCA5063" referredColumn="118D7432-869B-DBD8-5750-634C09C12BD0"/>
</associations>
</Column>
</columns>
<indexes itemClass="oracle.dbtools.crest.model.design.relational.Index">
<ind_PK_UK id="F67920B6-C680-76C6-640C-4BF060308938" name="{entity}_PKv4">
<createdBy>Bloorc</createdBy>
<createdTime>2016-05-19 21:53:52 UTC</createdTime>
<generatorID>E3BA5BCB-A570-3133-C167-2870360AAA27</generatorID>
<ownerDesignName>modelo_v03</ownerDesignName>
<pk>true</pk>
<indexState>Primary Constraint</indexState>
<isSurrogateKey>false</isSurrogateKey>
<indexColumnUsage>
<colUsage columnID="0DF8C7AB-4388-177B-EAD7-61468B8E57A9"/>
</indexColumnUsage>
</ind_PK_UK>
<ind_PK_UK id="1AA1C9B9-779E-BDA3-47C8-630C7E7EE4D5" name="ESTOQUE__IDX">
<createdBy>Bloorc</createdBy>
<createdTime>2016-05-19 21:53:52 UTC</createdTime>
<ownerDesignName>modelo_v03</ownerDesignName>
<indexState>Unique Plain Index</indexState>
<isSurrogateKey>false</isSurrogateKey>
<relationGeneratorID>C96F8BF2-E19C-39BC-65B3-9F49FF24EFDF</relationGeneratorID>
<indexColumnUsage>
<colUsage columnID="357212A5-1C98-FDF5-497E-DD98F6412C97"/>
</indexColumnUsage>
</ind_PK_UK>
<ind_PK_UK id="5FD71DE2-6F79-A905-FD53-C0AC17A80C3B" name="fk_estoque_filialv1">
<createdBy>Bloorc</createdBy>
<createdTime>2016-05-19 21:53:52 UTC</createdTime>
<generatorID>C96F8BF2-E19C-39BC-65B3-9F49FF24EFDF</generatorID>
<ownerDesignName>modelo_v03</ownerDesignName>
<indexState>Foreign Key</indexState>
<isSurrogateKey>false</isSurrogateKey>
<indexColumnUsage>
<colUsage columnID="357212A5-1C98-FDF5-497E-DD98F6412C97"/>
</indexColumnUsage>
</ind_PK_UK>
</indexes>
</Table>