<?xml version = '1.0' encoding = 'UTF-8'?>
<Table class="oracle.dbtools.crest.model.design.relational.Table" directorySegmentName="seg_0" id="2BAB31D3-C170-F081-AD2D-E79155FB3385" name="PROMOCAO_ITEM">
<createdBy>Bloorc</createdBy>
<createdTime>2016-05-19 21:53:52 UTC</createdTime>
<generatorID>18E955B8-BFE6-9A71-3F49-F50D98D2FDF8</generatorID>
<ownerDesignName>modelo_v03</ownerDesignName>
<allowColumnReorder>false</allowColumnReorder>
<existDependencyGenerateInDDl>true</existDependencyGenerateInDDl>
<parsed>true</parsed>
<columns itemClass="oracle.dbtools.crest.model.design.relational.Column">
<Column name="cd_prom_item" id="1142C09F-C45D-E441-F469-5E726CF418C0">
<createdBy>Bloorc</createdBy>
<createdTime>2016-05-19 21:53:52 UTC</createdTime>
<generatorID>BE07F127-28D1-463C-BCEA-21287F599E94</generatorID>
<ownerDesignName>modelo_v03</ownerDesignName>
<useDomainConstraints>false</useDomainConstraints>
<use>1</use>
<logicalDatatype>LOGDT019</logicalDatatype>
<dataTypePrecision>4</dataTypePrecision>
<ownDataTypeParameters>,4,</ownDataTypeParameters>
<autoIncrementCycle>false</autoIncrementCycle>
</Column>
<Column name="cd_prom" id="B7225777-5E7F-3574-014E-86DC58C16EA6">
<createdBy>Bloorc</createdBy>
<createdTime>2016-05-19 21:53:52 UTC</createdTime>
<comment>Este atributo recebe o código da entidade PROMOCAO,é UID e mandatorio da tabela , tipo de dado é NUMERIC 3.</comment>
<generatorID>25F1E120-8C29-2E99-0C6F-2D948277DE35</generatorID>
<ownerDesignName>modelo_v03</ownerDesignName>
<nullsAllowed>true</nullsAllowed>
<useDomainConstraints>false</useDomainConstraints>
<use>1</use>
<logicalDatatype>LOGDT019</logicalDatatype>
<dataTypePrecision>4</dataTypePrecision>
<ownDataTypeParameters>,,</ownDataTypeParameters>
<previousColumn>false</previousColumn>
<autoIncrementCycle>false</autoIncrementCycle>
<associations>
<colAssociation fkAssociation="A6ADF24F-A852-581A-C009-7D6A03787E3C" referredColumn="C3382159-9D8F-7C1E-820B-A46B67FE4B85"/>
</associations>
</Column>
<Column name="cd_vend" id="028458A5-BA50-60A9-FD28-F1A8C127755D">
<createdBy>Bloorc</createdBy>
<createdTime>2016-05-19 21:53:52 UTC</createdTime>
<comment>Este atributo recebe o código da entidade VENDA,é UID e mandatorio da tabela , tipo de dado é NUMERIC 8.</comment>
<generatorID>700398C5-6640-06F7-2C4C-F5FDF1C5F495</generatorID>
<ownerDesignName>modelo_v03</ownerDesignName>
<useDomainConstraints>false</useDomainConstraints>
<use>1</use>
<logicalDatatype>LOGDT019</logicalDatatype>
<dataTypePrecision>8</dataTypePrecision>
<ownDataTypeParameters>,,</ownDataTypeParameters>
<previousColumn>false</previousColumn>
<autoIncrementCycle>false</autoIncrementCycle>
<associations>
<colAssociation fkAssociation="83CB19AF-4E05-D96C-FEE0-F0094CB70C0F" referredColumn="BFA67EB0-47D5-981E-1921-338FC9D7D6AF"/>
</associations>
</Column>
<Column name="vl_uni_prom_item" id="73FDC22E-322F-197D-6A4D-CBE2DC0CE788">
<createdBy>Bloorc</createdBy>
<createdTime>2016-05-19 21:53:52 UTC</createdTime>
<generatorID>B03B001B-D5BD-B41E-6F78-56EC4886C401</generatorID>
<ownerDesignName>modelo_v03</ownerDesignName>
<useDomainConstraints>false</useDomainConstraints>
<use>1</use>
<logicalDatatype>LOGDT019</logicalDatatype>
<dataTypePrecision>7</dataTypePrecision>
<dataTypeScale>2</dataTypeScale>
<ownDataTypeParameters>,7,2</ownDataTypeParameters>
<autoIncrementCycle>false</autoIncrementCycle>
</Column>
<Column name="cd_prod" id="FBA066A8-47B9-BDDD-FF51-9F171DED2610">
<createdBy>Bloorc</createdBy>
<createdTime>2016-05-19 21:53:52 UTC</createdTime>
<comment>Este atributo recebe o código da entidade PRODUTO,é UID e mandatorio da tabela , tipo de dado é NUMERIC 8.</comment>
<generatorID>2911344A-4C3F-50D5-F9A9-6122778F2E09</generatorID>
<ownerDesignName>modelo_v03</ownerDesignName>
<useDomainConstraints>false</useDomainConstraints>
<use>1</use>
<logicalDatatype>LOGDT019</logicalDatatype>
<dataTypePrecision>6</dataTypePrecision>
<ownDataTypeParameters>,,</ownDataTypeParameters>
<previousColumn>false</previousColumn>
<autoIncrementCycle>false</autoIncrementCycle>
<associations>
<colAssociation fkAssociation="849F6C84-73EF-9D7C-C31B-05CE438F8D83" referredColumn="7C27485D-1D71-2152-1354-96CAFAB07132"/>
</associations>
</Column>
</columns>
<indexes itemClass="oracle.dbtools.crest.model.design.relational.Index">
<ind_PK_UK id="A7B05A2B-1A65-D3DA-BE4D-9B39DFC90256" name="PROMOCAO_ITEM_PK">
<createdBy>Bloorc</createdBy>
<createdTime>2016-05-19 21:53:52 UTC</createdTime>
<generatorID>37704030-A6ED-1D8C-A4AF-E39E9B11195B</generatorID>
<ownerDesignName>modelo_v03</ownerDesignName>
<pk>true</pk>
<indexState>Primary Constraint</indexState>
<isSurrogateKey>false</isSurrogateKey>
<indexColumnUsage>
<colUsage columnID="1142C09F-C45D-E441-F469-5E726CF418C0"/>
<colUsage columnID="028458A5-BA50-60A9-FD28-F1A8C127755D"/>
</indexColumnUsage>
</ind_PK_UK>
<ind_PK_UK id="A4016438-2F23-BE42-94F7-9F735522351F" name="PROMOCAO_ITEM__IDX">
<createdBy>Bloorc</createdBy>
<createdTime>2016-05-19 21:53:52 UTC</createdTime>
<ownerDesignName>modelo_v03</ownerDesignName>
<indexState>Unique Plain Index</indexState>
<isSurrogateKey>false</isSurrogateKey>
<relationGeneratorID>C8D5FBBD-30A0-4FC5-24AC-4A8800DF2483</relationGeneratorID>
<indexColumnUsage>
<colUsage columnID="FBA066A8-47B9-BDDD-FF51-9F171DED2610"/>
</indexColumnUsage>
</ind_PK_UK>
<ind_PK_UK id="6647D549-D2E6-6E78-2AAC-BCD35C3E112F" name="FK_PROM_PROM_ITEM">
<createdBy>Bloorc</createdBy>
<createdTime>2016-05-19 21:53:52 UTC</createdTime>
<generatorID>137DB28F-CB50-2939-37FC-7254023DAF48</generatorID>
<ownerDesignName>modelo_v03</ownerDesignName>
<indexState>Foreign Key</indexState>
<isSurrogateKey>false</isSurrogateKey>
<indexColumnUsage>
<colUsage columnID="B7225777-5E7F-3574-014E-86DC58C16EA6"/>
</indexColumnUsage>
</ind_PK_UK>
<ind_PK_UK id="8165D7C6-7173-6D42-718A-4ABE6B429246" name="R_PROM_ITEM_PROD">
<createdBy>Bloorc</createdBy>
<createdTime>2016-05-19 21:53:52 UTC</createdTime>
<generatorID>C8D5FBBD-30A0-4FC5-24AC-4A8800DF2483</generatorID>
<ownerDesignName>modelo_v03</ownerDesignName>
<indexState>Foreign Key</indexState>
<isSurrogateKey>false</isSurrogateKey>
<indexColumnUsage>
<colUsage columnID="FBA066A8-47B9-BDDD-FF51-9F171DED2610"/>
</indexColumnUsage>
</ind_PK_UK>
<ind_PK_UK id="7F00BFA2-50C2-D6D5-8846-A195F56ED0AC" name="R_PROM_ITEM_VEND">
<createdBy>Bloorc</createdBy>
<createdTime>2016-05-19 21:53:52 UTC</createdTime>
<generatorID>068DA96B-8D0B-9308-7DC1-5536C7653EF8</generatorID>
<ownerDesignName>modelo_v03</ownerDesignName>
<indexState>Foreign Key</indexState>
<isSurrogateKey>false</isSurrogateKey>
<indexColumnUsage>
<colUsage columnID="028458A5-BA50-60A9-FD28-F1A8C127755D"/>
</indexColumnUsage>
</ind_PK_UK>
</indexes>
</Table>