<?xml version = '1.0' encoding = 'UTF-8'?>
<Table class="oracle.dbtools.crest.model.design.relational.Table" directorySegmentName="seg_0" id="485B210F-3D6C-3984-EDF8-46E871BDC86F" name="EVENTO">
<createdBy>Bloorc</createdBy>
<createdTime>2016-05-19 21:53:52 UTC</createdTime>
<generatorID>32D2E744-0DD5-D8E2-9B50-81B81AE14856</generatorID>
<ownerDesignName>modelo_v03</ownerDesignName>
<allowColumnReorder>false</allowColumnReorder>
<existDependencyGenerateInDDl>true</existDependencyGenerateInDDl>
<parsed>true</parsed>
<columns itemClass="oracle.dbtools.crest.model.design.relational.Column">
<Column name="cd_evento" id="21051DF2-5770-EDC8-34CD-3B9D8CE73854">
<createdBy>Bloorc</createdBy>
<createdTime>2016-05-19 21:53:52 UTC</createdTime>
<comment>Este atributo recebe o código da entidade EVENTO,é UID e mandatorio da tabela , tipo de dado é NUMERIC 4.</comment>
<commentInRDBMS>Este atributo recebe o código da entidade EVENTO,é UID e mandatorio da tabela , tipo de dado é NUMERIC 4.</commentInRDBMS>
<generatorID>9517DC9A-C0C6-E006-2CA0-590929BEAA14</generatorID>
<ownerDesignName>modelo_v03</ownerDesignName>
<useDomainConstraints>false</useDomainConstraints>
<use>1</use>
<logicalDatatype>LOGDT019</logicalDatatype>
<dataTypePrecision>4</dataTypePrecision>
<ownDataTypeParameters>,4,</ownDataTypeParameters>
<autoIncrementCycle>false</autoIncrementCycle>
</Column>
<Column name="nm_evento" id="A3013E36-9D30-1B69-C827-C5EB79AA384B">
<createdBy>Bloorc</createdBy>
<createdTime>2016-05-19 21:53:52 UTC</createdTime>
<comment>Este atributo recebe o nome do evento da entidade EVENTO,é mandátorio da tabela , tipo de dado é VARCHAR2, tamanho 20.</comment>
<commentInRDBMS>Este atributo recebe o nome do evento da entidade EVENTO,é mandátorio da tabela , tipo de dado é VARCHAR2, tamanho 20.</commentInRDBMS>
<generatorID>04B49C5C-82E5-4DD0-D35A-7FC561989FDC</generatorID>
<ownerDesignName>modelo_v03</ownerDesignName>
<useDomainConstraints>false</useDomainConstraints>
<use>1</use>
<logicalDatatype>LOGDT024</logicalDatatype>
<dataTypeSize>20</dataTypeSize>
<ownDataTypeParameters>20,,</ownDataTypeParameters>
<autoIncrementCycle>false</autoIncrementCycle>
</Column>
<Column name="ds_evento" id="8D16C449-0899-6303-4238-8D51C474165D">
<createdBy>Bloorc</createdBy>
<createdTime>2016-05-19 21:53:52 UTC</createdTime>
<comment>Este atributo recebe a descrição do evento da entidade EVENTO,é opcional da tabela , tipo de dado é VARCHAR2, tamanho 200.</comment>
<commentInRDBMS>Este atributo recebe a descrição do evento da entidade EVENTO,é opcional da tabela , tipo de dado é VARCHAR2, tamanho 200.</commentInRDBMS>
<generatorID>A21EE440-4A79-9C7D-6642-0580A66F27DC</generatorID>
<ownerDesignName>modelo_v03</ownerDesignName>
<nullsAllowed>true</nullsAllowed>
<useDomainConstraints>false</useDomainConstraints>
<use>1</use>
<logicalDatatype>LOGDT024</logicalDatatype>
<dataTypeSize>200</dataTypeSize>
<ownDataTypeParameters>200,,</ownDataTypeParameters>
<autoIncrementCycle>false</autoIncrementCycle>
</Column>
<Column name="dt_inicio_evento" id="065A5A57-0F91-D2FA-B8B0-D869730D9871">
<createdBy>Bloorc</createdBy>
<createdTime>2016-05-19 21:53:52 UTC</createdTime>
<comment>Este atributo recebe a data de inicio do evento da entidade EVENTO,é  mandatorio da tabela , tipo de dado é DATE.</comment>
<commentInRDBMS>Este atributo recebe a data de inicio do evento da entidade EVENTO,é  mandatorio da tabela , tipo de dado é DATE.</commentInRDBMS>
<generatorID>36B09A14-B291-D19D-A5BC-3EC507936810</generatorID>
<ownerDesignName>modelo_v03</ownerDesignName>
<useDomainConstraints>false</useDomainConstraints>
<use>1</use>
<logicalDatatype>LOGDT007</logicalDatatype>
<ownDataTypeParameters>,,</ownDataTypeParameters>
<autoIncrementCycle>false</autoIncrementCycle>
</Column>
<Column name="dt_final_evento" id="6FFDC331-BE60-E04B-D55E-501DED5D55EA">
<createdBy>Bloorc</createdBy>
<createdTime>2016-05-19 21:53:52 UTC</createdTime>
<comment>Este atributo recebe a data de fim do evento da entidade EVENTO,é  mandatorio da tabela , tipo de dado é DATE.</comment>
<commentInRDBMS>Este atributo recebe a data de fim do evento da entidade EVENTO,é  mandatorio da tabela , tipo de dado é DATE.</commentInRDBMS>
<generatorID>2A3A3ED4-E994-1BA6-06A8-D14F4B6C6869</generatorID>
<ownerDesignName>modelo_v03</ownerDesignName>
<useDomainConstraints>false</useDomainConstraints>
<use>1</use>
<logicalDatatype>LOGDT007</logicalDatatype>
<ownDataTypeParameters>,,</ownDataTypeParameters>
<autoIncrementCycle>false</autoIncrementCycle>
</Column>
</columns>
<indexes itemClass="oracle.dbtools.crest.model.design.relational.Index">
<ind_PK_UK id="E08573D6-D55A-90B9-A955-D2E477FA1E7E" name="{entity}_PKv5">
<createdBy>Bloorc</createdBy>
<createdTime>2016-05-19 21:53:52 UTC</createdTime>
<generatorID>ECD1A83F-CDB1-722E-10BF-019FDC30C272</generatorID>
<ownerDesignName>modelo_v03</ownerDesignName>
<pk>true</pk>
<indexState>Primary Constraint</indexState>
<isSurrogateKey>false</isSurrogateKey>
<indexColumnUsage>
<colUsage columnID="21051DF2-5770-EDC8-34CD-3B9D8CE73854"/>
</indexColumnUsage>
</ind_PK_UK>
<ind_PK_UK id="24EDDE82-A9A7-0497-457E-ABB05836E62B" name="R_EVENTO_FIIALv1">
<createdBy>Bloorc</createdBy>
<createdTime>2016-05-19 21:53:52 UTC</createdTime>
<generatorID>A94AF36A-90AC-0C5C-3F0A-5E8FEC04B4D7</generatorID>
<ownerDesignName>modelo_v03</ownerDesignName>
<indexState>Foreign Key</indexState>
<isSurrogateKey>false</isSurrogateKey>
</ind_PK_UK>
</indexes>
</Table>