<?xml version = '1.0' encoding = 'UTF-8'?>
<Table class="oracle.dbtools.crest.model.design.relational.Table" directorySegmentName="seg_0" id="51D3E902-37AF-C3EA-2152-4DC577598EF0" name="CIDADE">
<createdBy>Bloorc</createdBy>
<createdTime>2016-05-19 21:53:52 UTC</createdTime>
<generatorID>1D2CA5A7-8854-4314-288D-C74D6CB042F4</generatorID>
<ownerDesignName>modelo_v03</ownerDesignName>
<allowColumnReorder>false</allowColumnReorder>
<existDependencyGenerateInDDl>true</existDependencyGenerateInDDl>
<parsed>true</parsed>
<columns itemClass="oracle.dbtools.crest.model.design.relational.Column">
<Column name="cd_cida" id="15497B27-4EE9-CA99-E36F-11681AFE320F">
<createdBy>Bloorc</createdBy>
<createdTime>2016-05-19 21:53:52 UTC</createdTime>
<comment>Este atributo recebe o código da entidade CIDADE,é UID e mandatorio da tabela , tipo de dado é NUMERIC 4.</comment>
<commentInRDBMS>Este atributo recebe o código da entidade CIDADE,é UID e mandatorio da tabela , tipo de dado é NUMERIC 4.</commentInRDBMS>
<generatorID>1D3D45CD-80EF-08FF-0FC9-5DAC08AF6C3B</generatorID>
<ownerDesignName>modelo_v03</ownerDesignName>
<useDomainConstraints>false</useDomainConstraints>
<use>1</use>
<logicalDatatype>LOGDT019</logicalDatatype>
<dataTypePrecision>4</dataTypePrecision>
<ownDataTypeParameters>,4,</ownDataTypeParameters>
<autoIncrementCycle>false</autoIncrementCycle>
</Column>
<Column name="nm_cida" id="C9B6A7DA-D968-A5D0-0651-8B55435C90E4">
<createdBy>Bloorc</createdBy>
<createdTime>2016-05-19 21:53:52 UTC</createdTime>
<comment>Este atributo recebe o nome do cidade da entidade CIDADE,é mandátorio da tabela , tipo de dado é VARCHAR2, tamanho 100.</comment>
<commentInRDBMS>Este atributo recebe o nome do cidade da entidade CIDADE,é mandátorio da tabela , tipo de dado é VARCHAR2, tamanho 100.</commentInRDBMS>
<generatorID>3C03A056-3E53-2BC5-8E18-4BA8526DA72C</generatorID>
<ownerDesignName>modelo_v03</ownerDesignName>
<useDomainConstraints>false</useDomainConstraints>
<use>1</use>
<logicalDatatype>LOGDT024</logicalDatatype>
<dataTypeSize>100</dataTypeSize>
<ownDataTypeParameters>100,,</ownDataTypeParameters>
<autoIncrementCycle>false</autoIncrementCycle>
</Column>
<Column name="cd_esta" id="06BAD335-6479-B7D3-98D0-7BC777FACB99">
<createdBy>Bloorc</createdBy>
<createdTime>2016-05-19 21:53:52 UTC</createdTime>
<generatorID>BFC74B06-B2B5-C205-571C-5D385FC45AB3</generatorID>
<ownerDesignName>modelo_v03</ownerDesignName>
<useDomainConstraints>false</useDomainConstraints>
<use>1</use>
<logicalDatatype>LOGDT019</logicalDatatype>
<dataTypePrecision>3</dataTypePrecision>
<ownDataTypeParameters>,,</ownDataTypeParameters>
<previousColumn>false</previousColumn>
<autoIncrementCycle>false</autoIncrementCycle>
<associations>
<colAssociation fkAssociation="9A3A47AA-2CE4-54E5-1995-F9DDD3C3D116" referredColumn="FEF2C84E-4611-5528-0374-428E6B08670B"/>
</associations>
</Column>
<Column name="ds_zona" id="34C2BB6D-A435-67F9-0C62-0440197CD210">
<createdBy>Bloorc</createdBy>
<createdTime>2016-05-19 21:53:52 UTC</createdTime>
<comment>Este atributo recebe zona que se situa a cidadeda entidade CIDADE, é um atributo opcional da tabela , tipo de dado é VARCHAR2, tamanho 10.</comment>
<commentInRDBMS>Este atributo recebe zona que se situa a cidadeda entidade CIDADE, é um atributo opcional da tabela , tipo de dado é VARCHAR2, tamanho 10.</commentInRDBMS>
<generatorID>196F7983-6670-FF24-515D-62A1FC91F165</generatorID>
<ownerDesignName>modelo_v03</ownerDesignName>
<nullsAllowed>true</nullsAllowed>
<useDomainConstraints>false</useDomainConstraints>
<use>1</use>
<logicalDatatype>LOGDT024</logicalDatatype>
<dataTypeSize>10</dataTypeSize>
<ownDataTypeParameters>10,,</ownDataTypeParameters>
<autoIncrementCycle>false</autoIncrementCycle>
</Column>
</columns>
<indexes itemClass="oracle.dbtools.crest.model.design.relational.Index">
<ind_PK_UK id="0797DD8A-7AA9-7EAE-DC19-1D4DD7F49799" name="CIDADE_PK">
<createdBy>Bloorc</createdBy>
<createdTime>2016-05-19 21:53:52 UTC</createdTime>
<generatorID>6B8B8716-804D-3EE7-504A-69187F497D41</generatorID>
<ownerDesignName>modelo_v03</ownerDesignName>
<pk>true</pk>
<indexState>Primary Constraint</indexState>
<isSurrogateKey>false</isSurrogateKey>
<indexColumnUsage>
<colUsage columnID="15497B27-4EE9-CA99-E36F-11681AFE320F"/>
</indexColumnUsage>
</ind_PK_UK>
<ind_PK_UK id="B34031F7-0CBE-814B-3729-BF2708180298" name="fk_cidade_estado">
<createdBy>Bloorc</createdBy>
<createdTime>2016-05-19 21:53:52 UTC</createdTime>
<generatorID>9CC4A034-22F6-071D-322F-3FA4365518BA</generatorID>
<ownerDesignName>modelo_v03</ownerDesignName>
<indexState>Foreign Key</indexState>
<isSurrogateKey>false</isSurrogateKey>
<indexColumnUsage>
<colUsage columnID="06BAD335-6479-B7D3-98D0-7BC777FACB99"/>
</indexColumnUsage>
</ind_PK_UK>
</indexes>
</Table>