<?xml version = '1.0' encoding = 'UTF-8'?>
<Table class="oracle.dbtools.crest.model.design.relational.Table" directorySegmentName="seg_0" id="5C14D427-6A83-742A-669E-6A52F7E58C04" name="R_PROM_VEND">
<createdBy>Bloorc</createdBy>
<createdTime>2016-05-19 21:53:52 UTC</createdTime>
<ownerDesignName>modelo_v03</ownerDesignName>
<allowColumnReorder>false</allowColumnReorder>
<existDependencyGenerateInDDl>true</existDependencyGenerateInDDl>
<parsed>true</parsed>
<columns itemClass="oracle.dbtools.crest.model.design.relational.Column">
<Column name="PROMOCOES_cd_prom" id="E5133FBF-C2FA-0934-5A93-60ABF537A7AA">
<createdBy>Bloorc</createdBy>
<createdTime>2016-05-19 21:53:52 UTC</createdTime>
<ownerDesignName>modelo_v03</ownerDesignName>
<useDomainConstraints>false</useDomainConstraints>
<use>1</use>
<logicalDatatype>LOGDT019</logicalDatatype>
<dataTypePrecision>4</dataTypePrecision>
<ownDataTypeParameters>,,</ownDataTypeParameters>
<previousColumn>false</previousColumn>
<autoIncrementCycle>false</autoIncrementCycle>
<associations>
<colAssociation fkAssociation="8DDA8DDC-4EDE-8D35-BC9C-8F91C0480B59" referredColumn="C3382159-9D8F-7C1E-820B-A46B67FE4B85"/>
</associations>
</Column>
<Column name="VENDA_cd_vend" id="66BAEB9C-959C-0D32-2B1A-F84ED7FA04D3">
<createdBy>Bloorc</createdBy>
<createdTime>2016-05-19 21:53:52 UTC</createdTime>
<ownerDesignName>modelo_v03</ownerDesignName>
<useDomainConstraints>false</useDomainConstraints>
<use>1</use>
<logicalDatatype>LOGDT019</logicalDatatype>
<dataTypePrecision>8</dataTypePrecision>
<ownDataTypeParameters>,,</ownDataTypeParameters>
<previousColumn>false</previousColumn>
<autoIncrementCycle>false</autoIncrementCycle>
<associations>
<colAssociation fkAssociation="18388F46-3B61-8DB4-110F-ACF2D04B356F" referredColumn="BFA67EB0-47D5-981E-1921-338FC9D7D6AF"/>
</associations>
</Column>
</columns>
<indexes itemClass="oracle.dbtools.crest.model.design.relational.Index">
<ind_PK_UK id="3E86B78D-38B6-C5E4-310C-D73788023E2E" name="R_PROM_VEND_PK">
<createdBy>Bloorc</createdBy>
<createdTime>2016-05-19 21:53:52 UTC</createdTime>
<ownerDesignName>modelo_v03</ownerDesignName>
<pk>true</pk>
<indexState>Primary Constraint</indexState>
<isSurrogateKey>false</isSurrogateKey>
<indexColumnUsage>
<colUsage columnID="E5133FBF-C2FA-0934-5A93-60ABF537A7AA"/>
<colUsage columnID="66BAEB9C-959C-0D32-2B1A-F84ED7FA04D3"/>
</indexColumnUsage>
</ind_PK_UK>
<ind_PK_UK id="8B7D8FC8-CB40-0C56-F748-B170F1F601BD" name="FK_ASS_85">
<createdBy>Bloorc</createdBy>
<createdTime>2016-05-19 21:53:52 UTC</createdTime>
<generatorID>47992BBD-A1D2-12A8-6F16-EB3C933E70DA</generatorID>
<ownerDesignName>modelo_v03</ownerDesignName>
<indexState>Foreign Key</indexState>
<isSurrogateKey>false</isSurrogateKey>
<indexColumnUsage>
<colUsage columnID="E5133FBF-C2FA-0934-5A93-60ABF537A7AA"/>
</indexColumnUsage>
</ind_PK_UK>
<ind_PK_UK id="3B50757D-BC93-36FE-BEE4-E229EB3F3987" name="FK_ASS_86">
<createdBy>Bloorc</createdBy>
<createdTime>2016-05-19 21:53:52 UTC</createdTime>
<generatorID>47992BBD-A1D2-12A8-6F16-EB3C933E70DA</generatorID>
<ownerDesignName>modelo_v03</ownerDesignName>
<indexState>Foreign Key</indexState>
<isSurrogateKey>false</isSurrogateKey>
<indexColumnUsage>
<colUsage columnID="66BAEB9C-959C-0D32-2B1A-F84ED7FA04D3"/>
</indexColumnUsage>
</ind_PK_UK>
</indexes>
</Table>