<?xml version = '1.0' encoding = 'UTF-8'?>
<Table class="oracle.dbtools.crest.model.design.relational.Table" directorySegmentName="seg_0" id="5EF02C7A-C29D-0514-B539-D80EBF826F7B" name="NATUREZA_OPERACAO_NFE">
<createdBy>Bloorc</createdBy>
<createdTime>2016-05-19 21:53:52 UTC</createdTime>
<generatorID>1E72E63D-2013-3317-BA23-58E441753C3E</generatorID>
<ownerDesignName>modelo_v03</ownerDesignName>
<allowColumnReorder>false</allowColumnReorder>
<existDependencyGenerateInDDl>true</existDependencyGenerateInDDl>
<parsed>true</parsed>
<columns itemClass="oracle.dbtools.crest.model.design.relational.Column">
<Column name="cd_natu_oper_nfe" id="32FC05C0-9B69-B0CF-2EAC-314AA962208C">
<createdBy>Bloorc</createdBy>
<createdTime>2016-05-19 21:53:52 UTC</createdTime>
<comment>Este atributo recebe o código da entidade NATURESA_OPERACAO_NFE,é UID e mandatorio da tabela , tipo de dado é NUMERIC 4.</comment>
<commentInRDBMS>Este atributo recebe o código da entidade NATUREZA_OPERACAO_NFE,é UID e mandatorio da tabela , tipo de dado é NUMERIC 4.</commentInRDBMS>
<generatorID>04B9AA21-104B-147D-4F71-9C7375938EEB</generatorID>
<ownerDesignName>modelo_v03</ownerDesignName>
<useDomainConstraints>false</useDomainConstraints>
<use>1</use>
<logicalDatatype>LOGDT019</logicalDatatype>
<dataTypePrecision>4</dataTypePrecision>
<ownDataTypeParameters>,4,</ownDataTypeParameters>
<autoIncrementCycle>false</autoIncrementCycle>
</Column>
<Column name="ds_natu_oper_nfe" id="843205AD-4F99-9395-A34B-448C25A382E4">
<createdBy>Bloorc</createdBy>
<createdTime>2016-05-19 21:53:52 UTC</createdTime>
<comment>Este atributo recebe uma descrição da entidade NATUREZA_OPERACAO_NFE, é um atributo opcional da tabela , tipo de dado é VARCHAR2, tamanho 100.</comment>
<commentInRDBMS>Este atributo recebe uma descrição da entidade NATUREZA_OPERACAO_NFE, é um atributo opcional da tabela , tipo de dado é VARCHAR2, tamanho 100.</commentInRDBMS>
<generatorID>BF516F7B-D223-3521-7E1F-20F254918D09</generatorID>
<ownerDesignName>modelo_v03</ownerDesignName>
<nullsAllowed>true</nullsAllowed>
<useDomainConstraints>false</useDomainConstraints>
<use>1</use>
<logicalDatatype>LOGDT024</logicalDatatype>
<dataTypeSize>100</dataTypeSize>
<ownDataTypeParameters>100,,</ownDataTypeParameters>
<autoIncrementCycle>false</autoIncrementCycle>
</Column>
</columns>
<indexes itemClass="oracle.dbtools.crest.model.design.relational.Index">
<ind_PK_UK id="88E13C68-A132-70D3-87E2-7FF649EFB360" name="{entity}_PKv10">
<createdBy>Bloorc</createdBy>
<createdTime>2016-05-19 21:53:52 UTC</createdTime>
<generatorID>D9E5BB04-B3F3-6FFA-2AF0-4EEBCDFC36E3</generatorID>
<ownerDesignName>modelo_v03</ownerDesignName>
<pk>true</pk>
<indexState>Primary Constraint</indexState>
<isSurrogateKey>false</isSurrogateKey>
<indexColumnUsage>
<colUsage columnID="32FC05C0-9B69-B0CF-2EAC-314AA962208C"/>
</indexColumnUsage>
</ind_PK_UK>
</indexes>
</Table>