<?xml version = '1.0' encoding = 'UTF-8'?>
<Table class="oracle.dbtools.crest.model.design.relational.Table" directorySegmentName="seg_0" id="6DC490BE-6637-188B-B1A3-F17D56C60381" name="ESTADO">
<createdBy>Bloorc</createdBy>
<createdTime>2016-05-19 21:53:52 UTC</createdTime>
<generatorID>DA278474-6E6E-20B6-0267-574B7B03819C</generatorID>
<ownerDesignName>modelo_v03</ownerDesignName>
<allowColumnReorder>false</allowColumnReorder>
<existDependencyGenerateInDDl>true</existDependencyGenerateInDDl>
<parsed>true</parsed>
<columns itemClass="oracle.dbtools.crest.model.design.relational.Column">
<Column name="cd_esta" id="FEF2C84E-4611-5528-0374-428E6B08670B">
<createdBy>Bloorc</createdBy>
<createdTime>2016-05-19 21:53:52 UTC</createdTime>
<comment>Este atributo recebe o código da entidade ESTADO,é UID e mandatorio da tabela , tipo de dado é NUMERIC 3.</comment>
<commentInRDBMS>Este atributo recebe o código da entidade ESTADO,é UID e mandatorio da tabela , tipo de dado é NUMERIC 3.</commentInRDBMS>
<generatorID>110AC173-F596-0E1E-7BDE-E2E86DC9CB96</generatorID>
<ownerDesignName>modelo_v03</ownerDesignName>
<useDomainConstraints>false</useDomainConstraints>
<use>1</use>
<logicalDatatype>LOGDT019</logicalDatatype>
<dataTypePrecision>3</dataTypePrecision>
<ownDataTypeParameters>,3,</ownDataTypeParameters>
<autoIncrementCycle>false</autoIncrementCycle>
</Column>
<Column name="nm_esta" id="77F757CB-23A1-4A60-5959-EDFF35B7F490">
<createdBy>Bloorc</createdBy>
<createdTime>2016-05-19 21:53:52 UTC</createdTime>
<comment>Este atributo recebe o nome do estado da entidade ESTADO,é mandátorio da tabela , tipo de dado é VARCHAR2, tamanho 80.</comment>
<commentInRDBMS>Este atributo recebe o nome do estado da entidade ESTADO,é mandátorio da tabela , tipo de dado é VARCHAR2, tamanho 80.</commentInRDBMS>
<generatorID>C39C7BD8-88BC-E838-1C32-75128AA2E1C4</generatorID>
<ownerDesignName>modelo_v03</ownerDesignName>
<useDomainConstraints>false</useDomainConstraints>
<use>1</use>
<logicalDatatype>LOGDT024</logicalDatatype>
<dataTypeSize>80</dataTypeSize>
<ownDataTypeParameters>80,,</ownDataTypeParameters>
<autoIncrementCycle>false</autoIncrementCycle>
</Column>
<Column name="sg_esta" id="43BB4C63-5402-0EFD-726B-B81949127C05">
<createdBy>Bloorc</createdBy>
<createdTime>2016-05-19 21:53:52 UTC</createdTime>
<comment>Este atributo recebe a sigla do estado da entidade ESTADO,é mandátorio da tabela , tipo de dado é CHAR, tamanho 2.</comment>
<commentInRDBMS>Este atributo recebe a sigla do estado da entidade ESTADO,é mandátorio da tabela , tipo de dado é CHAR, tamanho 2.</commentInRDBMS>
<generatorID>01C8BB56-1FB6-3247-1F13-76347AD68F76</generatorID>
<ownerDesignName>modelo_v03</ownerDesignName>
<useDomainConstraints>false</useDomainConstraints>
<use>1</use>
<logicalDatatype>LOGDT025</logicalDatatype>
<dataTypeSize>2</dataTypeSize>
<ownDataTypeParameters>2,,</ownDataTypeParameters>
<autoIncrementCycle>false</autoIncrementCycle>
</Column>
<Column name="cd_pais" id="A77BF81A-55C6-6504-B2ED-0183269AECCA">
<createdBy>Bloorc</createdBy>
<createdTime>2016-05-19 21:53:52 UTC</createdTime>
<generatorID>44BD397B-B8A8-4724-1EC1-E38FCAC78584</generatorID>
<ownerDesignName>modelo_v03</ownerDesignName>
<useDomainConstraints>false</useDomainConstraints>
<use>1</use>
<logicalDatatype>LOGDT019</logicalDatatype>
<dataTypePrecision>3</dataTypePrecision>
<ownDataTypeParameters>,,</ownDataTypeParameters>
<previousColumn>false</previousColumn>
<autoIncrementCycle>false</autoIncrementCycle>
<associations>
<colAssociation fkAssociation="128CE378-AE83-AC74-0D86-284D6F67601B" referredColumn="55C4195B-D4E6-68CD-75AA-A4C19E8CE6A7"/>
</associations>
</Column>
<Column name="ds_regiao" id="C44642B3-D1FD-3B30-12A2-D66DDE408989">
<createdBy>Bloorc</createdBy>
<createdTime>2016-05-19 21:53:52 UTC</createdTime>
<comment>Este atributo recebe a região do estado da entidade ESTADO, é um atributo opcional da tabela , tipo de dado é VARCHAR2, tamanho 15.</comment>
<commentInRDBMS>Este atributo recebe a região do estado da entidade ESTADO, é um atributo opcional da tabela , tipo de dado é VARCHAR2, tamanho 15.</commentInRDBMS>
<generatorID>02BC5592-4BB7-FAE4-F3D3-10ED3309C4DB</generatorID>
<ownerDesignName>modelo_v03</ownerDesignName>
<nullsAllowed>true</nullsAllowed>
<useDomainConstraints>false</useDomainConstraints>
<use>1</use>
<logicalDatatype>LOGDT024</logicalDatatype>
<dataTypeSize>15</dataTypeSize>
<ownDataTypeParameters>15,,</ownDataTypeParameters>
<autoIncrementCycle>false</autoIncrementCycle>
</Column>
</columns>
<indexes itemClass="oracle.dbtools.crest.model.design.relational.Index">
<ind_PK_UK id="E3086894-AB73-2E93-30B0-7E652323C6A0" name="ESTADO_PK">
<createdBy>Bloorc</createdBy>
<createdTime>2016-05-19 21:53:52 UTC</createdTime>
<generatorID>B9CA4755-E644-48C5-2E4E-C946A991C2A0</generatorID>
<ownerDesignName>modelo_v03</ownerDesignName>
<pk>true</pk>
<indexState>Primary Constraint</indexState>
<isSurrogateKey>false</isSurrogateKey>
<indexColumnUsage>
<colUsage columnID="FEF2C84E-4611-5528-0374-428E6B08670B"/>
</indexColumnUsage>
</ind_PK_UK>
<ind_PK_UK id="A610832B-C8D9-AC64-7714-38A88C90C91D" name="fk_estado_pais">
<createdBy>Bloorc</createdBy>
<createdTime>2016-05-19 21:53:52 UTC</createdTime>
<generatorID>D85AFB17-22CC-67D2-8F95-86A15302C678</generatorID>
<ownerDesignName>modelo_v03</ownerDesignName>
<indexState>Foreign Key</indexState>
<isSurrogateKey>false</isSurrogateKey>
<indexColumnUsage>
<colUsage columnID="A77BF81A-55C6-6504-B2ED-0183269AECCA"/>
</indexColumnUsage>
</ind_PK_UK>
</indexes>
</Table>