<?xml version = '1.0' encoding = 'UTF-8'?>
<Table class="oracle.dbtools.crest.model.design.relational.Table" directorySegmentName="seg_0" id="72440136-6E5C-927C-6937-8C2EA5CA65CA" name="FILIAL">
<createdBy>Bloorc</createdBy>
<createdTime>2016-05-19 21:53:52 UTC</createdTime>
<generatorID>1C83C434-3946-A69A-4440-64809754A53B</generatorID>
<ownerDesignName>modelo_v03</ownerDesignName>
<allowColumnReorder>false</allowColumnReorder>
<existDependencyGenerateInDDl>true</existDependencyGenerateInDDl>
<parsed>true</parsed>
<columns itemClass="oracle.dbtools.crest.model.design.relational.Column">
<Column name="cd_fili" id="118D7432-869B-DBD8-5750-634C09C12BD0">
<createdBy>Bloorc</createdBy>
<createdTime>2016-05-19 21:53:52 UTC</createdTime>
<comment>Este atributo recebe o código da entidade FILIAL,é UID e mandatorio da tabela , tipo de dado é NUMERIC 8.</comment>
<commentInRDBMS>Este atributo recebe o código da entidade FILIAL,é UID e mandatorio da tabela , tipo de dado é NUMERIC 8.</commentInRDBMS>
<generatorID>44265CED-BAD4-97EB-92A3-0A5BC3876143</generatorID>
<ownerDesignName>modelo_v03</ownerDesignName>
<useDomainConstraints>false</useDomainConstraints>
<use>1</use>
<logicalDatatype>LOGDT019</logicalDatatype>
<dataTypePrecision>8</dataTypePrecision>
<ownDataTypeParameters>,8,</ownDataTypeParameters>
<autoIncrementCycle>false</autoIncrementCycle>
</Column>
<Column name="nm_fili" id="A3E4C5FC-A6A4-7778-4FAA-0B01C36EB7C6">
<createdBy>Bloorc</createdBy>
<createdTime>2016-05-19 21:53:52 UTC</createdTime>
<comment>Este atributo recebe o nome da filial da entidade FILIAL,é mandátorio da tabela , tipo de dado é VARCHAR2, tamanho 30.</comment>
<commentInRDBMS>Este atributo recebe o nome da filial da entidade FILIAL,é mandátorio da tabela , tipo de dado é VARCHAR2, tamanho 30.</commentInRDBMS>
<generatorID>5E7F21A0-ED2A-76D1-B593-6FDD254F6438</generatorID>
<ownerDesignName>modelo_v03</ownerDesignName>
<useDomainConstraints>false</useDomainConstraints>
<use>1</use>
<logicalDatatype>LOGDT024</logicalDatatype>
<dataTypeSize>30</dataTypeSize>
<ownDataTypeParameters>30,,</ownDataTypeParameters>
<autoIncrementCycle>false</autoIncrementCycle>
</Column>
<Column name="nu_cnpj_fili" id="C9C9ABAD-64D2-68BC-C633-7C8D6BA71967">
<createdBy>Bloorc</createdBy>
<createdTime>2016-05-19 21:53:52 UTC</createdTime>
<comment>Este atributo recebe o número do cnpj da filial da entidade FILIAL,é mandatorio da tabela , tipo de dado é NUMERIC tamanho 18.</comment>
<commentInRDBMS>Este atributo recebe o número do cnpj da filial da entidade FILIAL,é mandatorio da tabela , tipo de dado é NUMERIC tamanho 18.</commentInRDBMS>
<generatorID>F35160CB-4700-3CF5-527F-3E004AB1CD98</generatorID>
<ownerDesignName>modelo_v03</ownerDesignName>
<useDomainConstraints>false</useDomainConstraints>
<use>1</use>
<logicalDatatype>LOGDT024</logicalDatatype>
<dataTypeSize>18 CHAR</dataTypeSize>
<ownDataTypeParameters>18 CHAR,,</ownDataTypeParameters>
<autoIncrementCycle>false</autoIncrementCycle>
</Column>
<Column name="cd_esto" id="349ED711-306A-0310-EDED-E5E7D4DB6DA1">
<createdBy>Bloorc</createdBy>
<createdTime>2016-05-19 21:53:52 UTC</createdTime>
<generatorID>DC96C2A7-3BB3-EAAF-193C-336B95550B9C</generatorID>
<ownerDesignName>modelo_v03</ownerDesignName>
<useDomainConstraints>false</useDomainConstraints>
<use>1</use>
<logicalDatatype>LOGDT019</logicalDatatype>
<dataTypePrecision>8</dataTypePrecision>
<ownDataTypeParameters>,,</ownDataTypeParameters>
<previousColumn>false</previousColumn>
<autoIncrementCycle>false</autoIncrementCycle>
<associations>
<colAssociation fkAssociation="7EB7EA6B-2BEE-DB2D-9599-283F98DB5546" referredColumn="0DF8C7AB-4388-177B-EAD7-61468B8E57A9"/>
</associations>
</Column>
<Column name="cd_ende" id="D45C0C50-8238-C0C5-56C7-9AD973A36CC1">
<createdBy>Bloorc</createdBy>
<createdTime>2016-05-19 21:53:52 UTC</createdTime>
<generatorID>7110CCAA-807A-1721-C803-32524BA24484</generatorID>
<ownerDesignName>modelo_v03</ownerDesignName>
<nullsAllowed>true</nullsAllowed>
<useDomainConstraints>false</useDomainConstraints>
<use>1</use>
<logicalDatatype>LOGDT019</logicalDatatype>
<dataTypePrecision>3</dataTypePrecision>
<ownDataTypeParameters>,,</ownDataTypeParameters>
<previousColumn>false</previousColumn>
<autoIncrementCycle>false</autoIncrementCycle>
<associations>
<colAssociation fkAssociation="990317A3-95CF-5C88-E82F-BECB6DFAD394" referredColumn="8C6DAC34-0CDE-20A1-3922-9A4B8A15FB1A"/>
</associations>
</Column>
<Column name="ds_filial" id="0D3BABEA-FAF2-7084-ABC5-2055E39E1ACD">
<createdBy>Bloorc</createdBy>
<createdTime>2016-05-19 21:53:52 UTC</createdTime>
<comment>Este atributo recebe a descrição da entidade FILIAL, é um atributo opcional da tabela , tipo de dado é VARCHAR2, tamanho 100.</comment>
<commentInRDBMS>Este atributo recebe a descrição da entidade FILIAL, é um atributo opcional da tabela , tipo de dado é VARCHAR2, tamanho 100.</commentInRDBMS>
<generatorID>95B67E63-652D-3DD9-29FD-8996D40595F8</generatorID>
<ownerDesignName>modelo_v03</ownerDesignName>
<nullsAllowed>true</nullsAllowed>
<useDomainConstraints>false</useDomainConstraints>
<use>1</use>
<logicalDatatype>LOGDT024</logicalDatatype>
<dataTypeSize>100</dataTypeSize>
<ownDataTypeParameters>100,,</ownDataTypeParameters>
<autoIncrementCycle>false</autoIncrementCycle>
</Column>
<Column name="ds_tipo_filial" id="8F34461E-5AEA-6505-2519-5E5FAB2D44EE">
<createdBy>Bloorc</createdBy>
<createdTime>2016-05-19 21:53:52 UTC</createdTime>
<comment>Este atributo recebe o tipo de loja da entidade FILIAL, é um atributo opcional da tabela , tipo de dado é VARCHAR2, tamanho 100.</comment>
<commentInRDBMS>Este atributo recebe o tipo de loja da entidade FILIAL, é um atributo opcional da tabela , tipo de dado é VARCHAR2, tamanho 100.</commentInRDBMS>
<generatorID>E41D3041-CB12-4F9A-E08E-923C342FE6A7</generatorID>
<ownerDesignName>modelo_v03</ownerDesignName>
<nullsAllowed>true</nullsAllowed>
<useDomainConstraints>false</useDomainConstraints>
<use>1</use>
<logicalDatatype>LOGDT024</logicalDatatype>
<dataTypeSize>100</dataTypeSize>
<ownDataTypeParameters>100,,</ownDataTypeParameters>
<autoIncrementCycle>false</autoIncrementCycle>
</Column>
<Column name="nu_metro_quad" id="28B0C3C6-8A79-05FD-0C84-37D83703EC42">
<createdBy>Bloorc</createdBy>
<createdTime>2016-05-19 21:53:52 UTC</createdTime>
<comment>Este atributo recebe o número em m² de loja da entidade FILIAL, é um atributo opcional da tabela , tipo de dado é NUMERIC, tamanho 5 precisão 2.</comment>
<commentInRDBMS>Este atributo recebe o número em m² de loja da entidade FILIAL, é um atributo opcional da tabela , tipo de dado é NUMERIC, tamanho 5 precisão 2.</commentInRDBMS>
<generatorID>D9A5554F-8D62-EB20-827F-074AB89C7180</generatorID>
<ownerDesignName>modelo_v03</ownerDesignName>
<nullsAllowed>true</nullsAllowed>
<useDomainConstraints>false</useDomainConstraints>
<use>1</use>
<logicalDatatype>LOGDT019</logicalDatatype>
<dataTypePrecision>5</dataTypePrecision>
<dataTypeScale>2</dataTypeScale>
<ownDataTypeParameters>,5,2</ownDataTypeParameters>
<autoIncrementCycle>false</autoIncrementCycle>
</Column>
<Column name="tp_planta" id="8D200E22-2B2C-B06E-9C80-85645D25F87D">
<createdBy>Bloorc</createdBy>
<createdTime>2016-05-19 21:53:52 UTC</createdTime>
<comment>Este atributo recebe o tipo da planta da entidade FILIAL, é um atributo opcional da tabela , tipo de dado é VARCHAR2, tamanho 10.</comment>
<commentInRDBMS>Este atributo recebe o tipo da planta da entidade FILIAL, é um atributo opcional da tabela , tipo de dado é VARCHAR2, tamanho 10.</commentInRDBMS>
<generatorID>9D0ECD65-2702-CF6A-130E-91BEB4DD5FB0</generatorID>
<ownerDesignName>modelo_v03</ownerDesignName>
<nullsAllowed>true</nullsAllowed>
<useDomainConstraints>false</useDomainConstraints>
<use>1</use>
<logicalDatatype>LOGDT024</logicalDatatype>
<dataTypeSize>10</dataTypeSize>
<ownDataTypeParameters>10,,</ownDataTypeParameters>
<autoIncrementCycle>false</autoIncrementCycle>
</Column>
<Column name="dt_abertura_filial" id="46A55659-1298-8975-B528-CFBF254ABAF7">
<createdBy>Bloorc</createdBy>
<createdTime>2016-05-19 21:53:52 UTC</createdTime>
<comment>Este atributo recebe a data da abertura da loja da entidade FILIAL, é um atributo mandatório da tabela , tipo de dado é DATE.</comment>
<commentInRDBMS>Este atributo recebe a data da abertura da loja da entidade FILIAL, é um atributo mandatório da tabela , tipo de dado é DATE.</commentInRDBMS>
<generatorID>83292883-4C2D-55FE-6FAC-B4B2B2A3E36A</generatorID>
<ownerDesignName>modelo_v03</ownerDesignName>
<nullsAllowed>true</nullsAllowed>
<useDomainConstraints>false</useDomainConstraints>
<use>1</use>
<logicalDatatype>LOGDT007</logicalDatatype>
<ownDataTypeParameters>,,</ownDataTypeParameters>
<autoIncrementCycle>false</autoIncrementCycle>
</Column>
<Column name="dt_ultima_reforma" id="6ECE6031-DAD3-AD0E-5772-3061930BE80A">
<createdBy>Bloorc</createdBy>
<createdTime>2016-05-19 21:53:52 UTC</createdTime>
<comment>Este atributo recebe a data da ultima reforma da loja da entidade FILIAL, é um atributo mandatório da tabela , tipo de dado é DATE.</comment>
<commentInRDBMS>Este atributo recebe a data da ultima reforma da loja da entidade FILIAL, é um atributo mandatório da tabela , tipo de dado é DATE.</commentInRDBMS>
<generatorID>C6358D94-AEAB-5FFB-9322-4632DFF62FA3</generatorID>
<ownerDesignName>modelo_v03</ownerDesignName>
<useDomainConstraints>false</useDomainConstraints>
<use>1</use>
<logicalDatatype>LOGDT007</logicalDatatype>
<ownDataTypeParameters>,,</ownDataTypeParameters>
<autoIncrementCycle>false</autoIncrementCycle>
</Column>
</columns>
<indexes itemClass="oracle.dbtools.crest.model.design.relational.Index">
<ind_PK_UK id="848E07B7-9E75-6301-73C4-3ACFDCA6187E" name="{entity}_PKv6">
<createdBy>Bloorc</createdBy>
<createdTime>2016-05-19 21:53:52 UTC</createdTime>
<generatorID>61865247-85FE-796F-AC0A-DC1943082639</generatorID>
<ownerDesignName>modelo_v03</ownerDesignName>
<pk>true</pk>
<indexState>Primary Constraint</indexState>
<isSurrogateKey>false</isSurrogateKey>
<indexColumnUsage>
<colUsage columnID="118D7432-869B-DBD8-5750-634C09C12BD0"/>
</indexColumnUsage>
</ind_PK_UK>
<ind_PK_UK id="42B12FB4-419D-942C-D976-7574BD6966B6" name="FILIAL__IDX">
<createdBy>Bloorc</createdBy>
<createdTime>2016-05-19 21:53:52 UTC</createdTime>
<ownerDesignName>modelo_v03</ownerDesignName>
<indexState>Unique Plain Index</indexState>
<isSurrogateKey>false</isSurrogateKey>
<relationGeneratorID>C96F8BF2-E19C-39BC-65B3-9F49FF24EFDF</relationGeneratorID>
<indexColumnUsage>
<colUsage columnID="349ED711-306A-0310-EDED-E5E7D4DB6DA1"/>
</indexColumnUsage>
</ind_PK_UK>
<ind_PK_UK id="102FCA2E-C597-85B8-8F08-27755650C6F4" name="R_EVENTO_FIIAL">
<createdBy>Bloorc</createdBy>
<createdTime>2016-05-19 21:53:52 UTC</createdTime>
<generatorID>A94AF36A-90AC-0C5C-3F0A-5E8FEC04B4D7</generatorID>
<ownerDesignName>modelo_v03</ownerDesignName>
<indexState>Foreign Key</indexState>
<isSurrogateKey>false</isSurrogateKey>
</ind_PK_UK>
<ind_PK_UK id="7B8F65B5-39ED-C7B7-F5E9-E06DD75E5510" name="fk_endereco_filial">
<createdBy>Bloorc</createdBy>
<createdTime>2016-05-19 21:53:52 UTC</createdTime>
<generatorID>E92927F4-E901-DA9E-1234-F687389558DF</generatorID>
<ownerDesignName>modelo_v03</ownerDesignName>
<indexState>Foreign Key</indexState>
<isSurrogateKey>false</isSurrogateKey>
<indexColumnUsage>
<colUsage columnID="D45C0C50-8238-C0C5-56C7-9AD973A36CC1"/>
</indexColumnUsage>
</ind_PK_UK>
<ind_PK_UK id="0883FB18-4AD1-B624-6984-26BF4EE7CEE7" name="fk_estoque_filial">
<createdBy>Bloorc</createdBy>
<createdTime>2016-05-19 21:53:52 UTC</createdTime>
<generatorID>C96F8BF2-E19C-39BC-65B3-9F49FF24EFDF</generatorID>
<ownerDesignName>modelo_v03</ownerDesignName>
<indexState>Foreign Key</indexState>
<isSurrogateKey>false</isSurrogateKey>
<indexColumnUsage>
<colUsage columnID="349ED711-306A-0310-EDED-E5E7D4DB6DA1"/>
</indexColumnUsage>
</ind_PK_UK>
</indexes>
</Table>