<?xml version = '1.0' encoding = 'UTF-8'?>
<Table class="oracle.dbtools.crest.model.design.relational.Table" directorySegmentName="seg_0" id="7483709B-DBBE-5242-A5F1-1472CCF335AC" name="SERIE_NFE">
<createdBy>Bloorc</createdBy>
<createdTime>2016-05-19 21:53:52 UTC</createdTime>
<generatorID>C5D7A15C-C997-D8E6-A78A-66C7357A4FD4</generatorID>
<ownerDesignName>modelo_v03</ownerDesignName>
<allowColumnReorder>false</allowColumnReorder>
<existDependencyGenerateInDDl>true</existDependencyGenerateInDDl>
<parsed>true</parsed>
<columns itemClass="oracle.dbtools.crest.model.design.relational.Column">
<Column name="cd_seri_nfe" id="816EE5E4-9F7E-CEF3-A28A-1C291E1A5D64">
<createdBy>Bloorc</createdBy>
<createdTime>2016-05-19 21:53:52 UTC</createdTime>
<comment>Este atributo recebe o código da entidade SERIE_NFE,é UID e mandatorio da tabela , tipo de dado é NUMERIC 2.</comment>
<commentInRDBMS>Este atributo recebe o código da entidade SERIE_NFE,é UID e mandatorio da tabela , tipo de dado é NUMERIC 2.</commentInRDBMS>
<generatorID>CB330654-15DB-2F68-98CF-706A45317B95</generatorID>
<ownerDesignName>modelo_v03</ownerDesignName>
<useDomainConstraints>false</useDomainConstraints>
<use>1</use>
<logicalDatatype>LOGDT019</logicalDatatype>
<dataTypePrecision>2</dataTypePrecision>
<ownDataTypeParameters>,2,</ownDataTypeParameters>
<autoIncrementCycle>false</autoIncrementCycle>
</Column>
<Column name="ds_seri_nfe" id="5660BE0C-A5EC-3ABF-A243-71A6871B4B5E">
<createdBy>Bloorc</createdBy>
<createdTime>2016-05-19 21:53:52 UTC</createdTime>
<comment>Este atributo recebe uma descrição da entidade SERIE_NFE, é um atributo mandaorio da tabela , tipo de dado é VARCHAR2, tamanho 100.</comment>
<commentInRDBMS>Este atributo recebe uma descrição da entidade SERIE_NFE, é um atributo mandaorio da tabela , tipo de dado é VARCHAR2, tamanho 100.</commentInRDBMS>
<generatorID>0C1D5599-7512-4C8F-3D82-41DEAFCA2F72</generatorID>
<ownerDesignName>modelo_v03</ownerDesignName>
<useDomainConstraints>false</useDomainConstraints>
<use>1</use>
<logicalDatatype>LOGDT024</logicalDatatype>
<dataTypeSize>100 CHAR</dataTypeSize>
<ownDataTypeParameters>100 CHAR,,</ownDataTypeParameters>
<autoIncrementCycle>false</autoIncrementCycle>
</Column>
</columns>
<indexes itemClass="oracle.dbtools.crest.model.design.relational.Index">
<ind_PK_UK id="0A3AFBB3-8AEB-7676-2F13-EDDC440DA57E" name="{entity}_PKv14">
<createdBy>Bloorc</createdBy>
<createdTime>2016-05-19 21:53:52 UTC</createdTime>
<generatorID>44850B33-96F2-4D36-2A3F-031A75024E1A</generatorID>
<ownerDesignName>modelo_v03</ownerDesignName>
<pk>true</pk>
<indexState>Primary Constraint</indexState>
<isSurrogateKey>false</isSurrogateKey>
<indexColumnUsage>
<colUsage columnID="816EE5E4-9F7E-CEF3-A28A-1C291E1A5D64"/>
</indexColumnUsage>
</ind_PK_UK>
</indexes>
</Table>