<?xml version = '1.0' encoding = 'UTF-8'?>
<Table class="oracle.dbtools.crest.model.design.relational.Table" directorySegmentName="seg_0" id="7D14D679-1920-13BC-E943-AC8CBF3976F9" name="PROMOCAO_GRUPO">
<createdBy>Bloorc</createdBy>
<createdTime>2016-05-19 21:53:52 UTC</createdTime>
<generatorID>11D59FED-B2F6-D724-EF17-34156ED2B4B2</generatorID>
<ownerDesignName>modelo_v03</ownerDesignName>
<allowColumnReorder>false</allowColumnReorder>
<existDependencyGenerateInDDl>true</existDependencyGenerateInDDl>
<parsed>true</parsed>
<columns itemClass="oracle.dbtools.crest.model.design.relational.Column">
<Column name="cd_prom_grupo" id="30490654-9750-90F0-62D5-D52F2AAABEE4">
<createdBy>Bloorc</createdBy>
<createdTime>2016-05-19 21:53:52 UTC</createdTime>
<generatorID>30A6CDC4-5510-E986-9A5C-FEFBE2C05D09</generatorID>
<ownerDesignName>modelo_v03</ownerDesignName>
<useDomainConstraints>false</useDomainConstraints>
<use>1</use>
<logicalDatatype>LOGDT019</logicalDatatype>
<dataTypePrecision>4</dataTypePrecision>
<ownDataTypeParameters>,4,</ownDataTypeParameters>
<autoIncrementCycle>false</autoIncrementCycle>
</Column>
<Column name="cd_prom" id="47AAA007-6FBE-52C2-DEFA-C7CF4B7724CB">
<createdBy>Bloorc</createdBy>
<createdTime>2016-05-19 21:53:52 UTC</createdTime>
<comment>Este atributo recebe o código da entidade PROMOCAO,é UID e mandatorio da tabela , tipo de dado é NUMERIC 3.</comment>
<generatorID>B3AD67EF-66F0-9EE8-C723-D9807F4358D1</generatorID>
<ownerDesignName>modelo_v03</ownerDesignName>
<nullsAllowed>true</nullsAllowed>
<useDomainConstraints>false</useDomainConstraints>
<use>1</use>
<logicalDatatype>LOGDT019</logicalDatatype>
<dataTypePrecision>4</dataTypePrecision>
<ownDataTypeParameters>,,</ownDataTypeParameters>
<previousColumn>false</previousColumn>
<autoIncrementCycle>false</autoIncrementCycle>
<associations>
<colAssociation fkAssociation="9726946B-C562-4B71-ED2E-C2BF83210B50" referredColumn="C3382159-9D8F-7C1E-820B-A46B67FE4B85"/>
</associations>
</Column>
<Column name="vl_uni_grupo_prom" id="52FC46DC-D3A5-28A4-9229-904BC7B108F1">
<createdBy>Bloorc</createdBy>
<createdTime>2016-05-19 21:53:52 UTC</createdTime>
<generatorID>CAC2DB4A-0C44-78C9-9F3E-12ADDF01F35C</generatorID>
<ownerDesignName>modelo_v03</ownerDesignName>
<useDomainConstraints>false</useDomainConstraints>
<use>1</use>
<logicalDatatype>LOGDT019</logicalDatatype>
<dataTypePrecision>7</dataTypePrecision>
<dataTypeScale>2</dataTypeScale>
<ownDataTypeParameters>,7,2</ownDataTypeParameters>
<autoIncrementCycle>false</autoIncrementCycle>
</Column>
<Column name="cd_prod" id="20DD9421-8FFD-BA9F-3959-ADC5E5FB456C">
<createdBy>Bloorc</createdBy>
<createdTime>2016-05-19 21:53:52 UTC</createdTime>
<comment>Este atributo recebe o código da entidade PRODUTO,é UID e mandatorio da tabela , tipo de dado é NUMERIC 8.</comment>
<generatorID>2E913C0E-BBA3-96F1-58BB-85CB8885EED5</generatorID>
<ownerDesignName>modelo_v03</ownerDesignName>
<useDomainConstraints>false</useDomainConstraints>
<use>1</use>
<logicalDatatype>LOGDT019</logicalDatatype>
<dataTypePrecision>6</dataTypePrecision>
<ownDataTypeParameters>,,</ownDataTypeParameters>
<previousColumn>false</previousColumn>
<autoIncrementCycle>false</autoIncrementCycle>
<associations>
<colAssociation fkAssociation="679B3C1A-E32D-F489-0435-3FC5E091BE2D" referredColumn="7C27485D-1D71-2152-1354-96CAFAB07132"/>
</associations>
</Column>
</columns>
<indexes itemClass="oracle.dbtools.crest.model.design.relational.Index">
<ind_PK_UK id="16B79516-065E-79CB-0B44-3B93AA7AE6A1" name="PROMOCAO_GRUPO_PK">
<createdBy>Bloorc</createdBy>
<createdTime>2016-05-19 21:53:52 UTC</createdTime>
<generatorID>0D07D2F8-3CBA-BD88-6320-03D20C38CFBA</generatorID>
<ownerDesignName>modelo_v03</ownerDesignName>
<pk>true</pk>
<indexState>Primary Constraint</indexState>
<isSurrogateKey>false</isSurrogateKey>
<indexColumnUsage>
<colUsage columnID="30490654-9750-90F0-62D5-D52F2AAABEE4"/>
</indexColumnUsage>
</ind_PK_UK>
<ind_PK_UK id="36DD10AE-8CE2-1CC9-5D99-915E255793E0" name="PROMOCAO_GRUPO__IDX">
<createdBy>Bloorc</createdBy>
<createdTime>2016-05-19 21:53:52 UTC</createdTime>
<ownerDesignName>modelo_v03</ownerDesignName>
<indexState>Unique Plain Index</indexState>
<isSurrogateKey>false</isSurrogateKey>
<relationGeneratorID>33795DE9-DE3D-040D-3859-F5248BBC2317</relationGeneratorID>
<indexColumnUsage>
<colUsage columnID="20DD9421-8FFD-BA9F-3959-ADC5E5FB456C"/>
</indexColumnUsage>
</ind_PK_UK>
<ind_PK_UK id="FAB5F0C9-9E3F-B552-B59D-33117E83C03B" name="FK_PROM_PROM_GRUPO">
<createdBy>Bloorc</createdBy>
<createdTime>2016-05-19 21:53:52 UTC</createdTime>
<generatorID>D08BAF13-2D53-7C42-6B36-23B865A560A7</generatorID>
<ownerDesignName>modelo_v03</ownerDesignName>
<indexState>Foreign Key</indexState>
<isSurrogateKey>false</isSurrogateKey>
<indexColumnUsage>
<colUsage columnID="47AAA007-6FBE-52C2-DEFA-C7CF4B7724CB"/>
</indexColumnUsage>
</ind_PK_UK>
<ind_PK_UK id="4E105AF6-C192-8BB7-11D1-A6961C793D9F" name="R_PROM_GRUP_PROD">
<createdBy>Bloorc</createdBy>
<createdTime>2016-05-19 21:53:52 UTC</createdTime>
<generatorID>33795DE9-DE3D-040D-3859-F5248BBC2317</generatorID>
<ownerDesignName>modelo_v03</ownerDesignName>
<indexState>Foreign Key</indexState>
<isSurrogateKey>false</isSurrogateKey>
<indexColumnUsage>
<colUsage columnID="20DD9421-8FFD-BA9F-3959-ADC5E5FB456C"/>
</indexColumnUsage>
</ind_PK_UK>
<ind_PK_UK id="47464CE6-E95E-6D7C-9BEC-A91B9FD64A5B" name="R_PROM_GRUP_VENDv1">
<createdBy>Bloorc</createdBy>
<createdTime>2016-05-19 21:53:52 UTC</createdTime>
<generatorID>C329DB0C-1FD6-78A0-6F3E-5E0A6FE9CC96</generatorID>
<ownerDesignName>modelo_v03</ownerDesignName>
<indexState>Foreign Key</indexState>
<isSurrogateKey>false</isSurrogateKey>
</ind_PK_UK>
</indexes>
</Table>