<?xml version = '1.0' encoding = 'UTF-8'?>
<Table class="oracle.dbtools.crest.model.design.relational.Table" directorySegmentName="seg_0" id="8161D411-8624-E632-1B69-1E9F95987C7F" name="R_EVENTO_FIIAL">
<createdBy>Bloorc</createdBy>
<createdTime>2016-05-19 21:53:52 UTC</createdTime>
<ownerDesignName>modelo_v03</ownerDesignName>
<allowColumnReorder>false</allowColumnReorder>
<existDependencyGenerateInDDl>true</existDependencyGenerateInDDl>
<parsed>true</parsed>
<columns itemClass="oracle.dbtools.crest.model.design.relational.Column">
<Column name="EVENTO_cd_evento" id="17BF89B9-557F-57B5-B4B4-4D86AE2CD537">
<createdBy>Bloorc</createdBy>
<createdTime>2016-05-19 21:53:52 UTC</createdTime>
<ownerDesignName>modelo_v03</ownerDesignName>
<useDomainConstraints>false</useDomainConstraints>
<use>1</use>
<logicalDatatype>LOGDT019</logicalDatatype>
<dataTypePrecision>4</dataTypePrecision>
<ownDataTypeParameters>,,</ownDataTypeParameters>
<previousColumn>false</previousColumn>
<autoIncrementCycle>false</autoIncrementCycle>
<associations>
<colAssociation fkAssociation="CCD50A0F-8E96-CBA6-C005-8B9981E0030E" referredColumn="21051DF2-5770-EDC8-34CD-3B9D8CE73854"/>
</associations>
</Column>
<Column name="FILIAL_cd_fili" id="00301BA1-003B-3D66-E195-E5A8FE130415">
<createdBy>Bloorc</createdBy>
<createdTime>2016-05-19 21:53:52 UTC</createdTime>
<ownerDesignName>modelo_v03</ownerDesignName>
<useDomainConstraints>false</useDomainConstraints>
<use>1</use>
<logicalDatatype>LOGDT019</logicalDatatype>
<dataTypePrecision>8</dataTypePrecision>
<ownDataTypeParameters>,,</ownDataTypeParameters>
<previousColumn>false</previousColumn>
<autoIncrementCycle>false</autoIncrementCycle>
<associations>
<colAssociation fkAssociation="BBAB7B36-E142-225D-9A9B-3602DE906BCF" referredColumn="118D7432-869B-DBD8-5750-634C09C12BD0"/>
</associations>
</Column>
</columns>
<indexes itemClass="oracle.dbtools.crest.model.design.relational.Index">
<ind_PK_UK id="0858F4E1-6FDF-B444-05C2-6F959BD8F16D" name="R_EVENTO_FIIAL_PK">
<createdBy>Bloorc</createdBy>
<createdTime>2016-05-19 21:53:52 UTC</createdTime>
<ownerDesignName>modelo_v03</ownerDesignName>
<pk>true</pk>
<indexState>Primary Constraint</indexState>
<isSurrogateKey>false</isSurrogateKey>
<indexColumnUsage>
<colUsage columnID="17BF89B9-557F-57B5-B4B4-4D86AE2CD537"/>
<colUsage columnID="00301BA1-003B-3D66-E195-E5A8FE130415"/>
</indexColumnUsage>
</ind_PK_UK>
<ind_PK_UK id="093E702C-F1ED-4911-382B-E50E18D5904E" name="FK_ASS_73">
<createdBy>Bloorc</createdBy>
<createdTime>2016-05-19 21:53:52 UTC</createdTime>
<generatorID>A94AF36A-90AC-0C5C-3F0A-5E8FEC04B4D7</generatorID>
<ownerDesignName>modelo_v03</ownerDesignName>
<indexState>Foreign Key</indexState>
<isSurrogateKey>false</isSurrogateKey>
<indexColumnUsage>
<colUsage columnID="17BF89B9-557F-57B5-B4B4-4D86AE2CD537"/>
</indexColumnUsage>
</ind_PK_UK>
<ind_PK_UK id="C98DD452-44DE-680D-5A6F-200A63267A96" name="FK_ASS_74">
<createdBy>Bloorc</createdBy>
<createdTime>2016-05-19 21:53:52 UTC</createdTime>
<generatorID>A94AF36A-90AC-0C5C-3F0A-5E8FEC04B4D7</generatorID>
<ownerDesignName>modelo_v03</ownerDesignName>
<indexState>Foreign Key</indexState>
<isSurrogateKey>false</isSurrogateKey>
<indexColumnUsage>
<colUsage columnID="00301BA1-003B-3D66-E195-E5A8FE130415"/>
</indexColumnUsage>
</ind_PK_UK>
</indexes>
</Table>