<?xml version = '1.0' encoding = 'UTF-8'?>
<Table class="oracle.dbtools.crest.model.design.relational.Table" directorySegmentName="seg_0" id="8218711E-4532-4776-9FC3-267E1868FF63" name="FORMA_PAGAMENTO">
<createdBy>Bloorc</createdBy>
<createdTime>2016-05-19 21:53:52 UTC</createdTime>
<generatorID>57AF6E56-C25C-1BAE-4E4B-4C97892C781C</generatorID>
<notes>Esta tabela contém os dados referentes às Formas de Pagamento aceitas pela loja.</notes>
<ownerDesignName>modelo_v03</ownerDesignName>
<allowColumnReorder>false</allowColumnReorder>
<existDependencyGenerateInDDl>true</existDependencyGenerateInDDl>
<parsed>true</parsed>
<columns itemClass="oracle.dbtools.crest.model.design.relational.Column">
<Column name="cd_form_paga" id="F0A8CE5D-5FAA-E304-EAF1-FEEE9BAFA957">
<createdBy>Bloorc</createdBy>
<createdTime>2016-05-19 21:53:52 UTC</createdTime>
<comment>Este atributo recebe o código da entidade FORMA_PAGAMENTO, é Chave Primária e Obrigatório, tipo de dado é NUMÉRICO com 6 dígitos.</comment>
<commentInRDBMS>Este atributo recebe o código da entidade FORMA_PAGAMENTO, é Chave Primária e Obrigatório, tipo de dado é NUMÉRICO com 6 dígitos.</commentInRDBMS>
<generatorID>151B9FE8-8492-3463-EC3F-308E4CBBD76B</generatorID>
<ownerDesignName>modelo_v03</ownerDesignName>
<useDomainConstraints>false</useDomainConstraints>
<use>1</use>
<logicalDatatype>LOGDT019</logicalDatatype>
<dataTypePrecision>4</dataTypePrecision>
<ownDataTypeParameters>,4,</ownDataTypeParameters>
<autoIncrementCycle>false</autoIncrementCycle>
</Column>
<Column name="nm_form_paga" id="4EAFC009-E465-B7D8-9D9F-647461C29A2A">
<createdBy>Bloorc</createdBy>
<createdTime>2016-05-19 21:53:52 UTC</createdTime>
<comment>Este atributo recebe o nome da forma de pagamento, é obrigatório, é do tipo VARCHAR2 com até 20 caracteres e seus dados esão gravados em um domínio. </comment>
<commentInRDBMS>Este atributo recebe o nome da forma de pagamento, é obrigatório, é do tipo VARCHAR2 com até 20 caracteres e seus dados esão gravados em um domínio. </commentInRDBMS>
<generatorID>C0987D06-8F48-D669-BEB9-DF1B33F8DDD8</generatorID>
<ownerDesignName>modelo_v03</ownerDesignName>
<useDomainConstraints>false</useDomainConstraints>
<use>1</use>
<logicalDatatype>LOGDT024</logicalDatatype>
<dataTypeSize>20</dataTypeSize>
<ownDataTypeParameters>20,,</ownDataTypeParameters>
<autoIncrementCycle>false</autoIncrementCycle>
</Column>
<Column name="cd_admi_cart" id="C8E012A6-9295-3E6B-9488-C53EDC6893B9">
<createdBy>Bloorc</createdBy>
<createdTime>2016-05-19 21:53:52 UTC</createdTime>
<generatorID>47DA4CD1-FDC3-CDC7-3C23-C98E034659AD</generatorID>
<ownerDesignName>modelo_v03</ownerDesignName>
<useDomainConstraints>false</useDomainConstraints>
<use>1</use>
<logicalDatatype>LOGDT019</logicalDatatype>
<dataTypePrecision>2</dataTypePrecision>
<ownDataTypeParameters>,,</ownDataTypeParameters>
<previousColumn>false</previousColumn>
<autoIncrementCycle>false</autoIncrementCycle>
<associations>
<colAssociation fkAssociation="70188C0B-E6E2-FCCB-37AE-16121318C07A" referredColumn="ECDA5AA5-4613-9A7F-8CC0-AD93FA989ED8"/>
</associations>
</Column>
</columns>
<indexes itemClass="oracle.dbtools.crest.model.design.relational.Index">
<ind_PK_UK id="80C169E4-B14D-737F-1BB6-AA43B5D14540" name="FORMA_PAGAMENTO_PK">
<createdBy>Bloorc</createdBy>
<createdTime>2016-05-19 21:53:52 UTC</createdTime>
<generatorID>743718D8-CD55-11B1-E19A-D56F69F6F46D</generatorID>
<ownerDesignName>modelo_v03</ownerDesignName>
<pk>true</pk>
<indexState>Primary Constraint</indexState>
<isSurrogateKey>false</isSurrogateKey>
<indexColumnUsage>
<colUsage columnID="F0A8CE5D-5FAA-E304-EAF1-FEEE9BAFA957"/>
</indexColumnUsage>
</ind_PK_UK>
<ind_PK_UK id="DCBF3A75-61C8-1666-4122-DB6926F557C5" name="FK_ADMT_CART_FORM_PGTO">
<createdBy>Bloorc</createdBy>
<createdTime>2016-05-19 21:53:52 UTC</createdTime>
<generatorID>B1C98BFD-1D9C-B707-18D8-A04AFD082807</generatorID>
<ownerDesignName>modelo_v03</ownerDesignName>
<indexState>Foreign Key</indexState>
<isSurrogateKey>false</isSurrogateKey>
<indexColumnUsage>
<colUsage columnID="C8E012A6-9295-3E6B-9488-C53EDC6893B9"/>
</indexColumnUsage>
</ind_PK_UK>
</indexes>
</Table>