<?xml version = '1.0' encoding = 'UTF-8'?>
<Table class="oracle.dbtools.crest.model.design.relational.Table" directorySegmentName="seg_0" id="8D07E5DD-20DC-0B73-56FE-17C0D3C6C9AF" name="MARCA">
<createdBy>Bloorc</createdBy>
<createdTime>2016-05-19 21:53:52 UTC</createdTime>
<generatorID>4439492B-9FFF-B4EE-ACA1-F87C45E394F4</generatorID>
<ownerDesignName>modelo_v03</ownerDesignName>
<allowColumnReorder>false</allowColumnReorder>
<existDependencyGenerateInDDl>true</existDependencyGenerateInDDl>
<parsed>true</parsed>
<columns itemClass="oracle.dbtools.crest.model.design.relational.Column">
<Column name="cd_marc" id="2CCC4500-12F6-C6F6-F05C-CEE916D704A6">
<createdBy>Bloorc</createdBy>
<createdTime>2016-05-19 21:53:52 UTC</createdTime>
<comment>Este atributo recebe o código da entidade MARCA,é UID e mandatorio da tabela , tipo de dado é NUMERIC 4.</comment>
<commentInRDBMS>Este atributo recebe o código da entidade MARCA,é UID e mandatorio da tabela , tipo de dado é NUMERIC 4.</commentInRDBMS>
<generatorID>36173632-B924-A76F-A99C-19BF3D7CD082</generatorID>
<ownerDesignName>modelo_v03</ownerDesignName>
<useDomainConstraints>false</useDomainConstraints>
<use>1</use>
<logicalDatatype>LOGDT019</logicalDatatype>
<dataTypePrecision>4</dataTypePrecision>
<ownDataTypeParameters>,4,</ownDataTypeParameters>
<autoIncrementCycle>false</autoIncrementCycle>
</Column>
<Column name="nm_marc" id="552EA147-031B-894A-9F86-28720987BA68">
<createdBy>Bloorc</createdBy>
<createdTime>2016-05-19 21:53:52 UTC</createdTime>
<comment>Este atributo recebe o nome da marca da entidade MARCA,é mandátorio da tabela , tipo de dado é VARCHAR2, tamanho 50.</comment>
<commentInRDBMS>Este atributo recebe o nome da marca da entidade MARCA,é mandátorio da tabela , tipo de dado é VARCHAR2, tamanho 50.</commentInRDBMS>
<generatorID>77132DC9-D353-7BBA-486D-159E3D2EC4E2</generatorID>
<ownerDesignName>modelo_v03</ownerDesignName>
<useDomainConstraints>false</useDomainConstraints>
<use>1</use>
<logicalDatatype>LOGDT024</logicalDatatype>
<dataTypeSize>50</dataTypeSize>
<ownDataTypeParameters>50,,</ownDataTypeParameters>
<autoIncrementCycle>false</autoIncrementCycle>
</Column>
</columns>
<indexes itemClass="oracle.dbtools.crest.model.design.relational.Index">
<ind_PK_UK id="A1C36A3C-52D9-5F67-90FB-E080BFBCE6E4" name="{entity}_PKv9">
<createdBy>Bloorc</createdBy>
<createdTime>2016-05-19 21:53:52 UTC</createdTime>
<generatorID>2FF853FD-D984-AC08-0786-F879E92B196A</generatorID>
<ownerDesignName>modelo_v03</ownerDesignName>
<pk>true</pk>
<indexState>Primary Constraint</indexState>
<isSurrogateKey>false</isSurrogateKey>
<indexColumnUsage>
<colUsage columnID="2CCC4500-12F6-C6F6-F05C-CEE916D704A6"/>
</indexColumnUsage>
</ind_PK_UK>
</indexes>
</Table>