<?xml version = '1.0' encoding = 'UTF-8'?>
<Table class="oracle.dbtools.crest.model.design.relational.Table" directorySegmentName="seg_0" id="986C65EC-BAC3-D6E4-7DFF-BC9F0A4A2A33" name="ADMINISTRADORA_CARTAO">
<createdBy>Bloorc</createdBy>
<createdTime>2016-05-19 21:53:52 UTC</createdTime>
<generatorID>90DC8163-5D4B-ED19-FB19-1D123D4A1192</generatorID>
<ownerDesignName>modelo_v03</ownerDesignName>
<allowColumnReorder>false</allowColumnReorder>
<existDependencyGenerateInDDl>true</existDependencyGenerateInDDl>
<parsed>true</parsed>
<columns itemClass="oracle.dbtools.crest.model.design.relational.Column">
<Column name="cd_admi_cart" id="ECDA5AA5-4613-9A7F-8CC0-AD93FA989ED8">
<createdBy>Bloorc</createdBy>
<createdTime>2016-05-19 21:53:52 UTC</createdTime>
<comment>Este atributo recebe o código da entidade ADMINISTRADORA_CARTAO,é UID e mandatorio da tabela , tipo de dado é NUMERIC 8.</comment>
<commentInRDBMS>Este atributo recebe o código da entidade ADMINISTRADORA_CARTAO,é UID e mandatorio da tabela , tipo de dado é NUMERIC 8.</commentInRDBMS>
<generatorID>FB5706F3-FF68-34D0-3D35-5D3B17A03966</generatorID>
<ownerDesignName>modelo_v03</ownerDesignName>
<useDomainConstraints>false</useDomainConstraints>
<use>1</use>
<logicalDatatype>LOGDT019</logicalDatatype>
<dataTypePrecision>2</dataTypePrecision>
<ownDataTypeParameters>,2,</ownDataTypeParameters>
<autoIncrementCycle>false</autoIncrementCycle>
</Column>
<Column name="nm_admi_cart" id="93846D75-E782-83C4-FEA4-E4ECD88BF9AF">
<createdBy>Bloorc</createdBy>
<createdTime>2016-05-19 21:53:52 UTC</createdTime>
<comment>Este atributo recebe o nome da administradora de cartao da entidade ADMINISTRADORA_CARTAO,é mandátorio da tabela , tipo de dado é VARCHAR2, tamanho 50.</comment>
<commentInRDBMS>Este atributo recebe o nome da administradora de cartao da entidade ADMINISTRADORA_CARTAO,é mandátorio da tabela , tipo de dado é VARCHAR2, tamanho 50.</commentInRDBMS>
<generatorID>9A768A73-6300-4150-C720-B111A0599450</generatorID>
<ownerDesignName>modelo_v03</ownerDesignName>
<useDomainConstraints>false</useDomainConstraints>
<use>1</use>
<logicalDatatype>LOGDT024</logicalDatatype>
<dataTypeSize>50</dataTypeSize>
<ownDataTypeParameters>50,,</ownDataTypeParameters>
<autoIncrementCycle>false</autoIncrementCycle>
</Column>
<Column name="cd_cred" id="4037848D-EA20-F83B-DAAB-C1828B8DD976">
<createdBy>Bloorc</createdBy>
<createdTime>2016-05-19 21:53:52 UTC</createdTime>
<comment>Este atributo recebe o código da credeciadora de cartões da entidade ADMINISTRADORA_CARTAO,é mandatorio da tabela , tipo de dado é NUMERIC 2.</comment>
<commentInRDBMS>Este atributo recebe o código da credeciadora de cartões da entidade ADMINISTRADORA_CARTAO,é mandatorio da tabela , tipo de dado é NUMERIC 2.</commentInRDBMS>
<generatorID>0B9364AE-8324-E2C3-5CCE-A4FB8C6C5062</generatorID>
<ownerDesignName>modelo_v03</ownerDesignName>
<useDomainConstraints>false</useDomainConstraints>
<use>1</use>
<logicalDatatype>LOGDT019</logicalDatatype>
<dataTypePrecision>2</dataTypePrecision>
<ownDataTypeParameters>,2,</ownDataTypeParameters>
<autoIncrementCycle>false</autoIncrementCycle>
</Column>
<Column name="cd_rede_cont" id="C5F02C54-E0FF-F616-A460-3336254D9108">
<createdBy>Bloorc</createdBy>
<createdTime>2016-05-19 21:53:52 UTC</createdTime>
<comment>Este atributo recebe o código da controladora  de cartões da entidade ADMINISTRADORA_CARTAO,é mandatorio da tabela , tipo de dado é NUMERIC 5.</comment>
<commentInRDBMS>Este atributo recebe o código da controladora  de cartões da entidade ADMINISTRADORA_CARTAO,é mandatorio da tabela , tipo de dado é NUMERIC 5.</commentInRDBMS>
<generatorID>2C4AF262-6598-E214-0680-EC4BDF48FA9B</generatorID>
<ownerDesignName>modelo_v03</ownerDesignName>
<useDomainConstraints>false</useDomainConstraints>
<use>1</use>
<logicalDatatype>LOGDT019</logicalDatatype>
<dataTypePrecision>5</dataTypePrecision>
<ownDataTypeParameters>,5,</ownDataTypeParameters>
<autoIncrementCycle>false</autoIncrementCycle>
</Column>
<Column name="nm_rede_cont" id="FD73A61B-D0C9-0624-898C-90C92182DB50">
<createdBy>Bloorc</createdBy>
<createdTime>2016-05-19 21:53:52 UTC</createdTime>
<comment>Este atributo recebe o nome da controladora de cartões da entidade ADMINISTRADORA_CARTAO,é mandátorio da tabela , tipo de dado é VARCHAR2, tamanho 50.</comment>
<commentInRDBMS>Este atributo recebe o nome da controladora de cartões da entidade ADMINISTRADORA_CARTAO,é mandátorio da tabela , tipo de dado é VARCHAR2, tamanho 50.</commentInRDBMS>
<generatorID>D3CC0EDF-B77F-9D0B-B050-5296B50BADC0</generatorID>
<ownerDesignName>modelo_v03</ownerDesignName>
<useDomainConstraints>false</useDomainConstraints>
<use>1</use>
<logicalDatatype>LOGDT024</logicalDatatype>
<dataTypeSize>50</dataTypeSize>
<ownDataTypeParameters>50,,</ownDataTypeParameters>
<autoIncrementCycle>false</autoIncrementCycle>
</Column>
<Column name="nu_parc" id="D7872DD8-FD79-5EED-7CC9-31E6178D72D3">
<createdBy>Bloorc</createdBy>
<createdTime>2016-05-19 21:53:52 UTC</createdTime>
<comment>Este atributo recebe o quantidade de parcelas da entidade ADMINISTRADORA_CARTAO,é mandatorio da tabela , tipo de dado é NUMERIC tamanho 5.</comment>
<commentInRDBMS>Este atributo recebe o quantidade de parcelas da entidade ADMINISTRADORA_CARTAO,é mandatorio da tabela , tipo de dado é NUMERIC tamanho 5.</commentInRDBMS>
<generatorID>D5B82A9A-0110-F750-A2E4-E30844107836</generatorID>
<ownerDesignName>modelo_v03</ownerDesignName>
<useDomainConstraints>false</useDomainConstraints>
<use>1</use>
<logicalDatatype>LOGDT019</logicalDatatype>
<dataTypePrecision>1</dataTypePrecision>
<ownDataTypeParameters>,1,</ownDataTypeParameters>
<autoIncrementCycle>false</autoIncrementCycle>
</Column>
<Column name="bl_acei_parc" id="0D288591-D5A1-C99A-64D5-046294C403B7">
<createdBy>Bloorc</createdBy>
<createdTime>2016-05-19 21:53:52 UTC</createdTime>
<comment>Este atributo recebe valor binario do entidade ADMINISTRADORA_CARTAO, é mandatório da tabela, tipo de dado é BOOLEAN, tamanho 1.&lt;br/&gt;Valor = 0 para Reprovado | Valor = 1 para Aprovado</comment>
<commentInRDBMS>Este atributo recebe valor binario do entidade ADMINISTRADORA_CARTAO, é mandatório da tabela, tipo de dado é BOOLEAN, tamanho 1.&lt;br/&gt;Valor = 0 para Reprovado | Valor = 1 para Aprovado</commentInRDBMS>
<generatorID>1E95409A-005F-97A9-336D-0310D1C003B2</generatorID>
<ownerDesignName>modelo_v03</ownerDesignName>
<useDomainConstraints>false</useDomainConstraints>
<use>1</use>
<logicalDatatype>LOGDT006</logicalDatatype>
<dataTypeSize>1</dataTypeSize>
<ownDataTypeParameters>1,,</ownDataTypeParameters>
<autoIncrementCycle>false</autoIncrementCycle>
</Column>
<Column name="qt_parc" id="3E713A65-656C-B9ED-4293-DF29CC251DD2">
<createdBy>Bloorc</createdBy>
<createdTime>2016-05-19 21:53:52 UTC</createdTime>
<comment>Este atributo recebe o quantidade de parcelas da entidade ADMINISTRADORA_CARTAO,é mandatorio da tabela , tipo de dado é NUMERIC tamanho 1.</comment>
<commentInRDBMS>Este atributo recebe o quantidade de parcelas da entidade ADMINISTRADORA_CARTAO,é mandatorio da tabela , tipo de dado é NUMERIC tamanho 1.</commentInRDBMS>
<generatorID>F6B10A0C-9594-611E-F4C7-0578229414E0</generatorID>
<ownerDesignName>modelo_v03</ownerDesignName>
<useDomainConstraints>false</useDomainConstraints>
<use>1</use>
<logicalDatatype>LOGDT019</logicalDatatype>
<dataTypePrecision>1</dataTypePrecision>
<ownDataTypeParameters>,1,</ownDataTypeParameters>
<autoIncrementCycle>false</autoIncrementCycle>
</Column>
<Column name="dt_venc_parc" id="546ADED9-1AB1-4A2B-791D-59B4FAB668CD">
<createdBy>Bloorc</createdBy>
<createdTime>2016-05-19 21:53:52 UTC</createdTime>
<comment>Este atributo recebe a data do vencimento da entidade ADMINISTRADORA_CARTAO,é  mandatorio da tabela , tipo de dado é DATE.</comment>
<commentInRDBMS>Este atributo recebe a data do vencimento da entidade ADMINISTRADORA_CARTAO,é  mandatorio da tabela , tipo de dado é DATE.</commentInRDBMS>
<generatorID>899BBB8E-9B96-52DC-7A3C-F6A7EB0BE87F</generatorID>
<ownerDesignName>modelo_v03</ownerDesignName>
<useDomainConstraints>false</useDomainConstraints>
<use>1</use>
<logicalDatatype>LOGDT007</logicalDatatype>
<ownDataTypeParameters>,,</ownDataTypeParameters>
<autoIncrementCycle>false</autoIncrementCycle>
</Column>
</columns>
<indexes itemClass="oracle.dbtools.crest.model.design.relational.Index">
<ind_PK_UK id="37982AD2-BA7F-31D9-D198-A43F5207BB81" name="ADMINSTRADORAS_CARTAO_PK">
<createdBy>Bloorc</createdBy>
<createdTime>2016-05-19 21:53:52 UTC</createdTime>
<generatorID>0FD5400C-B1BE-2232-9E72-68AE1B2C891F</generatorID>
<ownerDesignName>modelo_v03</ownerDesignName>
<pk>true</pk>
<indexState>Primary Constraint</indexState>
<isSurrogateKey>false</isSurrogateKey>
<indexColumnUsage>
<colUsage columnID="ECDA5AA5-4613-9A7F-8CC0-AD93FA989ED8"/>
</indexColumnUsage>
</ind_PK_UK>
</indexes>
</Table>