<?xml version = '1.0' encoding = 'UTF-8'?>
<Table class="oracle.dbtools.crest.model.design.relational.Table" directorySegmentName="seg_0" id="99198821-DA5B-E1FD-0C65-60A550788195" name="SAIDA_ESTOQUE">
<createdBy>Bloorc</createdBy>
<createdTime>2016-05-19 21:53:52 UTC</createdTime>
<generatorID>FEC21434-330F-BF3E-6DD0-002DE3256F9A</generatorID>
<ownerDesignName>modelo_v03</ownerDesignName>
<allowColumnReorder>false</allowColumnReorder>
<existDependencyGenerateInDDl>true</existDependencyGenerateInDDl>
<parsed>true</parsed>
<columns itemClass="oracle.dbtools.crest.model.design.relational.Column">
<Column name="cd_said_esto" id="0D4DF34D-3B6E-81E2-3C6B-5233278ECA43">
<createdBy>Bloorc</createdBy>
<createdTime>2016-05-19 21:53:52 UTC</createdTime>
<comment>Este atributo recebe o código da entidade SAIDA_ESTOQUE,é UID e mandatorio da tabela , tipo de dado é NUMERIC 8.</comment>
<commentInRDBMS>Este atributo recebe o código da entidade SAIDA_ESTOQUE,é UID e mandatorio da tabela , tipo de dado é NUMERIC 8.</commentInRDBMS>
<generatorID>D3364BE5-4B5E-122C-7884-7621C6ACC73C</generatorID>
<ownerDesignName>modelo_v03</ownerDesignName>
<useDomainConstraints>false</useDomainConstraints>
<use>1</use>
<logicalDatatype>LOGDT019</logicalDatatype>
<dataTypePrecision>8</dataTypePrecision>
<ownDataTypeParameters>,8,</ownDataTypeParameters>
<autoIncrementCycle>false</autoIncrementCycle>
</Column>
<Column name="qt_said_esto" id="3CC6B046-9BCA-8332-721A-5C7B6FBA0AEC">
<createdBy>Bloorc</createdBy>
<createdTime>2016-05-19 21:53:52 UTC</createdTime>
<comment>Este atributo recebe o quantidade de itens que sairam do estoque da entidade SAIDA_ESTOQUE,é mandatorio da tabela , tipo de dado é NUMERIC tamanho 5.</comment>
<commentInRDBMS>Este atributo recebe o quantidade de itens que sairam do estoque da entidade SAIDA_ESTOQUE,é mandatorio da tabela , tipo de dado é NUMERIC tamanho 5.</commentInRDBMS>
<generatorID>D81CD66E-F211-509F-769B-088B5E1665B2</generatorID>
<ownerDesignName>modelo_v03</ownerDesignName>
<useDomainConstraints>false</useDomainConstraints>
<use>1</use>
<logicalDatatype>LOGDT019</logicalDatatype>
<dataTypePrecision>5</dataTypePrecision>
<ownDataTypeParameters>,5,</ownDataTypeParameters>
<autoIncrementCycle>false</autoIncrementCycle>
</Column>
<Column name="dt_said_esto" id="10F3328C-56EE-E0A1-2525-70E7F9977D0B">
<createdBy>Bloorc</createdBy>
<createdTime>2016-05-19 21:53:52 UTC</createdTime>
<comment>Este atributo recebe a data da saida do estoque da entidade SAIDA_ESTOQUE,é  mandatorio da tabela , tipo de dado é DATE.</comment>
<commentInRDBMS>Este atributo recebe a data da saida do estoque da entidade SAIDA_ESTOQUE,é  mandatorio da tabela , tipo de dado é DATE.</commentInRDBMS>
<generatorID>F6867903-B59D-F982-AF64-73F33646D8B9</generatorID>
<ownerDesignName>modelo_v03</ownerDesignName>
<useDomainConstraints>false</useDomainConstraints>
<use>1</use>
<logicalDatatype>LOGDT007</logicalDatatype>
<ownDataTypeParameters>,,</ownDataTypeParameters>
<autoIncrementCycle>false</autoIncrementCycle>
</Column>
<Column name="ds_said_esto" id="97F8D376-5025-5C38-D46B-1FE7A4018976">
<createdBy>Bloorc</createdBy>
<createdTime>2016-05-19 21:53:52 UTC</createdTime>
<comment>Este atributo recebe a descrição do item/lote  que saiu do estoque entidade SAIDA_ESTOQUE, é um atributo opcional da tabela , tipo de dado é VARCHAR2, tamanho 100.</comment>
<commentInRDBMS>Este atributo recebe a descrição do item/lote  que saiu do estoque entidade SAIDA_ESTOQUE, é um atributo opcional da tabela , tipo de dado é VARCHAR2, tamanho 100.</commentInRDBMS>
<generatorID>F24062A4-988C-6AA6-BF0D-E282CE357EFA</generatorID>
<ownerDesignName>modelo_v03</ownerDesignName>
<nullsAllowed>true</nullsAllowed>
<useDomainConstraints>false</useDomainConstraints>
<use>1</use>
<logicalDatatype>LOGDT024</logicalDatatype>
<dataTypeSize>100</dataTypeSize>
<ownDataTypeParameters>100,,</ownDataTypeParameters>
<autoIncrementCycle>false</autoIncrementCycle>
</Column>
<Column name="cd_esto" id="7F3B6506-BBAE-296C-370A-E5B3DE6D0145">
<createdBy>Bloorc</createdBy>
<createdTime>2016-05-19 21:53:52 UTC</createdTime>
<generatorID>24175570-F1CF-8F4C-37C9-4115C87C43C7</generatorID>
<ownerDesignName>modelo_v03</ownerDesignName>
<useDomainConstraints>false</useDomainConstraints>
<use>1</use>
<logicalDatatype>LOGDT019</logicalDatatype>
<dataTypePrecision>8</dataTypePrecision>
<ownDataTypeParameters>,,</ownDataTypeParameters>
<previousColumn>false</previousColumn>
<autoIncrementCycle>false</autoIncrementCycle>
<associations>
<colAssociation fkAssociation="A29AFAAC-3B4B-FAE7-50EF-9D577A17E012" referredColumn="0DF8C7AB-4388-177B-EAD7-61468B8E57A9"/>
</associations>
</Column>
<Column name="cd_vend_item" id="370720F2-98B4-0F43-929F-E5F77D471D83">
<createdBy>Bloorc</createdBy>
<createdTime>2016-05-19 21:53:52 UTC</createdTime>
<generatorID>982D394A-63E9-6C0C-DDFA-D295F3A7B6B1</generatorID>
<ownerDesignName>modelo_v03</ownerDesignName>
<useDomainConstraints>false</useDomainConstraints>
<use>1</use>
<logicalDatatype>LOGDT019</logicalDatatype>
<dataTypePrecision>8</dataTypePrecision>
<ownDataTypeParameters>,,</ownDataTypeParameters>
<previousColumn>false</previousColumn>
<autoIncrementCycle>false</autoIncrementCycle>
<associations>
<colAssociation fkAssociation="F68C5A00-3183-BD64-876B-385134443970" referredColumn="72FFCEB3-9924-3E5D-1A7A-F718052689F2"/>
</associations>
</Column>
<Column name="cd_vend" id="438AD0FF-05DA-B2E1-B495-7BD743D902D7">
<createdBy>Bloorc</createdBy>
<createdTime>2016-05-19 21:53:52 UTC</createdTime>
<generatorID>4649571B-B5C0-3E67-DED5-F4078019D823</generatorID>
<ownerDesignName>modelo_v03</ownerDesignName>
<useDomainConstraints>false</useDomainConstraints>
<use>1</use>
<logicalDatatype>LOGDT019</logicalDatatype>
<dataTypePrecision>8</dataTypePrecision>
<ownDataTypeParameters>,,</ownDataTypeParameters>
<previousColumn>false</previousColumn>
<autoIncrementCycle>false</autoIncrementCycle>
<associations>
<colAssociation fkAssociation="F68C5A00-3183-BD64-876B-385134443970" referredColumn="93D9DF92-D206-D54E-E603-D587B846A414"/>
</associations>
</Column>
</columns>
<indexes itemClass="oracle.dbtools.crest.model.design.relational.Index">
<ind_PK_UK id="0440DEE9-7120-F335-566A-D6F0C187C2AF" name="{entity}_PKv13">
<createdBy>Bloorc</createdBy>
<createdTime>2016-05-19 21:53:52 UTC</createdTime>
<generatorID>B502E900-DE29-C5BC-6A25-91A33D9C6953</generatorID>
<ownerDesignName>modelo_v03</ownerDesignName>
<pk>true</pk>
<indexState>Primary Constraint</indexState>
<isSurrogateKey>false</isSurrogateKey>
<indexColumnUsage>
<colUsage columnID="0D4DF34D-3B6E-81E2-3C6B-5233278ECA43"/>
</indexColumnUsage>
</ind_PK_UK>
<ind_PK_UK id="050B7CEF-7958-1125-BEFF-EBFD37A01E99" name="SAIDA_ESTOQUE__IDX">
<createdBy>Bloorc</createdBy>
<createdTime>2016-05-19 21:53:52 UTC</createdTime>
<ownerDesignName>modelo_v03</ownerDesignName>
<indexState>Unique Plain Index</indexState>
<isSurrogateKey>false</isSurrogateKey>
<relationGeneratorID>D127DA3C-6CF3-3692-41D6-D52CD2B50FAA</relationGeneratorID>
<indexColumnUsage>
<colUsage columnID="370720F2-98B4-0F43-929F-E5F77D471D83"/>
<colUsage columnID="438AD0FF-05DA-B2E1-B495-7BD743D902D7"/>
</indexColumnUsage>
</ind_PK_UK>
<ind_PK_UK id="2357446C-BB62-4BA9-D02A-CEB0360947A5" name="fk_estoque_sai_estoque">
<createdBy>Bloorc</createdBy>
<createdTime>2016-05-19 21:53:52 UTC</createdTime>
<generatorID>B5DA5AC6-F9C0-508A-545D-3D56C99D4717</generatorID>
<ownerDesignName>modelo_v03</ownerDesignName>
<indexState>Foreign Key</indexState>
<isSurrogateKey>false</isSurrogateKey>
<indexColumnUsage>
<colUsage columnID="7F3B6506-BBAE-296C-370A-E5B3DE6D0145"/>
</indexColumnUsage>
</ind_PK_UK>
<ind_PK_UK id="191413AA-6376-4BF9-D2E5-4E71EF227139" name="fk_vend_item_sai_estoque">
<createdBy>Bloorc</createdBy>
<createdTime>2016-05-19 21:53:52 UTC</createdTime>
<generatorID>D127DA3C-6CF3-3692-41D6-D52CD2B50FAA</generatorID>
<ownerDesignName>modelo_v03</ownerDesignName>
<indexState>Foreign Key</indexState>
<isSurrogateKey>false</isSurrogateKey>
<indexColumnUsage>
<colUsage columnID="370720F2-98B4-0F43-929F-E5F77D471D83"/>
<colUsage columnID="438AD0FF-05DA-B2E1-B495-7BD743D902D7"/>
</indexColumnUsage>
</ind_PK_UK>
</indexes>
</Table>