<?xml version = '1.0' encoding = 'UTF-8'?>
<Table class="oracle.dbtools.crest.model.design.relational.Table" directorySegmentName="seg_0" id="A02767AE-1F88-4675-73EC-CAC97A9EB3E0" name="IMPOSTO_ITEM">
<createdBy>Bloorc</createdBy>
<createdTime>2016-05-19 21:53:52 UTC</createdTime>
<generatorID>E4746584-DAE5-36C3-9D21-55B2028D1D01</generatorID>
<ownerDesignName>modelo_v03</ownerDesignName>
<allowColumnReorder>false</allowColumnReorder>
<existDependencyGenerateInDDl>true</existDependencyGenerateInDDl>
<parsed>true</parsed>
<columns itemClass="oracle.dbtools.crest.model.design.relational.Column">
<Column name="cd_impo_item" id="291DDA72-7FF9-663D-FA92-26F5D1CF9F08">
<createdBy>Bloorc</createdBy>
<createdTime>2016-05-19 21:53:52 UTC</createdTime>
<comment>Este atributo recebe o código da entidade IMPOSTO_ITEM,é UID e mandatorio da tabela , tipo de dado é NUMERIC 8.</comment>
<commentInRDBMS>Este atributo recebe o código da entidade IMPOSTO_ITEM,é UID e mandatorio da tabela , tipo de dado é NUMERIC 8.</commentInRDBMS>
<generatorID>FC0A0E32-1031-5607-143D-943C98439BC6</generatorID>
<ownerDesignName>modelo_v03</ownerDesignName>
<useDomainConstraints>false</useDomainConstraints>
<use>1</use>
<logicalDatatype>LOGDT019</logicalDatatype>
<dataTypePrecision>8</dataTypePrecision>
<ownDataTypeParameters>,8,</ownDataTypeParameters>
<autoIncrementCycle>false</autoIncrementCycle>
</Column>
<Column name="vl_impo_item" id="74CE3748-B6E8-866D-A820-D6BEDDBE4E81">
<createdBy>Bloorc</createdBy>
<createdTime>2016-05-19 21:53:52 UTC</createdTime>
<comment>Este atributo recebe o valor do imposto aplicado da entidade IMPOSTO_ITEM,é mandatorio da tabela , tipo de dado é NUMERIC tamanho 7, escala 2.</comment>
<commentInRDBMS>Este atributo recebe o valor do imposto aplicado da entidade IMPOSTO_ITEM,é mandatorio da tabela , tipo de dado é NUMERIC tamanho 7, escala 2.</commentInRDBMS>
<generatorID>81EF1F24-0CEF-C2A6-4491-5F2F5446318B</generatorID>
<ownerDesignName>modelo_v03</ownerDesignName>
<useDomainConstraints>false</useDomainConstraints>
<use>1</use>
<logicalDatatype>LOGDT019</logicalDatatype>
<dataTypePrecision>7</dataTypePrecision>
<dataTypeScale>2</dataTypeScale>
<ownDataTypeParameters>,7,2</ownDataTypeParameters>
<autoIncrementCycle>false</autoIncrementCycle>
</Column>
<Column name="ds_impo_item" id="8A340B27-27DA-54FF-9D4A-6A1D24B26C6A">
<createdBy>Bloorc</createdBy>
<createdTime>2016-05-19 21:53:52 UTC</createdTime>
<comment>Este atributo recebe uma descrição da entidade IMPOSTO_ITEM, é um atributo opcional da tabela , tipo de dado é VARCHAR2, tamanho 100.</comment>
<commentInRDBMS>Este atributo recebe uma descrição da entidade IMPOSTO_ITEM, é um atributo opcional da tabela , tipo de dado é VARCHAR2, tamanho 100.</commentInRDBMS>
<generatorID>C61CB7BC-3DAE-5FF3-5FF9-41C8151526C5</generatorID>
<ownerDesignName>modelo_v03</ownerDesignName>
<nullsAllowed>true</nullsAllowed>
<useDomainConstraints>false</useDomainConstraints>
<use>1</use>
<logicalDatatype>LOGDT024</logicalDatatype>
<dataTypeSize>100</dataTypeSize>
<ownDataTypeParameters>100,,</ownDataTypeParameters>
<autoIncrementCycle>false</autoIncrementCycle>
</Column>
<Column name="cd_prod" id="07647D2A-07A1-B0B8-1799-342FD424B360">
<createdBy>Bloorc</createdBy>
<createdTime>2016-05-19 21:53:52 UTC</createdTime>
<generatorID>2CD9C3C3-1EBE-A254-4C50-5C746B1F5AD8</generatorID>
<ownerDesignName>modelo_v03</ownerDesignName>
<nullsAllowed>true</nullsAllowed>
<useDomainConstraints>false</useDomainConstraints>
<use>1</use>
<logicalDatatype>LOGDT019</logicalDatatype>
<dataTypePrecision>6</dataTypePrecision>
<ownDataTypeParameters>,,</ownDataTypeParameters>
<previousColumn>false</previousColumn>
<autoIncrementCycle>false</autoIncrementCycle>
<associations>
<colAssociation fkAssociation="23286AA3-CE67-2894-3C93-C2F745C5FBCC" referredColumn="7C27485D-1D71-2152-1354-96CAFAB07132"/>
</associations>
</Column>
</columns>
<indexes itemClass="oracle.dbtools.crest.model.design.relational.Index">
<ind_PK_UK id="1D618179-2937-ECBD-0FF9-F0D7E729B35A" name="{entity}_PKv8">
<createdBy>Bloorc</createdBy>
<createdTime>2016-05-19 21:53:52 UTC</createdTime>
<generatorID>46D6E7C9-29BA-9054-EC62-BACD5B6D92D4</generatorID>
<ownerDesignName>modelo_v03</ownerDesignName>
<pk>true</pk>
<indexState>Primary Constraint</indexState>
<isSurrogateKey>false</isSurrogateKey>
<indexColumnUsage>
<colUsage columnID="291DDA72-7FF9-663D-FA92-26F5D1CF9F08"/>
</indexColumnUsage>
</ind_PK_UK>
<ind_PK_UK id="BDEEE1DA-9A6A-13B4-8169-EDAE9E969279" name="fk_produto_imposto">
<createdBy>Bloorc</createdBy>
<createdTime>2016-05-19 21:53:52 UTC</createdTime>
<generatorID>A0C710ED-6766-AB16-144D-937B3A4E6314</generatorID>
<ownerDesignName>modelo_v03</ownerDesignName>
<indexState>Foreign Key</indexState>
<isSurrogateKey>false</isSurrogateKey>
<indexColumnUsage>
<colUsage columnID="07647D2A-07A1-B0B8-1799-342FD424B360"/>
</indexColumnUsage>
</ind_PK_UK>
</indexes>
</Table>