<?xml version = '1.0' encoding = 'UTF-8'?>
<Table class="oracle.dbtools.crest.model.design.relational.Table" directorySegmentName="seg_0" id="D068CB04-9992-712D-AF21-E87C31017D58" name="PESQUISA">
<createdBy>Bloorc</createdBy>
<createdTime>2016-05-19 21:53:52 UTC</createdTime>
<generatorID>5C1EE33A-B1B4-5CBD-7650-888EDC7F2165</generatorID>
<ownerDesignName>modelo_v03</ownerDesignName>
<allowColumnReorder>false</allowColumnReorder>
<existDependencyGenerateInDDl>true</existDependencyGenerateInDDl>
<parsed>true</parsed>
<columns itemClass="oracle.dbtools.crest.model.design.relational.Column">
<Column name="cd_pesq" id="A48C926A-BAF0-91B3-F11C-6F0005627ED6">
<createdBy>Bloorc</createdBy>
<createdTime>2016-05-19 21:53:52 UTC</createdTime>
<comment>Este atributo recebe o código da entidade PESQUISA,é UID e mandatorio da tabela , tipo de dado é NUMERIC 8.</comment>
<commentInRDBMS>Este atributo recebe o código da entidade PESQUISA,é UID e mandatorio da tabela , tipo de dado é NUMERIC 8.</commentInRDBMS>
<generatorID>5F4F6CC6-383C-EE90-59C7-158EC2ACABB9</generatorID>
<ownerDesignName>modelo_v03</ownerDesignName>
<useDomainConstraints>false</useDomainConstraints>
<use>1</use>
<logicalDatatype>LOGDT019</logicalDatatype>
<dataTypePrecision>8</dataTypePrecision>
<ownDataTypeParameters>,8,</ownDataTypeParameters>
<autoIncrementCycle>false</autoIncrementCycle>
</Column>
<Column name="vl_pesq_aten" id="297AB169-FF57-D505-35BF-919A4951AF87">
<createdBy>Bloorc</createdBy>
<createdTime>2016-05-19 21:53:52 UTC</createdTime>
<comment>Este atributo recebe a nota de satisfação do cliente no atendimento da entidade PESQUISA,é opcional da tabela , tipo de dado é NUMERIC tamanho 8.</comment>
<commentInRDBMS>Este atributo recebe a nota de satisfação do cliente no atendimento da entidade PESQUISA,é opcional da tabela , tipo de dado é NUMERIC tamanho 8.</commentInRDBMS>
<generatorID>76995C44-E5B2-B8E4-B0A8-06C298338C5A</generatorID>
<ownerDesignName>modelo_v03</ownerDesignName>
<nullsAllowed>true</nullsAllowed>
<useDomainConstraints>false</useDomainConstraints>
<use>1</use>
<logicalDatatype>LOGDT019</logicalDatatype>
<dataTypePrecision>8</dataTypePrecision>
<ownDataTypeParameters>,8,</ownDataTypeParameters>
<autoIncrementCycle>false</autoIncrementCycle>
</Column>
<Column name="vl_pesq_infr" id="CEA06908-481A-E20F-E477-E2A86A489D16">
<createdBy>Bloorc</createdBy>
<createdTime>2016-05-19 21:53:52 UTC</createdTime>
<comment>Este atributo recebe a nota de satisfação do cliente sobre a infrestutura da entidade PESQUISA,é opcional da tabela , tipo de dado é NUMERIC tamanho 8.</comment>
<commentInRDBMS>Este atributo recebe a nota de satisfação do cliente sobre a infrestutura da entidade PESQUISA,é opcional da tabela , tipo de dado é NUMERIC tamanho 8.</commentInRDBMS>
<generatorID>66054020-364A-72A7-308E-CEDBC9C08C3C</generatorID>
<ownerDesignName>modelo_v03</ownerDesignName>
<nullsAllowed>true</nullsAllowed>
<useDomainConstraints>false</useDomainConstraints>
<use>1</use>
<logicalDatatype>LOGDT019</logicalDatatype>
<dataTypePrecision>8</dataTypePrecision>
<ownDataTypeParameters>,8,</ownDataTypeParameters>
<autoIncrementCycle>false</autoIncrementCycle>
</Column>
<Column name="cd_vend" id="1706D0CA-329E-E428-F4E8-B838866D85FA">
<createdBy>Bloorc</createdBy>
<createdTime>2016-05-19 21:53:52 UTC</createdTime>
<comment>Este atributo recebe o código da entidade VENDA,é UID e mandatorio da tabela , tipo de dado é NUMERIC 8.</comment>
<generatorID>526ECD59-50DB-12F7-8045-877C3EEE1B1C</generatorID>
<ownerDesignName>modelo_v03</ownerDesignName>
<useDomainConstraints>false</useDomainConstraints>
<use>1</use>
<logicalDatatype>LOGDT019</logicalDatatype>
<dataTypePrecision>8</dataTypePrecision>
<ownDataTypeParameters>,,</ownDataTypeParameters>
<previousColumn>false</previousColumn>
<autoIncrementCycle>false</autoIncrementCycle>
<associations>
<colAssociation fkAssociation="745B4ED8-1C23-029C-1A49-D34BC1075267" referredColumn="BFA67EB0-47D5-981E-1921-338FC9D7D6AF"/>
</associations>
</Column>
<Column name="cd_func" id="E783B017-B984-68F3-6B64-337147790E73">
<createdBy>Bloorc</createdBy>
<createdTime>2016-05-19 21:53:52 UTC</createdTime>
<comment>Este atributo recebe o código da entidade FUNCIONARIO,é UID e mandatorio da tabela , tipo de dado é NUMERIC 5.</comment>
<generatorID>DD7710DB-A9DF-CD5A-922F-100E4970CD9B</generatorID>
<ownerDesignName>modelo_v03</ownerDesignName>
<useDomainConstraints>false</useDomainConstraints>
<use>1</use>
<logicalDatatype>LOGDT019</logicalDatatype>
<dataTypePrecision>5</dataTypePrecision>
<ownDataTypeParameters>,,</ownDataTypeParameters>
<previousColumn>false</previousColumn>
<autoIncrementCycle>false</autoIncrementCycle>
<associations>
<colAssociation fkAssociation="3C5A73E7-1418-59E3-5ECF-C38E82A6E327" referredColumn="049804CF-06AB-A7FC-6AEE-A49DF6FE7BD5"/>
</associations>
</Column>
</columns>
<indexes itemClass="oracle.dbtools.crest.model.design.relational.Index">
<ind_PK_UK id="D30BB007-2D87-8CB5-9F5B-896941BFFF58" name="{entity}_PKv12">
<createdBy>Bloorc</createdBy>
<createdTime>2016-05-19 21:53:52 UTC</createdTime>
<generatorID>5675F0B1-7822-898F-0714-2DF5783711B5</generatorID>
<ownerDesignName>modelo_v03</ownerDesignName>
<pk>true</pk>
<indexState>Primary Constraint</indexState>
<isSurrogateKey>false</isSurrogateKey>
<indexColumnUsage>
<colUsage columnID="A48C926A-BAF0-91B3-F11C-6F0005627ED6"/>
</indexColumnUsage>
</ind_PK_UK>
<ind_PK_UK id="F041D52C-F801-5882-E6B4-9AEEFBE4C962" name="PESQUISA__IDX">
<createdBy>Bloorc</createdBy>
<createdTime>2016-05-19 21:53:52 UTC</createdTime>
<ownerDesignName>modelo_v03</ownerDesignName>
<indexState>Unique Plain Index</indexState>
<isSurrogateKey>false</isSurrogateKey>
<relationGeneratorID>6DB97B07-38FC-1D42-78DD-4235A13F87B1</relationGeneratorID>
<indexColumnUsage>
<colUsage columnID="E783B017-B984-68F3-6B64-337147790E73"/>
</indexColumnUsage>
</ind_PK_UK>
<ind_PK_UK id="BB2D9588-F010-2CB7-2EE1-2DE8BCC84147" name="PESQUISA__IDXv1">
<createdBy>Bloorc</createdBy>
<createdTime>2016-05-19 21:53:52 UTC</createdTime>
<ownerDesignName>modelo_v03</ownerDesignName>
<indexState>Unique Plain Index</indexState>
<isSurrogateKey>false</isSurrogateKey>
<relationGeneratorID>044B54DE-65BD-D47B-594C-2F2B448856D9</relationGeneratorID>
<indexColumnUsage>
<colUsage columnID="1706D0CA-329E-E428-F4E8-B838866D85FA"/>
</indexColumnUsage>
</ind_PK_UK>
<ind_PK_UK id="BC330057-0F03-2675-377E-2A80DA91A564" name="R_PESQ_FUNC">
<createdBy>Bloorc</createdBy>
<createdTime>2016-05-19 21:53:52 UTC</createdTime>
<generatorID>6DB97B07-38FC-1D42-78DD-4235A13F87B1</generatorID>
<ownerDesignName>modelo_v03</ownerDesignName>
<indexState>Foreign Key</indexState>
<isSurrogateKey>false</isSurrogateKey>
<indexColumnUsage>
<colUsage columnID="E783B017-B984-68F3-6B64-337147790E73"/>
</indexColumnUsage>
</ind_PK_UK>
<ind_PK_UK id="8C10F515-1F70-7CCF-D089-9608D1C5373E" name="R_VENDA_PESQ">
<createdBy>Bloorc</createdBy>
<createdTime>2016-05-19 21:53:52 UTC</createdTime>
<generatorID>044B54DE-65BD-D47B-594C-2F2B448856D9</generatorID>
<ownerDesignName>modelo_v03</ownerDesignName>
<indexState>Foreign Key</indexState>
<isSurrogateKey>false</isSurrogateKey>
<indexColumnUsage>
<colUsage columnID="1706D0CA-329E-E428-F4E8-B838866D85FA"/>
</indexColumnUsage>
</ind_PK_UK>
</indexes>
</Table>