<?xml version = '1.0' encoding = 'UTF-8'?>
<Table class="oracle.dbtools.crest.model.design.relational.Table" directorySegmentName="seg_0" id="D1BC99F2-D29F-B365-602A-9625ECC090BB" name="FORNECEDOR">
<createdBy>Bloorc</createdBy>
<createdTime>2016-05-19 21:53:52 UTC</createdTime>
<generatorID>FAAB106F-5C5D-A9DE-B87F-0DA85E7A008F</generatorID>
<ownerDesignName>modelo_v03</ownerDesignName>
<allowColumnReorder>false</allowColumnReorder>
<existDependencyGenerateInDDl>true</existDependencyGenerateInDDl>
<parsed>true</parsed>
<columns itemClass="oracle.dbtools.crest.model.design.relational.Column">
<Column name="cd_forn" id="6E97E742-C537-9C7A-AA63-B997418A4E47">
<createdBy>Bloorc</createdBy>
<createdTime>2016-05-19 21:53:52 UTC</createdTime>
<comment>Este atributo recebe o código da entidade FORNECEDOR,é UID e mandatorio da tabela , tipo de dado é NUMERIC 4.</comment>
<commentInRDBMS>Este atributo recebe o código da entidade FORNECEDOR,é UID e mandatorio da tabela , tipo de dado é NUMERIC 4.</commentInRDBMS>
<generatorID>F0002FBD-6BC8-355F-240F-8B7649F1E2BA</generatorID>
<ownerDesignName>modelo_v03</ownerDesignName>
<useDomainConstraints>false</useDomainConstraints>
<use>1</use>
<logicalDatatype>LOGDT019</logicalDatatype>
<dataTypePrecision>4</dataTypePrecision>
<ownDataTypeParameters>,4,</ownDataTypeParameters>
<autoIncrementCycle>false</autoIncrementCycle>
</Column>
<Column name="nm_forne" id="5CD44D54-172F-FA69-97EF-2DECC5A9E7A3">
<createdBy>Bloorc</createdBy>
<createdTime>2016-05-19 21:53:52 UTC</createdTime>
<comment>Este atributo recebe o nome do fornecedor da entidade FORNECEDOR,é mandátorio da tabela , tipo de dado é VARCHAR2, tamanho 30.</comment>
<commentInRDBMS>Este atributo recebe o nome do fornecedor da entidade FORNECEDOR,é mandátorio da tabela , tipo de dado é VARCHAR2, tamanho 30.</commentInRDBMS>
<generatorID>E9405590-720B-0C6D-3185-9B196CBD5829</generatorID>
<ownerDesignName>modelo_v03</ownerDesignName>
<useDomainConstraints>false</useDomainConstraints>
<use>1</use>
<logicalDatatype>LOGDT024</logicalDatatype>
<dataTypeSize>30</dataTypeSize>
<ownDataTypeParameters>30,,</ownDataTypeParameters>
<autoIncrementCycle>false</autoIncrementCycle>
</Column>
<Column name="nu_cnpj_forn" id="23E1292D-0A26-1897-811B-87E0705EB829">
<createdBy>Bloorc</createdBy>
<createdTime>2016-05-19 21:53:52 UTC</createdTime>
<comment>Este atributo recebe o numero do fornecedor da entidade FORNECEDOR,é mandátorio da tabela , tipo de dado é VARCHAR2, tamanho 18.</comment>
<commentInRDBMS>Este atributo recebe o numero do fornecedor da entidade FORNECEDOR,é mandátorio da tabela , tipo de dado é VARCHAR2, tamanho 18.</commentInRDBMS>
<generatorID>7D814D32-EADB-3DC8-E6D4-3F65DA1A7FB7</generatorID>
<ownerDesignName>modelo_v03</ownerDesignName>
<useDomainConstraints>false</useDomainConstraints>
<use>1</use>
<logicalDatatype>LOGDT024</logicalDatatype>
<dataTypeSize>18</dataTypeSize>
<ownDataTypeParameters>18,,</ownDataTypeParameters>
<autoIncrementCycle>false</autoIncrementCycle>
</Column>
<Column name="ds_forn" id="57C199ED-3EC1-C4CC-66A8-CCE101F5B5BE">
<createdBy>Bloorc</createdBy>
<createdTime>2016-05-19 21:53:52 UTC</createdTime>
<comment>Este atributo recebe a descrição do fornecedorda entidade FORNECEDOR, é um atributo opcional da tabela , tipo de dado é VARCHAR2, tamanho 100.</comment>
<commentInRDBMS>Este atributo recebe a descrição do fornecedorda entidade FORNECEDOR, é um atributo opcional da tabela , tipo de dado é VARCHAR2, tamanho 100.</commentInRDBMS>
<generatorID>DE14FC45-8595-F54E-F73E-37FBDE7F125B</generatorID>
<ownerDesignName>modelo_v03</ownerDesignName>
<nullsAllowed>true</nullsAllowed>
<useDomainConstraints>false</useDomainConstraints>
<use>1</use>
<logicalDatatype>LOGDT024</logicalDatatype>
<dataTypeSize>100</dataTypeSize>
<ownDataTypeParameters>100,,</ownDataTypeParameters>
<autoIncrementCycle>false</autoIncrementCycle>
</Column>
<Column name="cd_ende" id="32E92E5D-A3A6-EF9B-905B-220C8CD01882">
<createdBy>Bloorc</createdBy>
<createdTime>2016-05-19 21:53:52 UTC</createdTime>
<generatorID>A8884703-0F42-E779-72D7-5A3B14756CA3</generatorID>
<ownerDesignName>modelo_v03</ownerDesignName>
<nullsAllowed>true</nullsAllowed>
<useDomainConstraints>false</useDomainConstraints>
<use>1</use>
<logicalDatatype>LOGDT019</logicalDatatype>
<dataTypePrecision>3</dataTypePrecision>
<ownDataTypeParameters>,,</ownDataTypeParameters>
<previousColumn>false</previousColumn>
<autoIncrementCycle>false</autoIncrementCycle>
<associations>
<colAssociation fkAssociation="25D67F14-A5A8-3C1F-37D0-DBEA01CB288A" referredColumn="8C6DAC34-0CDE-20A1-3922-9A4B8A15FB1A"/>
</associations>
</Column>
</columns>
<indexes itemClass="oracle.dbtools.crest.model.design.relational.Index">
<ind_PK_UK id="EEA08A11-73B6-0743-3F13-D3C5D5793556" name="{entity}_PKv7">
<createdBy>Bloorc</createdBy>
<createdTime>2016-05-19 21:53:52 UTC</createdTime>
<generatorID>B3546D01-40FD-60EF-D18E-8511E24536D1</generatorID>
<ownerDesignName>modelo_v03</ownerDesignName>
<pk>true</pk>
<indexState>Primary Constraint</indexState>
<isSurrogateKey>false</isSurrogateKey>
<indexColumnUsage>
<colUsage columnID="6E97E742-C537-9C7A-AA63-B997418A4E47"/>
</indexColumnUsage>
</ind_PK_UK>
<ind_PK_UK id="E1170D6B-444D-4A41-B561-40B152121709" name="fk_endreco_fornecedor">
<createdBy>Bloorc</createdBy>
<createdTime>2016-05-19 21:53:52 UTC</createdTime>
<generatorID>5E2E0CD4-C294-BD53-31E1-7CB8F1C62771</generatorID>
<ownerDesignName>modelo_v03</ownerDesignName>
<indexState>Foreign Key</indexState>
<isSurrogateKey>false</isSurrogateKey>
<indexColumnUsage>
<colUsage columnID="32E92E5D-A3A6-EF9B-905B-220C8CD01882"/>
</indexColumnUsage>
</ind_PK_UK>
</indexes>
</Table>