<?xml version = '1.0' encoding = 'UTF-8'?>
<Table class="oracle.dbtools.crest.model.design.relational.Table" directorySegmentName="seg_0" id="D58A7D80-6FFC-6FCC-8855-467935D49A5B" name="TELEFONE">
<createdBy>Bloorc</createdBy>
<createdTime>2016-05-19 21:53:52 UTC</createdTime>
<generatorID>46E63D51-F548-0D46-24BD-EA96CEBEBE70</generatorID>
<ownerDesignName>modelo_v03</ownerDesignName>
<allowColumnReorder>false</allowColumnReorder>
<existDependencyGenerateInDDl>true</existDependencyGenerateInDDl>
<parsed>true</parsed>
<columns itemClass="oracle.dbtools.crest.model.design.relational.Column">
<Column name="cd_tele" id="E27F5AF7-7292-5C74-8B99-83D957374E37">
<createdBy>Bloorc</createdBy>
<createdTime>2016-05-19 21:53:52 UTC</createdTime>
<comment>Este atributo recebe o código da entidade TELEFONE,é UID e mandatorio da tabela , tipo de dado é NUMERIC 7.</comment>
<commentInRDBMS>Este atributo recebe o código da entidade TELEFONE,é UID e mandatorio da tabela , tipo de dado é NUMERIC 7.</commentInRDBMS>
<generatorID>D2BE3312-865C-EB9C-0EF5-CE6BF708F059</generatorID>
<ownerDesignName>modelo_v03</ownerDesignName>
<useDomainConstraints>false</useDomainConstraints>
<use>1</use>
<logicalDatatype>LOGDT019</logicalDatatype>
<dataTypePrecision>7</dataTypePrecision>
<ownDataTypeParameters>,7,</ownDataTypeParameters>
<autoIncrementCycle>false</autoIncrementCycle>
</Column>
<Column name="tp_tele" id="900408FB-5ADC-7FE2-82C3-0BB3ADF5B86A">
<createdBy>Bloorc</createdBy>
<createdTime>2016-05-19 21:53:52 UTC</createdTime>
<comment>Este atributo recebe o tipo do telefone da entidade TELEFONE,é opcional da tabela , tipo de dado é CHAR, tamanho 11.</comment>
<commentInRDBMS>Este atributo recebe o tipo do telefone da entidade TELEFONE,é opcional da tabela , tipo de dado é CHAR, tamanho 11.</commentInRDBMS>
<generatorID>F8D372D8-6D7F-1495-46AB-842887430C21</generatorID>
<ownerDesignName>modelo_v03</ownerDesignName>
<nullsAllowed>true</nullsAllowed>
<useDomainConstraints>false</useDomainConstraints>
<use>1</use>
<logicalDatatype>LOGDT025</logicalDatatype>
<dataTypeSize>11</dataTypeSize>
<ownDataTypeParameters>11,,</ownDataTypeParameters>
<autoIncrementCycle>false</autoIncrementCycle>
</Column>
<Column name="nu_ddd" id="FBEEE76F-54DE-2955-BF84-8C8B3A15126B">
<createdBy>Bloorc</createdBy>
<createdTime>2016-05-19 21:53:52 UTC</createdTime>
<comment>Este atributo recebe o número do ddd da entidade TELEFONE,é mandatório da tabela , tipo de dado é CHAR, tamanho 3.</comment>
<commentInRDBMS>Este atributo recebe o número do ddd da entidade TELEFONE,é mandatório da tabela , tipo de dado é CHAR, tamanho 3.</commentInRDBMS>
<generatorID>E47A1B34-C0AE-124E-F951-D97DCE4DB1C8</generatorID>
<ownerDesignName>modelo_v03</ownerDesignName>
<useDomainConstraints>false</useDomainConstraints>
<use>1</use>
<logicalDatatype>LOGDT025</logicalDatatype>
<dataTypeSize>3</dataTypeSize>
<ownDataTypeParameters>3,,</ownDataTypeParameters>
<autoIncrementCycle>false</autoIncrementCycle>
</Column>
<Column name="nu_tele" id="8BFAE860-8F44-BE06-3818-7BB0F8FE956C">
<createdBy>Bloorc</createdBy>
<createdTime>2016-05-19 21:53:52 UTC</createdTime>
<comment>Este atributo recebe o número do telefone da entidade TELEFONE,é mandatório da tabela , tipo de dado é CHAR, tamanho 9.</comment>
<commentInRDBMS>Este atributo recebe o número do telefone da entidade TELEFONE,é mandatório da tabela , tipo de dado é CHAR, tamanho 9.</commentInRDBMS>
<generatorID>38E3D786-9E84-8E37-39E8-0274E44B9176</generatorID>
<ownerDesignName>modelo_v03</ownerDesignName>
<useDomainConstraints>false</useDomainConstraints>
<use>1</use>
<logicalDatatype>LOGDT025</logicalDatatype>
<dataTypeSize>9</dataTypeSize>
<ownDataTypeParameters>9,,</ownDataTypeParameters>
<autoIncrementCycle>false</autoIncrementCycle>
</Column>
<Column name="cd_pais" id="3D648806-8F4E-FA9A-2CC0-32C96E6BDFC8">
<createdBy>Bloorc</createdBy>
<createdTime>2016-05-19 21:53:52 UTC</createdTime>
<generatorID>4FD58094-AF24-E737-5F0F-5CDA758357B4</generatorID>
<ownerDesignName>modelo_v03</ownerDesignName>
<nullsAllowed>true</nullsAllowed>
<useDomainConstraints>false</useDomainConstraints>
<use>1</use>
<logicalDatatype>LOGDT019</logicalDatatype>
<dataTypePrecision>3</dataTypePrecision>
<ownDataTypeParameters>,,</ownDataTypeParameters>
<previousColumn>false</previousColumn>
<autoIncrementCycle>false</autoIncrementCycle>
<associations>
<colAssociation fkAssociation="9E9D463F-03DF-8164-60AA-83B1D395D543" referredColumn="55C4195B-D4E6-68CD-75AA-A4C19E8CE6A7"/>
</associations>
</Column>
<Column name="cd_func" id="092323D7-A23E-7B82-1F43-C73DA0DCBAA2">
<createdBy>Bloorc</createdBy>
<createdTime>2016-05-19 21:53:52 UTC</createdTime>
<generatorID>8869C8BB-2B11-DA8D-3C45-A20F56DE4C9E</generatorID>
<ownerDesignName>modelo_v03</ownerDesignName>
<nullsAllowed>true</nullsAllowed>
<useDomainConstraints>false</useDomainConstraints>
<use>1</use>
<logicalDatatype>LOGDT019</logicalDatatype>
<dataTypePrecision>5</dataTypePrecision>
<ownDataTypeParameters>,,</ownDataTypeParameters>
<previousColumn>false</previousColumn>
<autoIncrementCycle>false</autoIncrementCycle>
<associations>
<colAssociation fkAssociation="78D9051A-2827-E723-B8DB-DBADC741EDC2" referredColumn="049804CF-06AB-A7FC-6AEE-A49DF6FE7BD5"/>
</associations>
</Column>
<Column name="cd_fili" id="096F41C8-F162-C53F-28C6-256B4A19238E">
<createdBy>Bloorc</createdBy>
<createdTime>2016-05-19 21:53:52 UTC</createdTime>
<generatorID>3AA27053-2207-C118-5FB7-57B77D720BEA</generatorID>
<ownerDesignName>modelo_v03</ownerDesignName>
<nullsAllowed>true</nullsAllowed>
<useDomainConstraints>false</useDomainConstraints>
<use>1</use>
<logicalDatatype>LOGDT019</logicalDatatype>
<dataTypePrecision>8</dataTypePrecision>
<ownDataTypeParameters>,,</ownDataTypeParameters>
<previousColumn>false</previousColumn>
<autoIncrementCycle>false</autoIncrementCycle>
<associations>
<colAssociation fkAssociation="4A3AE3BF-F73B-6D24-6B41-3ED03DD4FBDE" referredColumn="118D7432-869B-DBD8-5750-634C09C12BD0"/>
</associations>
</Column>
<Column name="cd_forn" id="87515DAC-35ED-A596-B45A-6F3BDD1E4141">
<createdBy>Bloorc</createdBy>
<createdTime>2016-05-19 21:53:52 UTC</createdTime>
<comment>Este atributo recebe o código da entidade FORNECEDOR,é UID e mandatorio da tabela , tipo de dado é NUMERIC 4.</comment>
<generatorID>E6B10255-B66E-2131-65E9-D1658D4835B1</generatorID>
<ownerDesignName>modelo_v03</ownerDesignName>
<nullsAllowed>true</nullsAllowed>
<useDomainConstraints>false</useDomainConstraints>
<use>1</use>
<logicalDatatype>LOGDT019</logicalDatatype>
<dataTypePrecision>4</dataTypePrecision>
<ownDataTypeParameters>,,</ownDataTypeParameters>
<previousColumn>false</previousColumn>
<autoIncrementCycle>false</autoIncrementCycle>
<associations>
<colAssociation fkAssociation="B924514E-3F7B-3F4F-33EA-0D63EDAE3AE6" referredColumn="6E97E742-C537-9C7A-AA63-B997418A4E47"/>
</associations>
</Column>
<Column name="cd_clie" id="5B69A617-EE37-104A-ADA1-390D8A3009BB">
<createdBy>Bloorc</createdBy>
<createdTime>2016-05-19 21:53:52 UTC</createdTime>
<comment>Este atributo recebe o código da entidade CLIENTE,é UID e mandatorio da tabela , tipo de dado é NUMERIC 7.</comment>
<generatorID>B506FD72-3B62-5450-73B0-438DE4F3BC09</generatorID>
<ownerDesignName>modelo_v03</ownerDesignName>
<nullsAllowed>true</nullsAllowed>
<useDomainConstraints>false</useDomainConstraints>
<use>1</use>
<logicalDatatype>LOGDT019</logicalDatatype>
<dataTypePrecision>7</dataTypePrecision>
<ownDataTypeParameters>,,</ownDataTypeParameters>
<previousColumn>false</previousColumn>
<autoIncrementCycle>false</autoIncrementCycle>
<associations>
<colAssociation fkAssociation="F5363777-C317-09CE-7C4C-76AC01F2EBE6" referredColumn="B3B96426-9A2E-0727-364D-7C0373E4ABEB"/>
</associations>
</Column>
</columns>
<indexes itemClass="oracle.dbtools.crest.model.design.relational.Index">
<ind_PK_UK id="C3998F01-0B03-8FEF-9D90-9EB7EB6C422C" name="TELEFONE_PK">
<createdBy>Bloorc</createdBy>
<createdTime>2016-05-19 21:53:52 UTC</createdTime>
<generatorID>54891A35-71F8-8B01-E139-A11B42DF3966</generatorID>
<ownerDesignName>modelo_v03</ownerDesignName>
<pk>true</pk>
<indexState>Primary Constraint</indexState>
<isSurrogateKey>false</isSurrogateKey>
<indexColumnUsage>
<colUsage columnID="E27F5AF7-7292-5C74-8B99-83D957374E37"/>
</indexColumnUsage>
</ind_PK_UK>
<ind_PK_UK id="09CB587A-DB1B-AEA2-7601-80CB5968317C" name="fk_telefone_cliente">
<createdBy>Bloorc</createdBy>
<createdTime>2016-05-19 21:53:52 UTC</createdTime>
<generatorID>9562E267-C497-2386-6CDE-71220C687BD2</generatorID>
<ownerDesignName>modelo_v03</ownerDesignName>
<indexState>Foreign Key</indexState>
<isSurrogateKey>false</isSurrogateKey>
<indexColumnUsage>
<colUsage columnID="5B69A617-EE37-104A-ADA1-390D8A3009BB"/>
</indexColumnUsage>
</ind_PK_UK>
<ind_PK_UK id="1A3F70AE-B9FA-90AD-B8B2-4ED978A4D29A" name="fk_telefone_filial">
<createdBy>Bloorc</createdBy>
<createdTime>2016-05-19 21:53:52 UTC</createdTime>
<generatorID>D868BC70-234D-11FC-95CE-2D18F8AA6ED7</generatorID>
<ownerDesignName>modelo_v03</ownerDesignName>
<indexState>Foreign Key</indexState>
<isSurrogateKey>false</isSurrogateKey>
<indexColumnUsage>
<colUsage columnID="096F41C8-F162-C53F-28C6-256B4A19238E"/>
</indexColumnUsage>
</ind_PK_UK>
<ind_PK_UK id="A3385143-CBC2-1092-1996-659FFCED9FA2" name="fk_telefone_fornecedor">
<createdBy>Bloorc</createdBy>
<createdTime>2016-05-19 21:53:52 UTC</createdTime>
<generatorID>BF533592-9732-333F-1950-365A8EE00553</generatorID>
<ownerDesignName>modelo_v03</ownerDesignName>
<indexState>Foreign Key</indexState>
<isSurrogateKey>false</isSurrogateKey>
<indexColumnUsage>
<colUsage columnID="87515DAC-35ED-A596-B45A-6F3BDD1E4141"/>
</indexColumnUsage>
</ind_PK_UK>
<ind_PK_UK id="82A5060A-131A-4A05-F6C6-2D00B5A2B467" name="fk_telefone_funcionario">
<createdBy>Bloorc</createdBy>
<createdTime>2016-05-19 21:53:52 UTC</createdTime>
<generatorID>081EE05D-0DF5-C492-53A8-550D5976420A</generatorID>
<ownerDesignName>modelo_v03</ownerDesignName>
<indexState>Foreign Key</indexState>
<isSurrogateKey>false</isSurrogateKey>
<indexColumnUsage>
<colUsage columnID="092323D7-A23E-7B82-1F43-C73DA0DCBAA2"/>
</indexColumnUsage>
</ind_PK_UK>
<ind_PK_UK id="F7E6732A-2C00-FF56-31BF-49BE9739E3A4" name="fk_telefone_pais">
<createdBy>Bloorc</createdBy>
<createdTime>2016-05-19 21:53:52 UTC</createdTime>
<generatorID>8A4295B8-D554-B9A5-78C7-04540125CAAA</generatorID>
<ownerDesignName>modelo_v03</ownerDesignName>
<indexState>Foreign Key</indexState>
<isSurrogateKey>false</isSurrogateKey>
<indexColumnUsage>
<colUsage columnID="3D648806-8F4E-FA9A-2CC0-32C96E6BDFC8"/>
</indexColumnUsage>
</ind_PK_UK>
</indexes>
</Table>