<?xml version = '1.0' encoding = 'UTF-8'?>
<Table class="oracle.dbtools.crest.model.design.relational.Table" directorySegmentName="seg_0" id="D981A2B3-FDC1-E4A5-22C8-4C286C19F31D" name="PAGAMENTO">
<createdBy>Bloorc</createdBy>
<createdTime>2016-05-19 21:53:52 UTC</createdTime>
<generatorID>CBF2C9D1-615A-59B2-F0FB-986BE8672939</generatorID>
<ownerDesignName>modelo_v03</ownerDesignName>
<allowColumnReorder>false</allowColumnReorder>
<existDependencyGenerateInDDl>true</existDependencyGenerateInDDl>
<parsed>true</parsed>
<columns itemClass="oracle.dbtools.crest.model.design.relational.Column">
<Column name="cd_paga" id="6B3AE58A-3A0A-AC17-0B3B-1C98F2AC2F0D">
<createdBy>Bloorc</createdBy>
<createdTime>2016-05-19 21:53:52 UTC</createdTime>
<comment>Este atributo recebe o código da entidade PAGAMENTO,é UID e mandatorio da tabela , tipo de dado é NUMERIC 8.</comment>
<commentInRDBMS>Este atributo recebe o código da entidade PAGAMENTO,é UID e mandatorio da tabela , tipo de dado é NUMERIC 8.</commentInRDBMS>
<generatorID>3FD5AAB7-37D8-2BBA-737B-55A99A9BB684</generatorID>
<ownerDesignName>modelo_v03</ownerDesignName>
<useDomainConstraints>false</useDomainConstraints>
<use>1</use>
<logicalDatatype>LOGDT019</logicalDatatype>
<dataTypePrecision>8</dataTypePrecision>
<ownDataTypeParameters>,8,</ownDataTypeParameters>
<autoIncrementCycle>false</autoIncrementCycle>
</Column>
<Column name="dt_paga" id="ED7C7CCB-992B-2874-6951-3E7379A697E4">
<createdBy>Bloorc</createdBy>
<createdTime>2016-05-19 21:53:52 UTC</createdTime>
<comment>Este atributo recebe a data do pagamento da entidade&lt;br/&gt;PAGAMENTO,é  mandatorio da tabela , tipo de dado é DATE.</comment>
<commentInRDBMS>Este atributo recebe a data do pagamento da entidade&lt;br/&gt;PAGAMENTO,é  mandatorio da tabela , tipo de dado é DATE.</commentInRDBMS>
<generatorID>1DB11648-B61E-7AC1-B55A-498FDAB17CF7</generatorID>
<ownerDesignName>modelo_v03</ownerDesignName>
<useDomainConstraints>false</useDomainConstraints>
<use>1</use>
<logicalDatatype>LOGDT007</logicalDatatype>
<ownDataTypeParameters>,,</ownDataTypeParameters>
<autoIncrementCycle>false</autoIncrementCycle>
</Column>
<Column name="vl_paga" id="04CAE156-2F25-67B1-8BF4-98EE7B12864B">
<createdBy>Bloorc</createdBy>
<createdTime>2016-05-19 21:53:52 UTC</createdTime>
<comment>Este atributo recebe o valor do pagamento da entidade PAGAMENTO,é mandatorio da tabela , tipo de dado é NUMERIC tamanho 7, escala 2.</comment>
<commentInRDBMS>Este atributo recebe o valor do pagamento da entidade PAGAMENTO,é mandatorio da tabela , tipo de dado é NUMERIC tamanho 7, escala 2.</commentInRDBMS>
<generatorID>49119A31-D8CD-E397-BB66-7E3B7DE04038</generatorID>
<ownerDesignName>modelo_v03</ownerDesignName>
<useDomainConstraints>false</useDomainConstraints>
<use>1</use>
<logicalDatatype>LOGDT019</logicalDatatype>
<dataTypePrecision>7</dataTypePrecision>
<dataTypeScale>2</dataTypeScale>
<ownDataTypeParameters>,7,2</ownDataTypeParameters>
<autoIncrementCycle>false</autoIncrementCycle>
</Column>
<Column name="cd_form_paga" id="C2BB0376-7986-7D2F-F08E-46D8FEA5A7CF">
<createdBy>Bloorc</createdBy>
<createdTime>2016-05-19 21:53:52 UTC</createdTime>
<generatorID>E4E011FE-6127-42E7-8ECD-F8A658C66E67</generatorID>
<ownerDesignName>modelo_v03</ownerDesignName>
<useDomainConstraints>false</useDomainConstraints>
<use>1</use>
<logicalDatatype>LOGDT019</logicalDatatype>
<dataTypePrecision>4</dataTypePrecision>
<ownDataTypeParameters>,,</ownDataTypeParameters>
<previousColumn>false</previousColumn>
<autoIncrementCycle>false</autoIncrementCycle>
<associations>
<colAssociation fkAssociation="E04A1206-9E00-FAD0-162D-08AD1D6F4364" referredColumn="F0A8CE5D-5FAA-E304-EAF1-FEEE9BAFA957"/>
</associations>
</Column>
<Column name="cd_nota_fisc" id="05E4D11E-CA3D-D597-E214-92C8A2926EBB">
<createdBy>Bloorc</createdBy>
<createdTime>2016-05-19 21:53:52 UTC</createdTime>
<generatorID>FD6DD2D1-91A3-676A-223A-7A8C0C452756</generatorID>
<ownerDesignName>modelo_v03</ownerDesignName>
<nullsAllowed>true</nullsAllowed>
<useDomainConstraints>false</useDomainConstraints>
<use>1</use>
<logicalDatatype>LOGDT019</logicalDatatype>
<dataTypePrecision>9</dataTypePrecision>
<ownDataTypeParameters>,,</ownDataTypeParameters>
<previousColumn>false</previousColumn>
<autoIncrementCycle>false</autoIncrementCycle>
<associations>
<colAssociation fkAssociation="0DD28F79-4C1E-956B-79FA-5806E2412C93" referredColumn="3A373350-B0B5-17D1-28DB-8F02BA5AC352"/>
</associations>
</Column>
</columns>
<indexes itemClass="oracle.dbtools.crest.model.design.relational.Index">
<ind_PK_UK id="D1947A9E-D5D6-A56B-A660-F401EA6B3E4E" name="PAGAMENTO_PK">
<createdBy>Bloorc</createdBy>
<createdTime>2016-05-19 21:53:52 UTC</createdTime>
<generatorID>D70E0869-ECE1-6413-5B88-D46B33A36A27</generatorID>
<ownerDesignName>modelo_v03</ownerDesignName>
<pk>true</pk>
<indexState>Primary Constraint</indexState>
<isSurrogateKey>false</isSurrogateKey>
<indexColumnUsage>
<colUsage columnID="6B3AE58A-3A0A-AC17-0B3B-1C98F2AC2F0D"/>
</indexColumnUsage>
</ind_PK_UK>
<ind_PK_UK id="343DC5A7-8B84-3F25-5F03-9E07CD44CC99" name="FK_PGTO_FORM_PGTO">
<createdBy>Bloorc</createdBy>
<createdTime>2016-05-19 21:53:52 UTC</createdTime>
<generatorID>2EBEFEBF-E04E-84F6-B808-F40B60A28D95</generatorID>
<ownerDesignName>modelo_v03</ownerDesignName>
<indexState>Foreign Key</indexState>
<isSurrogateKey>false</isSurrogateKey>
<indexColumnUsage>
<colUsage columnID="C2BB0376-7986-7D2F-F08E-46D8FEA5A7CF"/>
</indexColumnUsage>
</ind_PK_UK>
<ind_PK_UK id="3CD81C3D-8BBE-E81F-FE01-1CC648CB79DE" name="fk_pagamento_nota_fiscal">
<createdBy>Bloorc</createdBy>
<createdTime>2016-05-19 21:53:52 UTC</createdTime>
<generatorID>DBE74831-1003-8CA6-CACA-AA8B518C6764</generatorID>
<ownerDesignName>modelo_v03</ownerDesignName>
<indexState>Foreign Key</indexState>
<isSurrogateKey>false</isSurrogateKey>
<indexColumnUsage>
<colUsage columnID="05E4D11E-CA3D-D597-E214-92C8A2926EBB"/>
</indexColumnUsage>
</ind_PK_UK>
</indexes>
</Table>