<?xml version = '1.0' encoding = 'UTF-8'?>
<Table class="oracle.dbtools.crest.model.design.relational.Table" directorySegmentName="seg_0" id="E31F0091-A0F3-D429-0F47-2ABDE5697012" name="VENDA_ITEM">
<createdBy>Bloorc</createdBy>
<createdTime>2016-05-19 21:53:52 UTC</createdTime>
<generatorID>EA55CAC2-144F-B122-DD7D-570BB56395FF</generatorID>
<ownerDesignName>modelo_v03</ownerDesignName>
<allowColumnReorder>false</allowColumnReorder>
<existDependencyGenerateInDDl>true</existDependencyGenerateInDDl>
<parsed>true</parsed>
<columns itemClass="oracle.dbtools.crest.model.design.relational.Column">
<Column name="cd_vend_item" id="72FFCEB3-9924-3E5D-1A7A-F718052689F2">
<createdBy>Bloorc</createdBy>
<createdTime>2016-05-19 21:53:52 UTC</createdTime>
<comment>Este atributo recebe o código da entidade VENDA_ITEM,é UID e mandatorio da tabela , tipo de dado é NUMERIC 8.</comment>
<commentInRDBMS>Este atributo recebe o código da entidade VENDA_ITEM,é UID e mandatorio da tabela , tipo de dado é NUMERIC 8.</commentInRDBMS>
<generatorID>A3358959-FC26-964E-8205-F1073EE40C71</generatorID>
<ownerDesignName>modelo_v03</ownerDesignName>
<useDomainConstraints>false</useDomainConstraints>
<use>1</use>
<logicalDatatype>LOGDT019</logicalDatatype>
<dataTypePrecision>8</dataTypePrecision>
<ownDataTypeParameters>,8,</ownDataTypeParameters>
<autoIncrementCycle>false</autoIncrementCycle>
</Column>
<Column name="cd_vend" id="93D9DF92-D206-D54E-E603-D587B846A414">
<createdBy>Bloorc</createdBy>
<createdTime>2016-05-19 21:53:52 UTC</createdTime>
<generatorID>2630B45C-3154-846A-36FB-081A3E2444D6</generatorID>
<ownerDesignName>modelo_v03</ownerDesignName>
<useDomainConstraints>false</useDomainConstraints>
<use>1</use>
<logicalDatatype>LOGDT019</logicalDatatype>
<dataTypePrecision>8</dataTypePrecision>
<ownDataTypeParameters>,,</ownDataTypeParameters>
<previousColumn>false</previousColumn>
<autoIncrementCycle>false</autoIncrementCycle>
<associations>
<colAssociation fkAssociation="A5E3AAC1-7B74-7509-DF79-2A674DC4C6B6" referredColumn="BFA67EB0-47D5-981E-1921-338FC9D7D6AF"/>
</associations>
</Column>
<Column name="qt_vend_item" id="23372629-AC1F-8580-E46B-F66EDB5DCC81">
<createdBy>Bloorc</createdBy>
<createdTime>2016-05-19 21:53:52 UTC</createdTime>
<comment>Este atributo recebe o quantidade de itens vendidos da entidade VENDA_ITEM,é mandatorio da tabela , tipo de dado é NUMERIC tamanho 3.</comment>
<commentInRDBMS>Este atributo recebe o quantidade de itens vendidos da entidade VENDA_ITEM,é mandatorio da tabela , tipo de dado é NUMERIC tamanho 3.</commentInRDBMS>
<generatorID>D0E12DE3-EB8D-539A-E25D-31798A192ABC</generatorID>
<ownerDesignName>modelo_v03</ownerDesignName>
<useDomainConstraints>false</useDomainConstraints>
<use>1</use>
<logicalDatatype>LOGDT019</logicalDatatype>
<dataTypePrecision>3</dataTypePrecision>
<ownDataTypeParameters>,3,</ownDataTypeParameters>
<autoIncrementCycle>false</autoIncrementCycle>
</Column>
<Column name="cd_said_esto" id="335D1899-7FEE-0876-19C5-1BAE2D7689BA">
<createdBy>Bloorc</createdBy>
<createdTime>2016-05-19 21:53:52 UTC</createdTime>
<generatorID>20284810-27AE-0885-29FE-D52B603FDD27</generatorID>
<ownerDesignName>modelo_v03</ownerDesignName>
<useDomainConstraints>false</useDomainConstraints>
<use>1</use>
<logicalDatatype>LOGDT019</logicalDatatype>
<dataTypePrecision>8</dataTypePrecision>
<ownDataTypeParameters>,,</ownDataTypeParameters>
<previousColumn>false</previousColumn>
<autoIncrementCycle>false</autoIncrementCycle>
<associations>
<colAssociation fkAssociation="FF9449E0-7580-885F-A20C-5CD15E189576" referredColumn="0D4DF34D-3B6E-81E2-3C6B-5233278ECA43"/>
</associations>
</Column>
<Column name="cd_prod" id="9032BF1A-4C30-A7F2-E8C6-3D8C901D3725">
<createdBy>Bloorc</createdBy>
<createdTime>2016-05-19 21:53:52 UTC</createdTime>
<generatorID>89154055-762B-FCB7-565E-50D8033C3E2A</generatorID>
<ownerDesignName>modelo_v03</ownerDesignName>
<useDomainConstraints>false</useDomainConstraints>
<use>1</use>
<logicalDatatype>LOGDT019</logicalDatatype>
<dataTypePrecision>6</dataTypePrecision>
<ownDataTypeParameters>,,</ownDataTypeParameters>
<previousColumn>false</previousColumn>
<autoIncrementCycle>false</autoIncrementCycle>
<associations>
<colAssociation fkAssociation="D7CB5E72-1273-E2F3-B7F6-D2F13BACC620" referredColumn="7C27485D-1D71-2152-1354-96CAFAB07132"/>
</associations>
</Column>
<Column name="vl_uni_venda" id="F3FE7CA6-E294-CB02-1113-F12CE4C0574A">
<createdBy>Bloorc</createdBy>
<createdTime>2016-05-19 21:53:52 UTC</createdTime>
<generatorID>FA2256B1-1772-B8C3-1548-295707B7A142</generatorID>
<ownerDesignName>modelo_v03</ownerDesignName>
<useDomainConstraints>false</useDomainConstraints>
<use>1</use>
<logicalDatatype>LOGDT019</logicalDatatype>
<dataTypePrecision>7</dataTypePrecision>
<dataTypeScale>2</dataTypeScale>
<ownDataTypeParameters>,7,2</ownDataTypeParameters>
<autoIncrementCycle>false</autoIncrementCycle>
</Column>
</columns>
<indexes itemClass="oracle.dbtools.crest.model.design.relational.Index">
<ind_PK_UK id="62328B6D-C590-7A2C-2246-9FE2A0454E28" name="{entity}_PKv15">
<createdBy>Bloorc</createdBy>
<createdTime>2016-05-19 21:53:52 UTC</createdTime>
<generatorID>E7983296-1EC1-6A4C-3E18-55F4F0D7B3ED</generatorID>
<ownerDesignName>modelo_v03</ownerDesignName>
<pk>true</pk>
<indexState>Primary Constraint</indexState>
<isSurrogateKey>false</isSurrogateKey>
<indexColumnUsage>
<colUsage columnID="72FFCEB3-9924-3E5D-1A7A-F718052689F2"/>
<colUsage columnID="93D9DF92-D206-D54E-E603-D587B846A414"/>
</indexColumnUsage>
</ind_PK_UK>
<ind_PK_UK id="269B7F65-8C94-8271-1875-861F13589D72" name="VENDA_ITEM__IDX">
<createdBy>Bloorc</createdBy>
<createdTime>2016-05-19 21:53:52 UTC</createdTime>
<ownerDesignName>modelo_v03</ownerDesignName>
<indexState>Unique Plain Index</indexState>
<isSurrogateKey>false</isSurrogateKey>
<relationGeneratorID>D127DA3C-6CF3-3692-41D6-D52CD2B50FAA</relationGeneratorID>
<indexColumnUsage>
<colUsage columnID="335D1899-7FEE-0876-19C5-1BAE2D7689BA"/>
</indexColumnUsage>
</ind_PK_UK>
<ind_PK_UK id="318D7C5C-5EB7-2A40-D6F4-3A3D83077E01" name="fk_produto_venda_item">
<createdBy>Bloorc</createdBy>
<createdTime>2016-05-19 21:53:52 UTC</createdTime>
<generatorID>461DFD2A-8630-D742-D6C4-5A95C09C9391</generatorID>
<ownerDesignName>modelo_v03</ownerDesignName>
<indexState>Foreign Key</indexState>
<isSurrogateKey>false</isSurrogateKey>
<indexColumnUsage>
<colUsage columnID="9032BF1A-4C30-A7F2-E8C6-3D8C901D3725"/>
</indexColumnUsage>
</ind_PK_UK>
<ind_PK_UK id="4F4A01F3-F760-3824-1E30-A2404178E276" name="fk_vend_item_sai_estoquev1">
<createdBy>Bloorc</createdBy>
<createdTime>2016-05-19 21:53:52 UTC</createdTime>
<generatorID>D127DA3C-6CF3-3692-41D6-D52CD2B50FAA</generatorID>
<ownerDesignName>modelo_v03</ownerDesignName>
<indexState>Foreign Key</indexState>
<isSurrogateKey>false</isSurrogateKey>
<indexColumnUsage>
<colUsage columnID="335D1899-7FEE-0876-19C5-1BAE2D7689BA"/>
</indexColumnUsage>
</ind_PK_UK>
<ind_PK_UK id="D1BE11C3-EDA8-E72B-CE52-86BEC23D3940" name="fk_venda_item_venda">
<createdBy>Bloorc</createdBy>
<createdTime>2016-05-19 21:53:52 UTC</createdTime>
<generatorID>330C4985-B0C9-B3F0-B137-615B709593D5</generatorID>
<ownerDesignName>modelo_v03</ownerDesignName>
<indexState>Foreign Key</indexState>
<isSurrogateKey>false</isSurrogateKey>
<indexColumnUsage>
<colUsage columnID="93D9DF92-D206-D54E-E603-D587B846A414"/>
</indexColumnUsage>
</ind_PK_UK>
</indexes>
</Table>