<?xml version = '1.0' encoding = 'UTF-8'?>
<Table class="oracle.dbtools.crest.model.design.relational.Table" directorySegmentName="seg_0" id="E4908F49-0930-A59C-D35E-06C8B94938A6" name="FUNCIONARIO">
<createdBy>Bloorc</createdBy>
<createdTime>2016-05-19 21:53:52 UTC</createdTime>
<generatorID>4E751013-C05F-B146-352F-24891ACC6D61</generatorID>
<ownerDesignName>modelo_v03</ownerDesignName>
<allowColumnReorder>false</allowColumnReorder>
<existDependencyGenerateInDDl>true</existDependencyGenerateInDDl>
<parsed>true</parsed>
<columns itemClass="oracle.dbtools.crest.model.design.relational.Column">
<Column name="cd_func" id="049804CF-06AB-A7FC-6AEE-A49DF6FE7BD5">
<createdBy>Bloorc</createdBy>
<createdTime>2016-05-19 21:53:52 UTC</createdTime>
<comment>Este atributo recebe o código da entidade FUNCIONARIO,é UID e mandatorio da tabela , tipo de dado é NUMERIC 5.</comment>
<commentInRDBMS>Este atributo recebe o código da entidade FUNCIONARIO,é UID e mandatorio da tabela , tipo de dado é NUMERIC 5.</commentInRDBMS>
<generatorID>2FA36524-A060-7F7F-C3C4-39DA8AEB79B3</generatorID>
<ownerDesignName>modelo_v03</ownerDesignName>
<useDomainConstraints>false</useDomainConstraints>
<use>1</use>
<logicalDatatype>LOGDT019</logicalDatatype>
<dataTypePrecision>5</dataTypePrecision>
<ownDataTypeParameters>,5,</ownDataTypeParameters>
<autoIncrementCycle>false</autoIncrementCycle>
</Column>
<Column name="nm_func" id="4BD1DE68-061D-51AC-EA7A-EFAB7C58CB32">
<createdBy>Bloorc</createdBy>
<createdTime>2016-05-19 21:53:52 UTC</createdTime>
<comment>Este atributo recebe o nome do funcionario da entidade FUNCIONARIO,é mandátorio da tabela , tipo de dado é VARCHAR2, tamanho 100.</comment>
<commentInRDBMS>Este atributo recebe o nome do funcionario da entidade FUNCIONARIO,é mandátorio da tabela , tipo de dado é VARCHAR2, tamanho 100.</commentInRDBMS>
<generatorID>85414139-3E22-95F2-9B47-D3BAF29412AE</generatorID>
<ownerDesignName>modelo_v03</ownerDesignName>
<useDomainConstraints>false</useDomainConstraints>
<use>1</use>
<logicalDatatype>LOGDT024</logicalDatatype>
<dataTypeSize>100</dataTypeSize>
<ownDataTypeParameters>100,,</ownDataTypeParameters>
<autoIncrementCycle>false</autoIncrementCycle>
</Column>
<Column name="nu_rg_func" id="4AF52B71-F8E2-653D-E488-71809BE56DDF">
<createdBy>Bloorc</createdBy>
<createdTime>2016-05-19 21:53:52 UTC</createdTime>
<comment>Este atributo recebe o número de rg da entidade FUNCIONARIO,é mandatorio da tabela , tipo de dado é NUMERIC tamanho 13.</comment>
<commentInRDBMS>Este atributo recebe o número de rg da entidade FUNCIONARIO,é mandatorio da tabela , tipo de dado é NUMERIC tamanho 13.</commentInRDBMS>
<generatorID>FBD7DE36-0F4F-55E0-99C1-7A741CFEC226</generatorID>
<ownerDesignName>modelo_v03</ownerDesignName>
<useDomainConstraints>false</useDomainConstraints>
<use>1</use>
<logicalDatatype>LOGDT025</logicalDatatype>
<dataTypeSize>13</dataTypeSize>
<ownDataTypeParameters>13,,</ownDataTypeParameters>
<autoIncrementCycle>false</autoIncrementCycle>
</Column>
<Column name="nu_cpf_func" id="CC84D1F9-6073-453C-69A2-D65E503DC02A">
<createdBy>Bloorc</createdBy>
<createdTime>2016-05-19 21:53:52 UTC</createdTime>
<comment>Este atributo recebe o número do cnpj da entidade FUNCIONARIO,é mandátori da tabela , tipo de dado é NUMERIC tamanho de 14.</comment>
<commentInRDBMS>Este atributo recebe o número do cnpj da entidade FUNCIONARIO,é mandátori da tabela , tipo de dado é NUMERIC tamanho de 14.</commentInRDBMS>
<generatorID>47ADAEE5-A1F8-876F-F55A-81B9CDBF9F1B</generatorID>
<ownerDesignName>modelo_v03</ownerDesignName>
<useDomainConstraints>false</useDomainConstraints>
<use>1</use>
<logicalDatatype>LOGDT025</logicalDatatype>
<dataTypeSize>14</dataTypeSize>
<ownDataTypeParameters>14,,</ownDataTypeParameters>
<autoIncrementCycle>false</autoIncrementCycle>
</Column>
<Column name="vl_sala" id="6A14935D-8BA6-0068-1089-2823C6CBE410">
<createdBy>Bloorc</createdBy>
<createdTime>2016-05-19 21:53:52 UTC</createdTime>
<comment>Este atributo recebe o valor do salario da entidade FUNCIONARIO,é mandatorio da tabela , tipo de dado é NUMERIC tamanho 7, escala 2.</comment>
<commentInRDBMS>Este atributo recebe o valor do salario da entidade FUNCIONARIO,é mandatorio da tabela , tipo de dado é NUMERIC tamanho 7, escala 2.</commentInRDBMS>
<generatorID>9D272011-11D5-5292-35DF-E2ED6A99009D</generatorID>
<ownerDesignName>modelo_v03</ownerDesignName>
<useDomainConstraints>false</useDomainConstraints>
<use>1</use>
<logicalDatatype>LOGDT019</logicalDatatype>
<dataTypePrecision>7</dataTypePrecision>
<dataTypeScale>2</dataTypeScale>
<ownDataTypeParameters>,7,2</ownDataTypeParameters>
<autoIncrementCycle>false</autoIncrementCycle>
</Column>
<Column name="vl_comi" id="CC3F6414-84DB-CB54-D6A3-99A9702EE207">
<createdBy>Bloorc</createdBy>
<createdTime>2016-05-19 21:53:52 UTC</createdTime>
<comment>Este atributo recebe o valor da comissao da entidade FUNCIONARIO,é mandatorio da tabela , tipo de dado é NUMERIC tamanho 7, escala 2.</comment>
<commentInRDBMS>Este atributo recebe o valor da comissao da entidade FUNCIONARIO,é mandatorio da tabela , tipo de dado é NUMERIC tamanho 7, escala 2.</commentInRDBMS>
<generatorID>47B14EFE-F5ED-28DB-9E7D-3D160301AC48</generatorID>
<ownerDesignName>modelo_v03</ownerDesignName>
<nullsAllowed>true</nullsAllowed>
<useDomainConstraints>false</useDomainConstraints>
<use>1</use>
<logicalDatatype>LOGDT019</logicalDatatype>
<dataTypePrecision>9</dataTypePrecision>
<dataTypeScale>2</dataTypeScale>
<ownDataTypeParameters>,9,2</ownDataTypeParameters>
<autoIncrementCycle>false</autoIncrementCycle>
</Column>
<Column name="dt_admi" id="5E99AB11-3917-CC44-358D-8DFCFBAE68CA">
<createdBy>Bloorc</createdBy>
<createdTime>2016-05-19 21:53:52 UTC</createdTime>
<comment>Este atributo recebe a data de admissao da entidade FUNCIONARIO,é  mandatorio da tabela , tipo de dado é DATE.</comment>
<commentInRDBMS>Este atributo recebe a data de admissao da entidade FUNCIONARIO,é  mandatorio da tabela , tipo de dado é DATE.</commentInRDBMS>
<generatorID>38E08CE6-5606-0EE7-B9F5-73792604DF14</generatorID>
<ownerDesignName>modelo_v03</ownerDesignName>
<nullsAllowed>true</nullsAllowed>
<useDomainConstraints>false</useDomainConstraints>
<use>1</use>
<logicalDatatype>LOGDT007</logicalDatatype>
<ownDataTypeParameters>,,</ownDataTypeParameters>
<autoIncrementCycle>false</autoIncrementCycle>
</Column>
<Column name="dt_demi" id="1E225A6D-3D17-E884-07A1-A3A22067AC78">
<createdBy>Bloorc</createdBy>
<createdTime>2016-05-19 21:53:52 UTC</createdTime>
<comment>Este atributo recebe a data de demissao da entidade FUNCIONARIO,é  mandatorio da tabela , tipo de dado é DATE.</comment>
<commentInRDBMS>Este atributo recebe a data de demissao da entidade FUNCIONARIO,é  mandatorio da tabela , tipo de dado é DATE.</commentInRDBMS>
<generatorID>D37E522F-C2B3-4B28-249D-5112755B5CC8</generatorID>
<ownerDesignName>modelo_v03</ownerDesignName>
<nullsAllowed>true</nullsAllowed>
<useDomainConstraints>false</useDomainConstraints>
<use>1</use>
<logicalDatatype>LOGDT007</logicalDatatype>
<ownDataTypeParameters>,,</ownDataTypeParameters>
<autoIncrementCycle>false</autoIncrementCycle>
</Column>
<Column name="ds_estado_civil" id="16CF409A-BAA9-C69E-79FC-D687A3306A5E">
<createdBy>Bloorc</createdBy>
<createdTime>2016-05-19 21:53:52 UTC</createdTime>
<comment>Este atributo recebe o estado civil  da entidade FUNCIONARIO, é um atributo mandatório da tabela , tipo de dado é VARCHAR2, tamanho 40.</comment>
<commentInRDBMS>Este atributo recebe o estado civil  da entidade FUNCIONARIO, é um atributo mandatório da tabela , tipo de dado é VARCHAR2, tamanho 40.</commentInRDBMS>
<generatorID>820E7892-14BB-22A5-DEE8-25454F259BF2</generatorID>
<ownerDesignName>modelo_v03</ownerDesignName>
<nullsAllowed>true</nullsAllowed>
<useDomainConstraints>false</useDomainConstraints>
<use>1</use>
<logicalDatatype>LOGDT024</logicalDatatype>
<dataTypeSize>40</dataTypeSize>
<ownDataTypeParameters>40,,</ownDataTypeParameters>
<autoIncrementCycle>false</autoIncrementCycle>
</Column>
<Column name="qt_dependente" id="39539C8F-D0F0-6783-6E54-298625DC4A08">
<createdBy>Bloorc</createdBy>
<createdTime>2016-05-19 21:53:52 UTC</createdTime>
<comment>Este atributo recebe a quantidade  de dependentes da entidade FUNCIONARIO,é mandatório da tabela , tipo de dado é NUMERIC, tamanho 7.</comment>
<commentInRDBMS>Este atributo recebe a quantidade  de dependentes da entidade FUNCIONARIO,é mandatório da tabela , tipo de dado é NUMERIC, tamanho 7.</commentInRDBMS>
<generatorID>547AFFD6-4938-7817-C852-64CAE353730B</generatorID>
<ownerDesignName>modelo_v03</ownerDesignName>
<useDomainConstraints>false</useDomainConstraints>
<use>1</use>
<logicalDatatype>LOGDT019</logicalDatatype>
<dataTypePrecision>2</dataTypePrecision>
<ownDataTypeParameters>,2,</ownDataTypeParameters>
<autoIncrementCycle>false</autoIncrementCycle>
</Column>
<Column name="ds_grau_instrucao" id="2AAD89A7-8F33-F43A-2F43-675F883CC3B4">
<createdBy>Bloorc</createdBy>
<createdTime>2016-05-19 21:53:52 UTC</createdTime>
<comment>Este atributo recebe o grau de instrução da entidade FUNCIONARIO, é um atributo mandatório da tabela , tipo de dado é VARCHAR2, tamanho 40.</comment>
<commentInRDBMS>Este atributo recebe o grau de instrução da entidade FUNCIONARIO, é um atributo mandatório da tabela , tipo de dado é VARCHAR2, tamanho 40.</commentInRDBMS>
<generatorID>3A9BEA6D-C687-A7DA-E22E-3CCC546DED95</generatorID>
<ownerDesignName>modelo_v03</ownerDesignName>
<nullsAllowed>true</nullsAllowed>
<useDomainConstraints>false</useDomainConstraints>
<use>1</use>
<logicalDatatype>LOGDT024</logicalDatatype>
<dataTypeSize>100</dataTypeSize>
<ownDataTypeParameters>100,,</ownDataTypeParameters>
<autoIncrementCycle>false</autoIncrementCycle>
</Column>
<Column name="bl_grau_instrucao_comp" id="D73C5F48-A075-7019-F747-331B2B85BBC5">
<createdBy>Bloorc</createdBy>
<createdTime>2016-05-19 21:53:52 UTC</createdTime>
<comment>Este atributo recebe valor grau de intrução concluido da entidade FUNCIONARIO, é mandatório da tabela, tipo de dado é BOOLEAN, tamanho 1.&lt;br/&gt;Valor = 0 para Incompleto | Valor = 1 para Completo</comment>
<commentInRDBMS>Este atributo recebe valor grau de intrução concluido da entidade FUNCIONARIO, é mandatório da tabela, tipo de dado é BOOLEAN, tamanho 1.&lt;br/&gt;Valor = 0 para Incompleto | Valor = 1 para Completo</commentInRDBMS>
<generatorID>37666F31-2DD9-7F34-9012-6C4206FD04C6</generatorID>
<ownerDesignName>modelo_v03</ownerDesignName>
<useDomainConstraints>false</useDomainConstraints>
<use>1</use>
<logicalDatatype>LOGDT006</logicalDatatype>
<dataTypeSize>1</dataTypeSize>
<ownDataTypeParameters>1,,</ownDataTypeParameters>
<autoIncrementCycle>false</autoIncrementCycle>
</Column>
<Column name="bl_atual_contratado" id="DF9F54C6-78D3-AC2D-4EE2-119E9CAF66B7">
<createdBy>Bloorc</createdBy>
<createdTime>2016-05-19 21:53:52 UTC</createdTime>
<comment>Este atributo recebe valor da situação de contrato da entidade FUNCIONARIO, é mandatório da tabela, tipo de dado é BOOLEAN, tamanho 1.&lt;br/&gt;Valor = 0 para Inativo | Valor = 1 para Ativo</comment>
<commentInRDBMS>Este atributo recebe valor da situação de contrato da entidade FUNCIONARIO, é mandatório da tabela, tipo de dado é BOOLEAN, tamanho 1.&lt;br/&gt;Valor = 0 para Inativo | Valor = 1 para Ativo</commentInRDBMS>
<generatorID>C9EBED15-FC78-5DD8-F05E-5D22910643A9</generatorID>
<ownerDesignName>modelo_v03</ownerDesignName>
<useDomainConstraints>false</useDomainConstraints>
<use>1</use>
<logicalDatatype>LOGDT006</logicalDatatype>
<dataTypeSize>1</dataTypeSize>
<ownDataTypeParameters>1,,</ownDataTypeParameters>
<autoIncrementCycle>false</autoIncrementCycle>
</Column>
<Column name="cd_carg" id="DB2839EE-E6F9-44FE-2331-109BD094A959">
<createdBy>Bloorc</createdBy>
<createdTime>2016-05-19 21:53:52 UTC</createdTime>
<generatorID>9296C69A-89A1-4B5A-8DE7-47B71D2181C8</generatorID>
<ownerDesignName>modelo_v03</ownerDesignName>
<useDomainConstraints>false</useDomainConstraints>
<use>1</use>
<logicalDatatype>LOGDT019</logicalDatatype>
<dataTypePrecision>2</dataTypePrecision>
<ownDataTypeParameters>,,</ownDataTypeParameters>
<previousColumn>false</previousColumn>
<autoIncrementCycle>false</autoIncrementCycle>
<associations>
<colAssociation fkAssociation="70FDF947-1552-5B5F-64BA-C757C31C4CA7" referredColumn="B1FF9581-2348-4ECE-9535-DD0508032F5B"/>
</associations>
</Column>
<Column name="cd_func1" id="BB2DBAB5-CC7B-BC88-9472-8E1A481EED81">
<createdBy>Bloorc</createdBy>
<createdTime>2016-05-19 21:53:52 UTC</createdTime>
<generatorID>3D0D763E-B38E-F114-84BF-12034E410541</generatorID>
<ownerDesignName>modelo_v03</ownerDesignName>
<useDomainConstraints>false</useDomainConstraints>
<use>1</use>
<logicalDatatype>LOGDT019</logicalDatatype>
<dataTypePrecision>5</dataTypePrecision>
<ownDataTypeParameters>,,</ownDataTypeParameters>
<previousColumn>false</previousColumn>
<autoIncrementCycle>false</autoIncrementCycle>
<associations>
<colAssociation fkAssociation="8B592F5A-CA78-F984-AB8D-76DC834662DB" referredColumn="049804CF-06AB-A7FC-6AEE-A49DF6FE7BD5"/>
</associations>
</Column>
<Column name="cd_ende" id="BEEBCBF0-D05F-EB90-3662-760E4682142E">
<createdBy>Bloorc</createdBy>
<createdTime>2016-05-19 21:53:52 UTC</createdTime>
<generatorID>51176D14-E936-4EC0-A7A4-7F1BDF86F9BB</generatorID>
<ownerDesignName>modelo_v03</ownerDesignName>
<nullsAllowed>true</nullsAllowed>
<useDomainConstraints>false</useDomainConstraints>
<use>1</use>
<logicalDatatype>LOGDT019</logicalDatatype>
<dataTypePrecision>3</dataTypePrecision>
<ownDataTypeParameters>,,</ownDataTypeParameters>
<previousColumn>false</previousColumn>
<autoIncrementCycle>false</autoIncrementCycle>
<associations>
<colAssociation fkAssociation="3D686F71-7A9F-FAE4-63E1-676B004A0E38" referredColumn="8C6DAC34-0CDE-20A1-3922-9A4B8A15FB1A"/>
</associations>
</Column>
<Column name="cd_ende1" id="6E1A8B1D-21F3-36F5-1D71-64E94CA836F5">
<createdBy>Bloorc</createdBy>
<createdTime>2016-05-19 21:53:52 UTC</createdTime>
<comment>Este atributo recebe o código da entidade endereço,é UID e mandatorio da tabela , tipo de dado é NUMERIC 3.</comment>
<generatorID>6B92A6A3-156F-7747-06FD-ADDFF8850238</generatorID>
<ownerDesignName>modelo_v03</ownerDesignName>
<useDomainConstraints>false</useDomainConstraints>
<use>1</use>
<logicalDatatype>LOGDT019</logicalDatatype>
<dataTypePrecision>3</dataTypePrecision>
<ownDataTypeParameters>,,</ownDataTypeParameters>
<previousColumn>false</previousColumn>
<autoIncrementCycle>false</autoIncrementCycle>
<associations>
<colAssociation fkAssociation="48D516E7-3921-8F2C-EA9E-1236EE4679D8" referredColumn="8C6DAC34-0CDE-20A1-3922-9A4B8A15FB1A"/>
</associations>
</Column>
</columns>
<indexes itemClass="oracle.dbtools.crest.model.design.relational.Index">
<ind_PK_UK id="1E209508-643B-85BD-A325-2FE80FB1CCB2" name="FUNCIONARIO_PK">
<createdBy>Bloorc</createdBy>
<createdTime>2016-05-19 21:53:52 UTC</createdTime>
<generatorID>A75FE107-8965-1D07-D18D-87131FC4E9D5</generatorID>
<ownerDesignName>modelo_v03</ownerDesignName>
<pk>true</pk>
<indexState>Primary Constraint</indexState>
<isSurrogateKey>false</isSurrogateKey>
<indexColumnUsage>
<colUsage columnID="049804CF-06AB-A7FC-6AEE-A49DF6FE7BD5"/>
</indexColumnUsage>
</ind_PK_UK>
<ind_PK_UK id="6724C704-6650-53E9-1C68-F6AD0F712ED1" name="R_ENDERECO_FUNCIONARIO">
<createdBy>Bloorc</createdBy>
<createdTime>2016-05-19 21:53:52 UTC</createdTime>
<generatorID>F7452698-815A-451F-935A-67D2F7800A06</generatorID>
<ownerDesignName>modelo_v03</ownerDesignName>
<indexState>Foreign Key</indexState>
<isSurrogateKey>false</isSurrogateKey>
<indexColumnUsage>
<colUsage columnID="6E1A8B1D-21F3-36F5-1D71-64E94CA836F5"/>
</indexColumnUsage>
</ind_PK_UK>
<ind_PK_UK id="257FABC5-BCF3-B01B-1873-85BFBC7091A0" name="fk_endereco_funcionario">
<createdBy>Bloorc</createdBy>
<createdTime>2016-05-19 21:53:52 UTC</createdTime>
<generatorID>1A6241B1-B0FB-88B2-CA21-8571F57956AF</generatorID>
<ownerDesignName>modelo_v03</ownerDesignName>
<indexState>Foreign Key</indexState>
<isSurrogateKey>false</isSurrogateKey>
<indexColumnUsage>
<colUsage columnID="BEEBCBF0-D05F-EB90-3662-760E4682142E"/>
</indexColumnUsage>
</ind_PK_UK>
<ind_PK_UK id="508C1BC5-EB2D-A94B-B2E9-C323EFE2A4C1" name="fk_funcionario_cargo">
<createdBy>Bloorc</createdBy>
<createdTime>2016-05-19 21:53:52 UTC</createdTime>
<generatorID>1C2BDD3D-C42A-6CB3-F5A4-2065D5885A9E</generatorID>
<ownerDesignName>modelo_v03</ownerDesignName>
<indexState>Foreign Key</indexState>
<isSurrogateKey>false</isSurrogateKey>
<indexColumnUsage>
<colUsage columnID="DB2839EE-E6F9-44FE-2331-109BD094A959"/>
</indexColumnUsage>
</ind_PK_UK>
<ind_PK_UK id="24915B19-1B9C-9C32-B63A-2840FF3FD529" name="fk_funcionario_funcionario">
<createdBy>Bloorc</createdBy>
<createdTime>2016-05-19 21:53:52 UTC</createdTime>
<generatorID>ADCEEEEA-0C7E-BFE4-2028-C4DF39C851A3</generatorID>
<ownerDesignName>modelo_v03</ownerDesignName>
<indexState>Foreign Key</indexState>
<isSurrogateKey>false</isSurrogateKey>
<indexColumnUsage>
<colUsage columnID="BB2DBAB5-CC7B-BC88-9472-8E1A481EED81"/>
</indexColumnUsage>
</ind_PK_UK>
</indexes>
</Table>