<?xml version = '1.0' encoding = 'UTF-8'?>
<Table class="oracle.dbtools.crest.model.design.relational.Table" directorySegmentName="seg_0" id="F1864F95-41D5-99DA-5493-B7B1292AD9CA" name="ENTRADA_ESTOQUE">
<createdBy>Bloorc</createdBy>
<createdTime>2016-05-19 21:53:52 UTC</createdTime>
<generatorID>79377EBE-B8E2-F7A8-E48F-2204CA8951B5</generatorID>
<ownerDesignName>modelo_v03</ownerDesignName>
<allowColumnReorder>false</allowColumnReorder>
<existDependencyGenerateInDDl>true</existDependencyGenerateInDDl>
<parsed>true</parsed>
<columns itemClass="oracle.dbtools.crest.model.design.relational.Column">
<Column name="cd_entr_esto" id="C03D9004-4BD5-DD31-0F28-BDB2139DEE24">
<createdBy>Bloorc</createdBy>
<createdTime>2016-05-19 21:53:52 UTC</createdTime>
<comment>Este atributo recebe o código da entidade ENTRADA_ESTOQUE,é UID e mandatorio da tabela , tipo de dado é NUMERIC 8.</comment>
<commentInRDBMS>Este atributo recebe o código da entidade ENTRADA_ESTOQUE,é UID e mandatorio da tabela , tipo de dado é NUMERIC 8.</commentInRDBMS>
<generatorID>40DF966E-6026-0379-51CB-21F222698491</generatorID>
<ownerDesignName>modelo_v03</ownerDesignName>
<useDomainConstraints>false</useDomainConstraints>
<use>1</use>
<logicalDatatype>LOGDT019</logicalDatatype>
<dataTypePrecision>8</dataTypePrecision>
<ownDataTypeParameters>,8,</ownDataTypeParameters>
<autoIncrementCycle>false</autoIncrementCycle>
</Column>
<Column name="qt_entr_esto" id="BD59099E-4FE3-3E94-286C-13392C853945">
<createdBy>Bloorc</createdBy>
<createdTime>2016-05-19 21:53:52 UTC</createdTime>
<comment>Este atributo recebe o quantidade de itens/lote que entrou no estoque da entidade ENTRADA_ESTOQUE,é mandatorio da tabela , tipo de dado é NUMERIC tamanho 7.</comment>
<commentInRDBMS>Este atributo recebe o quantidade de itens/lote que entrou no estoque da entidade ENTRADA_ESTOQUE,é mandatorio da tabela , tipo de dado é NUMERIC tamanho 7.</commentInRDBMS>
<generatorID>DD6F5F97-420D-D523-5C02-DEB583AB05E8</generatorID>
<ownerDesignName>modelo_v03</ownerDesignName>
<useDomainConstraints>false</useDomainConstraints>
<use>1</use>
<logicalDatatype>LOGDT019</logicalDatatype>
<dataTypePrecision>7</dataTypePrecision>
<ownDataTypeParameters>,7,</ownDataTypeParameters>
<autoIncrementCycle>false</autoIncrementCycle>
</Column>
<Column name="dt_entr_esto" id="FB4C2552-0BC5-48B6-2C97-0E60BCBE0F52">
<createdBy>Bloorc</createdBy>
<createdTime>2016-05-19 21:53:52 UTC</createdTime>
<comment>Este atributo recebe a data da entrada do produto da entidade ENTRADA_ESTOQUE,é  mandatorio da tabela , tipo de dado é DATE.</comment>
<commentInRDBMS>Este atributo recebe a data da entrada do produto da entidade ENTRADA_ESTOQUE,é  mandatorio da tabela , tipo de dado é DATE.</commentInRDBMS>
<generatorID>96F4EA8B-05F4-9FCF-E898-B343E67D2FB1</generatorID>
<ownerDesignName>modelo_v03</ownerDesignName>
<useDomainConstraints>false</useDomainConstraints>
<use>1</use>
<logicalDatatype>LOGDT007</logicalDatatype>
<ownDataTypeParameters>,,</ownDataTypeParameters>
<autoIncrementCycle>false</autoIncrementCycle>
</Column>
<Column name="ds_entr_esto" id="1AE1FC24-CB99-E94B-4598-7472FD202FCA">
<createdBy>Bloorc</createdBy>
<createdTime>2016-05-19 21:53:52 UTC</createdTime>
<comment>Este atributo recebe a descrição do item/lote que entrou no estoque entidade ENTRADA_ESTOQUE, é um atributo opcional da tabela , tipo de dado é VARCHAR2, tamanho 100.</comment>
<commentInRDBMS>Este atributo recebe a descrição do item/lote que entrou no estoque entidade ENTRADA_ESTOQUE, é um atributo opcional da tabela , tipo de dado é VARCHAR2, tamanho 100.</commentInRDBMS>
<generatorID>E84F2B2A-5D2B-9190-E1CA-AAAF7A184E2E</generatorID>
<ownerDesignName>modelo_v03</ownerDesignName>
<nullsAllowed>true</nullsAllowed>
<useDomainConstraints>false</useDomainConstraints>
<use>1</use>
<logicalDatatype>LOGDT024</logicalDatatype>
<dataTypeSize>100</dataTypeSize>
<ownDataTypeParameters>100,,</ownDataTypeParameters>
<autoIncrementCycle>false</autoIncrementCycle>
</Column>
<Column name="cd_comp_item" id="3F9A3F7F-A836-7875-53A5-5E0FFFE2E611">
<createdBy>Bloorc</createdBy>
<createdTime>2016-05-19 21:53:52 UTC</createdTime>
<generatorID>C34D5207-5D28-200B-D783-160A3821078E</generatorID>
<ownerDesignName>modelo_v03</ownerDesignName>
<useDomainConstraints>false</useDomainConstraints>
<use>1</use>
<logicalDatatype>LOGDT019</logicalDatatype>
<dataTypePrecision>8</dataTypePrecision>
<ownDataTypeParameters>,,</ownDataTypeParameters>
<previousColumn>false</previousColumn>
<autoIncrementCycle>false</autoIncrementCycle>
<associations>
<colAssociation fkAssociation="4828C1E6-A3C9-9CA4-D556-6A2C3903EA43" referredColumn="8CAE97A6-7CE0-599B-9C0A-4B0073EE9B76"/>
</associations>
</Column>
<Column name="cd_esto" id="AFB82625-B87E-8AAB-364E-7CD6F65FE1C4">
<createdBy>Bloorc</createdBy>
<createdTime>2016-05-19 21:53:52 UTC</createdTime>
<generatorID>4EEBBB3B-4E74-54AD-4671-6E65339A89A5</generatorID>
<ownerDesignName>modelo_v03</ownerDesignName>
<useDomainConstraints>false</useDomainConstraints>
<use>1</use>
<logicalDatatype>LOGDT019</logicalDatatype>
<dataTypePrecision>8</dataTypePrecision>
<ownDataTypeParameters>,,</ownDataTypeParameters>
<previousColumn>false</previousColumn>
<autoIncrementCycle>false</autoIncrementCycle>
<associations>
<colAssociation fkAssociation="E955E459-463C-5C0B-E5BA-90164ED4BA35" referredColumn="0DF8C7AB-4388-177B-EAD7-61468B8E57A9"/>
</associations>
</Column>
<Column name="cd_comp" id="140583F2-F222-6559-9DA3-DB557890115F">
<createdBy>Bloorc</createdBy>
<createdTime>2016-05-19 21:53:52 UTC</createdTime>
<generatorID>B0409C95-DE39-14D2-58CC-B88703CB1143</generatorID>
<ownerDesignName>modelo_v03</ownerDesignName>
<useDomainConstraints>false</useDomainConstraints>
<use>1</use>
<logicalDatatype>LOGDT019</logicalDatatype>
<dataTypePrecision>8</dataTypePrecision>
<ownDataTypeParameters>,,</ownDataTypeParameters>
<previousColumn>false</previousColumn>
<autoIncrementCycle>false</autoIncrementCycle>
<associations>
<colAssociation fkAssociation="4828C1E6-A3C9-9CA4-D556-6A2C3903EA43" referredColumn="A440B3F2-EF01-C577-BB44-20D5795EA483"/>
</associations>
</Column>
</columns>
<indexes itemClass="oracle.dbtools.crest.model.design.relational.Index">
<ind_PK_UK id="4F2DD8A8-A6F8-FA55-EC03-0B78A2FB99F0" name="{entity}_PKv3">
<createdBy>Bloorc</createdBy>
<createdTime>2016-05-19 21:53:52 UTC</createdTime>
<generatorID>CFD7C924-08F1-1D28-92CD-1B7769148386</generatorID>
<ownerDesignName>modelo_v03</ownerDesignName>
<pk>true</pk>
<indexState>Primary Constraint</indexState>
<isSurrogateKey>false</isSurrogateKey>
<indexColumnUsage>
<colUsage columnID="C03D9004-4BD5-DD31-0F28-BDB2139DEE24"/>
</indexColumnUsage>
</ind_PK_UK>
<ind_PK_UK id="FC4C3B42-939F-6068-80C2-2D13502FDEC9" name="ENTRADA_ESTOQUE__IDX">
<createdBy>Bloorc</createdBy>
<createdTime>2016-05-19 21:53:52 UTC</createdTime>
<ownerDesignName>modelo_v03</ownerDesignName>
<indexState>Unique Plain Index</indexState>
<isSurrogateKey>false</isSurrogateKey>
<relationGeneratorID>29743508-3B73-5B00-F3AB-26C3B90DF40A</relationGeneratorID>
<indexColumnUsage>
<colUsage columnID="3F9A3F7F-A836-7875-53A5-5E0FFFE2E611"/>
<colUsage columnID="140583F2-F222-6559-9DA3-DB557890115F"/>
</indexColumnUsage>
</ind_PK_UK>
<ind_PK_UK id="1CED0FBC-2E33-49E8-0823-94FDD4FDD391" name="fk_comp_item_ent_estoque">
<createdBy>Bloorc</createdBy>
<createdTime>2016-05-19 21:53:52 UTC</createdTime>
<generatorID>29743508-3B73-5B00-F3AB-26C3B90DF40A</generatorID>
<ownerDesignName>modelo_v03</ownerDesignName>
<indexState>Foreign Key</indexState>
<isSurrogateKey>false</isSurrogateKey>
<indexColumnUsage>
<colUsage columnID="3F9A3F7F-A836-7875-53A5-5E0FFFE2E611"/>
<colUsage columnID="140583F2-F222-6559-9DA3-DB557890115F"/>
</indexColumnUsage>
</ind_PK_UK>
<ind_PK_UK id="EE9A4138-9C30-365C-0670-6F003F74B4C1" name="fk_estoque_ent_estoque">
<createdBy>Bloorc</createdBy>
<createdTime>2016-05-19 21:53:52 UTC</createdTime>
<generatorID>A79DE3A2-CC19-B7EC-CEAA-E6EE83B1CA4D</generatorID>
<ownerDesignName>modelo_v03</ownerDesignName>
<indexState>Foreign Key</indexState>
<isSurrogateKey>false</isSurrogateKey>
<indexColumnUsage>
<colUsage columnID="AFB82625-B87E-8AAB-364E-7CD6F65FE1C4"/>
</indexColumnUsage>
</ind_PK_UK>
</indexes>
</Table>