<?xml version = '1.0' encoding = 'UTF-8'?>
<Table class="oracle.dbtools.crest.model.design.relational.Table" directorySegmentName="seg_0" id="F670B6B7-9E07-046B-524D-00A399752C16" name="COMPRA">
<createdBy>Bloorc</createdBy>
<createdTime>2016-05-19 21:53:52 UTC</createdTime>
<generatorID>FD009696-3BE5-21BD-61B8-4F99B40DC315</generatorID>
<ownerDesignName>modelo_v03</ownerDesignName>
<allowColumnReorder>false</allowColumnReorder>
<existDependencyGenerateInDDl>true</existDependencyGenerateInDDl>
<parsed>true</parsed>
<columns itemClass="oracle.dbtools.crest.model.design.relational.Column">
<Column name="cd_comp" id="8090E01F-D888-9C33-328D-0ADC9B2C26DD">
<createdBy>Bloorc</createdBy>
<createdTime>2016-05-19 21:53:52 UTC</createdTime>
<comment>Este atributo recebe o código da entidade COMPRA,é UID e mandatorio da tabela , tipo de dado é NUMERIC 8.</comment>
<commentInRDBMS>Este atributo recebe o código da entidade COMPRA,é UID e mandatorio da tabela , tipo de dado é NUMERIC 8.</commentInRDBMS>
<generatorID>E59862A9-B95F-1AAC-B53C-3D3117172126</generatorID>
<ownerDesignName>modelo_v03</ownerDesignName>
<useDomainConstraints>false</useDomainConstraints>
<use>1</use>
<logicalDatatype>LOGDT019</logicalDatatype>
<dataTypePrecision>8</dataTypePrecision>
<ownDataTypeParameters>,8,</ownDataTypeParameters>
<autoIncrementCycle>false</autoIncrementCycle>
</Column>
<Column name="vl_comp" id="7F46C8E8-C26B-AF5B-2CBA-C88D1A494CBA">
<createdBy>Bloorc</createdBy>
<createdTime>2016-05-19 21:53:52 UTC</createdTime>
<comment>Este atributo recebe o valor da compra da entidade COMPRA,é mandatorio da tabela , tipo de dado é NUMERIC tamanho 7, escala 2.</comment>
<commentInRDBMS>Este atributo recebe o valor da compra da entidade COMPRA,é mandatorio da tabela , tipo de dado é NUMERIC tamanho 7, escala 2.</commentInRDBMS>
<generatorID>E448D1A2-582A-4AAC-3007-B57B86D37731</generatorID>
<ownerDesignName>modelo_v03</ownerDesignName>
<useDomainConstraints>false</useDomainConstraints>
<use>1</use>
<logicalDatatype>LOGDT019</logicalDatatype>
<dataTypePrecision>7</dataTypePrecision>
<dataTypeScale>2</dataTypeScale>
<ownDataTypeParameters>,7,2</ownDataTypeParameters>
<autoIncrementCycle>false</autoIncrementCycle>
</Column>
<Column name="dt_comp" id="1C0012AC-1447-608D-8AF0-E3CB499ED8CE">
<createdBy>Bloorc</createdBy>
<createdTime>2016-05-19 21:53:52 UTC</createdTime>
<comment>Este atributo recebe a data da compra da entidade COMPRA,é  mandatorio da tabela , tipo de dado é DATE.</comment>
<commentInRDBMS>Este atributo recebe a data da compra da entidade COMPRA,é  mandatorio da tabela , tipo de dado é DATE.</commentInRDBMS>
<generatorID>B4D9A175-EE54-45D2-DC37-96A79EBF8456</generatorID>
<ownerDesignName>modelo_v03</ownerDesignName>
<useDomainConstraints>false</useDomainConstraints>
<use>1</use>
<logicalDatatype>LOGDT007</logicalDatatype>
<ownDataTypeParameters>,,</ownDataTypeParameters>
<autoIncrementCycle>false</autoIncrementCycle>
</Column>
<Column name="cd_func" id="C47E709D-A579-AF1A-8493-9DE3D466BF70">
<createdBy>Bloorc</createdBy>
<createdTime>2016-05-19 21:53:52 UTC</createdTime>
<generatorID>D37ADDD7-1B73-2233-183F-7FBA8D659F19</generatorID>
<ownerDesignName>modelo_v03</ownerDesignName>
<useDomainConstraints>false</useDomainConstraints>
<use>1</use>
<logicalDatatype>LOGDT019</logicalDatatype>
<dataTypePrecision>5</dataTypePrecision>
<ownDataTypeParameters>,,</ownDataTypeParameters>
<previousColumn>false</previousColumn>
<autoIncrementCycle>false</autoIncrementCycle>
<associations>
<colAssociation fkAssociation="19E9AB4F-BCA2-0E2D-BA79-F87AD2D9264A" referredColumn="049804CF-06AB-A7FC-6AEE-A49DF6FE7BD5"/>
</associations>
</Column>
<Column name="cd_forn" id="9398CD39-D6E4-3BC8-4FF8-DD7BE74A8840">
<createdBy>Bloorc</createdBy>
<createdTime>2016-05-19 21:53:52 UTC</createdTime>
<generatorID>B49C030E-FC90-C86C-BB45-5B9EFF1C07AD</generatorID>
<ownerDesignName>modelo_v03</ownerDesignName>
<useDomainConstraints>false</useDomainConstraints>
<use>1</use>
<logicalDatatype>LOGDT019</logicalDatatype>
<dataTypePrecision>4</dataTypePrecision>
<ownDataTypeParameters>,,</ownDataTypeParameters>
<previousColumn>false</previousColumn>
<autoIncrementCycle>false</autoIncrementCycle>
<associations>
<colAssociation fkAssociation="B826FD7D-28DB-0301-A86D-77EB937F7406" referredColumn="6E97E742-C537-9C7A-AA63-B997418A4E47"/>
</associations>
</Column>
</columns>
<indexes itemClass="oracle.dbtools.crest.model.design.relational.Index">
<ind_PK_UK id="E353A2E6-31DA-ECCB-D665-D60500B1E4C6" name="{entity}_PKv1">
<createdBy>Bloorc</createdBy>
<createdTime>2016-05-19 21:53:52 UTC</createdTime>
<generatorID>4246E58C-D4F4-8CF3-3306-26BCBBD85306</generatorID>
<ownerDesignName>modelo_v03</ownerDesignName>
<pk>true</pk>
<indexState>Primary Constraint</indexState>
<isSurrogateKey>false</isSurrogateKey>
<indexColumnUsage>
<colUsage columnID="8090E01F-D888-9C33-328D-0ADC9B2C26DD"/>
</indexColumnUsage>
</ind_PK_UK>
<ind_PK_UK id="F0A7DD35-2075-21AF-F773-1572A25D2F76" name="fk_compra_fornecedor">
<createdBy>Bloorc</createdBy>
<createdTime>2016-05-19 21:53:52 UTC</createdTime>
<generatorID>CD014E7E-EB39-F672-2044-56378FE47198</generatorID>
<ownerDesignName>modelo_v03</ownerDesignName>
<indexState>Foreign Key</indexState>
<isSurrogateKey>false</isSurrogateKey>
<indexColumnUsage>
<colUsage columnID="9398CD39-D6E4-3BC8-4FF8-DD7BE74A8840"/>
</indexColumnUsage>
</ind_PK_UK>
<ind_PK_UK id="B4A96E10-7942-7B52-8E42-8B5B86DDAC06" name="fk_funcionario_compra">
<createdBy>Bloorc</createdBy>
<createdTime>2016-05-19 21:53:52 UTC</createdTime>
<generatorID>028F1A41-56C9-E28D-97F2-F55638129A2D</generatorID>
<ownerDesignName>modelo_v03</ownerDesignName>
<indexState>Foreign Key</indexState>
<isSurrogateKey>false</isSurrogateKey>
<indexColumnUsage>
<colUsage columnID="C47E709D-A579-AF1A-8493-9DE3D466BF70"/>
</indexColumnUsage>
</ind_PK_UK>
</indexes>
</Table>