<?xml version = '1.0' encoding = 'UTF-8'?>
<Table class="oracle.dbtools.crest.model.design.relational.Table" directorySegmentName="seg_0" id="F97CA54F-AF7A-1BA8-FD5C-03BB4ADF0DE6" name="PROMOCOES">
<createdBy>Bloorc</createdBy>
<createdTime>2016-05-19 21:53:52 UTC</createdTime>
<generatorID>E7E9F1A3-2F57-D67E-481E-2FA2B4D371F6</generatorID>
<ownerDesignName>modelo_v03</ownerDesignName>
<allowColumnReorder>false</allowColumnReorder>
<existDependencyGenerateInDDl>true</existDependencyGenerateInDDl>
<parsed>true</parsed>
<columns itemClass="oracle.dbtools.crest.model.design.relational.Column">
<Column name="cd_prom" id="C3382159-9D8F-7C1E-820B-A46B67FE4B85">
<createdBy>Bloorc</createdBy>
<createdTime>2016-05-19 21:53:52 UTC</createdTime>
<comment>Este atributo recebe o código da entidade PROMOCAO,é UID e mandatorio da tabela , tipo de dado é NUMERIC 3.</comment>
<commentInRDBMS>Este atributo recebe o código da entidade PROMOCAO,é UID e mandatorio da tabela , tipo de dado é NUMERIC 3.</commentInRDBMS>
<generatorID>7CD064CD-7025-C1BF-9E51-9CD6AEF0D383</generatorID>
<ownerDesignName>modelo_v03</ownerDesignName>
<useDomainConstraints>false</useDomainConstraints>
<use>1</use>
<logicalDatatype>LOGDT019</logicalDatatype>
<dataTypePrecision>4</dataTypePrecision>
<ownDataTypeParameters>,4,</ownDataTypeParameters>
<autoIncrementCycle>false</autoIncrementCycle>
</Column>
<Column name="dt_inic" id="CA0CF21F-AD5A-30AD-9094-A6D421EDBA71">
<createdBy>Bloorc</createdBy>
<createdTime>2016-05-19 21:53:52 UTC</createdTime>
<comment>Este atributo recebe a data inicio da entidade PROMOCAO,é  mandatorio da tabela , tipo de dado é DATE.</comment>
<commentInRDBMS>Este atributo recebe a data inicio da entidade PROMOCAO,é  mandatorio da tabela , tipo de dado é DATE.</commentInRDBMS>
<generatorID>77380D38-E1D3-1B28-0E64-F8B2B9488072</generatorID>
<ownerDesignName>modelo_v03</ownerDesignName>
<useDomainConstraints>false</useDomainConstraints>
<use>1</use>
<logicalDatatype>LOGDT007</logicalDatatype>
<ownDataTypeParameters>,,</ownDataTypeParameters>
<autoIncrementCycle>false</autoIncrementCycle>
</Column>
<Column name="dt_fim" id="5D836988-E4F2-FFCB-DB8F-AEED78F31F89">
<createdBy>Bloorc</createdBy>
<createdTime>2016-05-19 21:53:52 UTC</createdTime>
<comment>Este atributo recebe a data fim da entidade PROMOCAO,é  mandatorio da tabela , tipo de dado é DATE.</comment>
<commentInRDBMS>Este atributo recebe a data fim da entidade PROMOCAO,é  mandatorio da tabela , tipo de dado é DATE.</commentInRDBMS>
<generatorID>5C557510-40AC-E9B7-0E3E-32AC399A6ED5</generatorID>
<ownerDesignName>modelo_v03</ownerDesignName>
<useDomainConstraints>false</useDomainConstraints>
<use>1</use>
<logicalDatatype>LOGDT007</logicalDatatype>
<ownDataTypeParameters>,,</ownDataTypeParameters>
<autoIncrementCycle>false</autoIncrementCycle>
</Column>
<Column name="ds_prom" id="3A282551-BBDD-706A-F8EF-D8B8F62A2692">
<createdBy>Bloorc</createdBy>
<createdTime>2016-05-19 21:53:52 UTC</createdTime>
<comment>Este atributo recebe um descrição da promoção da entidade PROMOCAO, é um atributo opcional da tabela , tipo de dado é VARCHAR2, tamanho 150.</comment>
<commentInRDBMS>Este atributo recebe um descrição da promoção da entidade PROMOCAO, é um atributo opcional da tabela , tipo de dado é VARCHAR2, tamanho 150.</commentInRDBMS>
<generatorID>A3EBD2EC-89B1-6759-AFEC-A104B2EC2671</generatorID>
<ownerDesignName>modelo_v03</ownerDesignName>
<useDomainConstraints>false</useDomainConstraints>
<use>1</use>
<logicalDatatype>LOGDT024</logicalDatatype>
<dataTypeSize>150</dataTypeSize>
<ownDataTypeParameters>150,,</ownDataTypeParameters>
<autoIncrementCycle>false</autoIncrementCycle>
</Column>
<Column name="vl_prom" id="86533577-F962-B6D9-C89A-55EC0917C737">
<createdBy>Bloorc</createdBy>
<createdTime>2016-05-19 21:53:52 UTC</createdTime>
<generatorID>6A5D64DF-AF20-6294-CDB8-F9DF19D0FFDC</generatorID>
<ownerDesignName>modelo_v03</ownerDesignName>
<useDomainConstraints>false</useDomainConstraints>
<use>1</use>
<logicalDatatype>LOGDT019</logicalDatatype>
<dataTypePrecision>7</dataTypePrecision>
<dataTypeScale>2</dataTypeScale>
<ownDataTypeParameters>,7,2</ownDataTypeParameters>
<autoIncrementCycle>false</autoIncrementCycle>
</Column>
<Column name="cd_fili" id="77DD2849-799F-F90F-FE60-152ED5CF936B">
<createdBy>Bloorc</createdBy>
<createdTime>2016-05-19 21:53:52 UTC</createdTime>
<generatorID>745256CB-E98C-827D-5F1D-8BA82FBFDE3E</generatorID>
<ownerDesignName>modelo_v03</ownerDesignName>
<nullsAllowed>true</nullsAllowed>
<useDomainConstraints>false</useDomainConstraints>
<use>1</use>
<logicalDatatype>LOGDT019</logicalDatatype>
<dataTypePrecision>8</dataTypePrecision>
<ownDataTypeParameters>,,</ownDataTypeParameters>
<previousColumn>false</previousColumn>
<autoIncrementCycle>false</autoIncrementCycle>
<associations>
<colAssociation fkAssociation="9A39C976-7D67-C812-CB0C-5E8E8B7BE5E4" referredColumn="118D7432-869B-DBD8-5750-634C09C12BD0"/>
</associations>
</Column>
<Column name="tp_prom" id="5A4206C4-535D-7D72-E7BD-2882374E7436">
<createdBy>Bloorc</createdBy>
<createdTime>2016-05-19 21:53:52 UTC</createdTime>
<comment>Este atributo recebe o tipoda promoção da entidade PROMOCAO, é um atributo mandatório da tabela , tipo de dado é VARCHAR2, tamanho 50.</comment>
<commentInRDBMS>Este atributo recebe o tipoda promoção da entidade PROMOCAO, é um atributo mandatório da tabela , tipo de dado é VARCHAR2, tamanho 50.</commentInRDBMS>
<generatorID>D2080CE2-B5B5-BEB0-5AFF-0665056B03E1</generatorID>
<ownerDesignName>modelo_v03</ownerDesignName>
<useDomainConstraints>false</useDomainConstraints>
<use>1</use>
<logicalDatatype>LOGDT024</logicalDatatype>
<dataTypeSize>50</dataTypeSize>
<ownDataTypeParameters>50,,</ownDataTypeParameters>
<autoIncrementCycle>false</autoIncrementCycle>
</Column>
<Column name="ds_publico_alvo" id="D88FDED1-29A1-59C0-3713-8DD5822FE69A">
<createdBy>Bloorc</createdBy>
<createdTime>2016-05-19 21:53:52 UTC</createdTime>
<comment>Este atributo recebe um descrição do publico alvo da entidade PROMOCAO, é um atributo opcional da tabela , tipo de dado é VARCHAR2, tamanho 100.</comment>
<commentInRDBMS>Este atributo recebe um descrição do publico alvo da entidade PROMOCAO, é um atributo opcional da tabela , tipo de dado é VARCHAR2, tamanho 100.</commentInRDBMS>
<generatorID>F05C7A50-07B7-9B01-3155-8BBE51F071D2</generatorID>
<ownerDesignName>modelo_v03</ownerDesignName>
<nullsAllowed>true</nullsAllowed>
<useDomainConstraints>false</useDomainConstraints>
<use>1</use>
<logicalDatatype>LOGDT024</logicalDatatype>
<dataTypeSize>100</dataTypeSize>
<ownDataTypeParameters>100,,</ownDataTypeParameters>
<autoIncrementCycle>false</autoIncrementCycle>
</Column>
<Column name="ds_objetivo_promocao" id="F127D27C-E737-1C44-9D6C-86269282328B">
<createdBy>Bloorc</createdBy>
<createdTime>2016-05-19 21:53:52 UTC</createdTime>
<comment>Este atributo recebe o objetivo da promoção da entidade PROMOCAO, é um atributo mandatório da tabela , tipo de dado é TEXT.</comment>
<commentInRDBMS>Este atributo recebe o objetivo da promoção da entidade PROMOCAO, é um atributo mandatório da tabela , tipo de dado é TEXT.</commentInRDBMS>
<generatorID>FBD8493E-7927-8F7C-0F9A-B5D4C0929BB3</generatorID>
<ownerDesignName>modelo_v03</ownerDesignName>
<useDomainConstraints>false</useDomainConstraints>
<use>1</use>
<logicalDatatype>LOGDT040</logicalDatatype>
<ownDataTypeParameters>,,</ownDataTypeParameters>
<autoIncrementCycle>false</autoIncrementCycle>
</Column>
<Column name="ds_cupom_desconto" id="036D7C9D-B2B7-C84B-84DC-5D2EC0FD8595">
<createdBy>Bloorc</createdBy>
<createdTime>2016-05-19 21:53:52 UTC</createdTime>
<comment>Este atributo recebe o descritivo do cupom de desconto da entidade PROMOCAO, é um atributo opcional da tabela , tipo de dado é TEXT.</comment>
<commentInRDBMS>Este atributo recebe o descritivo do cupom de desconto da entidade PROMOCAO, é um atributo opcional da tabela , tipo de dado é TEXT.</commentInRDBMS>
<generatorID>ECCFCF7B-409D-BD07-FAE2-8847285BE3BE</generatorID>
<ownerDesignName>modelo_v03</ownerDesignName>
<nullsAllowed>true</nullsAllowed>
<useDomainConstraints>false</useDomainConstraints>
<use>1</use>
<logicalDatatype>LOGDT040</logicalDatatype>
<ownDataTypeParameters>,,</ownDataTypeParameters>
<autoIncrementCycle>false</autoIncrementCycle>
</Column>
<Column name="tp_midia" id="04DF36A7-C378-B392-514A-A33378D9D86A">
<createdBy>Bloorc</createdBy>
<createdTime>2016-05-19 21:53:52 UTC</createdTime>
<comment>Este atributo recebe o tipo de mídia da entidade PROMOCAO, é um atributo mandatório da tabela , tipo de dado é VARCHAR2, tamanho 30.</comment>
<commentInRDBMS>Este atributo recebe o tipo de mídia da entidade PROMOCAO, é um atributo mandatório da tabela , tipo de dado é ARCHAR2, tamanho 30.</commentInRDBMS>
<generatorID>3F4B744A-C690-E0EF-4934-DCC7E1395686</generatorID>
<ownerDesignName>modelo_v03</ownerDesignName>
<useDomainConstraints>false</useDomainConstraints>
<use>1</use>
<logicalDatatype>LOGDT024</logicalDatatype>
<dataTypeSize>30</dataTypeSize>
<ownDataTypeParameters>30,,</ownDataTypeParameters>
<autoIncrementCycle>false</autoIncrementCycle>
</Column>
<Column name="nu_perc_desconto" id="FC94EC55-92C7-CA24-07F1-E75C4E1F07A4">
<createdBy>Bloorc</createdBy>
<createdTime>2016-05-19 21:53:52 UTC</createdTime>
<comment>Este atributo recebe o número do percentual de desconto da entidade PROMOCAO,é mandatório da tabela , tipo de dado é NUMERIC tamanho de 2.</comment>
<commentInRDBMS>Este atributo recebe o número do percentual de desconto da entidade PROMOCAO,é mandatório da tabela , tipo de dado é NUMERIC tamanho de 2.</commentInRDBMS>
<generatorID>2151141A-9184-D981-C50C-E046A4F3D90E</generatorID>
<ownerDesignName>modelo_v03</ownerDesignName>
<useDomainConstraints>false</useDomainConstraints>
<use>1</use>
<logicalDatatype>LOGDT019</logicalDatatype>
<dataTypePrecision>2</dataTypePrecision>
<ownDataTypeParameters>,2,</ownDataTypeParameters>
<autoIncrementCycle>false</autoIncrementCycle>
</Column>
<Column name="nu_minimo" id="A617957F-327A-F2A2-F21C-B532F5F6F394">
<createdBy>Bloorc</createdBy>
<createdTime>2016-05-19 21:53:52 UTC</createdTime>
<comment>Este atributo recebe a quantidade minima de itens da entidade PROMOCAO,é mandatório da tabela , tipo de dado é NUMERIC tamanho de 4.</comment>
<commentInRDBMS>Este atributo recebe a quantidade minima de itens da entidade PROMOCAO,é opcional da tabela , tipo de dado é NUMERIC tamanho de 4.</commentInRDBMS>
<generatorID>0BFCF98B-32C8-58E5-48E8-CC52E7CAAC00</generatorID>
<ownerDesignName>modelo_v03</ownerDesignName>
<useDomainConstraints>false</useDomainConstraints>
<use>1</use>
<logicalDatatype>LOGDT019</logicalDatatype>
<dataTypePrecision>4</dataTypePrecision>
<ownDataTypeParameters>,4,</ownDataTypeParameters>
<autoIncrementCycle>false</autoIncrementCycle>
</Column>
<Column name="nu_maximo" id="F12C4E94-10A8-23E4-02BB-25D3B57A4A4E">
<createdBy>Bloorc</createdBy>
<createdTime>2016-05-19 21:53:52 UTC</createdTime>
<comment>Este atributo recebe a quantidade máxima de itens da entidade PROMOCAO,é opcional da tabela , tipo de dado é NUMERIC tamanho de 4.</comment>
<commentInRDBMS>Este atributo recebe a quantidade máxima de itens da entidade PROMOCAO,é opcional da tabela , tipo de dado é NUMERIC tamanho de 4.</commentInRDBMS>
<generatorID>1DD6F221-2051-D45C-1597-1BC7BE79D0F8</generatorID>
<ownerDesignName>modelo_v03</ownerDesignName>
<nullsAllowed>true</nullsAllowed>
<useDomainConstraints>false</useDomainConstraints>
<use>1</use>
<logicalDatatype>LOGDT019</logicalDatatype>
<dataTypePrecision>4</dataTypePrecision>
<ownDataTypeParameters>,4,</ownDataTypeParameters>
<autoIncrementCycle>false</autoIncrementCycle>
</Column>
<Column name="vl_custo_promocao" id="837B8AE2-96A7-ECCE-489D-762C91C61994">
<createdBy>Bloorc</createdBy>
<createdTime>2016-05-19 21:53:52 UTC</createdTime>
<comment>Este atributo recebe o valor de custeio da promocao da entidade PROMOCAO,é opcional da tabela , tipo de dado é NUMERIC tamanho de 7,2.</comment>
<commentInRDBMS>Este atributo recebe o valor de custeio da promocao da entidade PROMOCAO,é opcional da tabela , tipo de dado é NUMERIC tamanho de 7,2.</commentInRDBMS>
<generatorID>62F33C44-ADD8-5775-AE00-F943C14E3FD0</generatorID>
<ownerDesignName>modelo_v03</ownerDesignName>
<nullsAllowed>true</nullsAllowed>
<useDomainConstraints>false</useDomainConstraints>
<use>1</use>
<logicalDatatype>LOGDT019</logicalDatatype>
<dataTypePrecision>7</dataTypePrecision>
<dataTypeScale>2</dataTypeScale>
<ownDataTypeParameters>,7,2</ownDataTypeParameters>
<autoIncrementCycle>false</autoIncrementCycle>
</Column>
<Column name="qt_cupom" id="F976D5E2-267C-060D-9061-A47FA9D189B8">
<createdBy>Bloorc</createdBy>
<createdTime>2016-05-19 21:53:52 UTC</createdTime>
<comment>Este atributo recebe a quantidade  de cupons da entidade PROMOCAO,é opcional da tabela , tipo de dado é NUMERIC, tamanho 7.</comment>
<commentInRDBMS>Este atributo recebe a quantidade  de cupons da entidade PROMOCAO,é opcional da tabela , tipo de dado é NUMERIC, tamanho 7.</commentInRDBMS>
<generatorID>D7C6395D-BF58-B06F-5D7A-736F9FB35C8D</generatorID>
<ownerDesignName>modelo_v03</ownerDesignName>
<nullsAllowed>true</nullsAllowed>
<useDomainConstraints>false</useDomainConstraints>
<use>1</use>
<logicalDatatype>LOGDT019</logicalDatatype>
<dataTypePrecision>7</dataTypePrecision>
<ownDataTypeParameters>,7,</ownDataTypeParameters>
<autoIncrementCycle>false</autoIncrementCycle>
</Column>
</columns>
<indexes itemClass="oracle.dbtools.crest.model.design.relational.Index">
<ind_PK_UK id="42DD4F0C-A378-7C71-3CE9-0C2A7CA31810" name="PROMOCOES_PK">
<createdBy>Bloorc</createdBy>
<createdTime>2016-05-19 21:53:52 UTC</createdTime>
<generatorID>FE5F3066-735A-383B-AE87-ECF2C42291E8</generatorID>
<ownerDesignName>modelo_v03</ownerDesignName>
<pk>true</pk>
<indexState>Primary Constraint</indexState>
<isSurrogateKey>false</isSurrogateKey>
<indexColumnUsage>
<colUsage columnID="C3382159-9D8F-7C1E-820B-A46B67FE4B85"/>
</indexColumnUsage>
</ind_PK_UK>
<ind_PK_UK id="6EF5669D-BF1E-FF84-97CC-32B75ECA9EF1" name="FK_FILI_PROM">
<createdBy>Bloorc</createdBy>
<createdTime>2016-05-19 21:53:52 UTC</createdTime>
<generatorID>EB97DD08-F2AE-3BA8-240A-B08C054F50CB</generatorID>
<ownerDesignName>modelo_v03</ownerDesignName>
<indexState>Foreign Key</indexState>
<isSurrogateKey>false</isSurrogateKey>
<indexColumnUsage>
<colUsage columnID="77DD2849-799F-F90F-FE60-152ED5CF936B"/>
</indexColumnUsage>
</ind_PK_UK>
<ind_PK_UK id="8250B6CD-4E10-B424-3F58-6FB529B8AB49" name="R_PROM_VENDv1">
<createdBy>Bloorc</createdBy>
<createdTime>2016-05-19 21:53:52 UTC</createdTime>
<generatorID>47992BBD-A1D2-12A8-6F16-EB3C933E70DA</generatorID>
<ownerDesignName>modelo_v03</ownerDesignName>
<indexState>Foreign Key</indexState>
<isSurrogateKey>false</isSurrogateKey>
</ind_PK_UK>
</indexes>
</Table>