<?xml version = '1.0' encoding = 'UTF-8'?>
<Table class="oracle.dbtools.crest.model.design.relational.Table" directorySegmentName="seg_0" id="FB7E5611-6742-5FF8-4CA7-C54339ED2342" name="COMPRA_ITEM">
<createdBy>Bloorc</createdBy>
<createdTime>2016-05-19 21:53:52 UTC</createdTime>
<generatorID>05E7095D-76C1-85D7-3A39-948948DED37F</generatorID>
<ownerDesignName>modelo_v03</ownerDesignName>
<allowColumnReorder>false</allowColumnReorder>
<existDependencyGenerateInDDl>true</existDependencyGenerateInDDl>
<parsed>true</parsed>
<columns itemClass="oracle.dbtools.crest.model.design.relational.Column">
<Column name="cd_comp_item" id="8CAE97A6-7CE0-599B-9C0A-4B0073EE9B76">
<createdBy>Bloorc</createdBy>
<createdTime>2016-05-19 21:53:52 UTC</createdTime>
<comment>Este atributo recebe o código da entidade COMPRA_ITEM,é UID e mandatorio da tabela , tipo de dado é NUMERIC 8.</comment>
<commentInRDBMS>Este atributo recebe o código da entidade COMPRA_ITEM,é UID e mandatorio da tabela , tipo de dado é NUMERIC 8.</commentInRDBMS>
<generatorID>E681702B-F08E-3A0C-5A95-5E68739732ED</generatorID>
<ownerDesignName>modelo_v03</ownerDesignName>
<useDomainConstraints>false</useDomainConstraints>
<use>1</use>
<logicalDatatype>LOGDT019</logicalDatatype>
<dataTypePrecision>8</dataTypePrecision>
<ownDataTypeParameters>,8,</ownDataTypeParameters>
<autoIncrementCycle>false</autoIncrementCycle>
</Column>
<Column name="qt_comp_item" id="A87AC7D1-C9F9-80FE-EF64-BBEF3110C15C">
<createdBy>Bloorc</createdBy>
<createdTime>2016-05-19 21:53:52 UTC</createdTime>
<comment>Este atributo recebe o quantidade de compras por item da entidade COMPRA_ITEM,é mandatorio da tabela , tipo de dado é NUMERIC tamanho 3.</comment>
<commentInRDBMS>Este atributo recebe o quantidade de compras por item da entidade COMPRA_ITEM,é mandatorio da tabela , tipo de dado é NUMERIC tamanho 3.</commentInRDBMS>
<generatorID>F379B8B9-F819-D21F-E269-B1DB651568F9</generatorID>
<ownerDesignName>modelo_v03</ownerDesignName>
<useDomainConstraints>false</useDomainConstraints>
<use>1</use>
<logicalDatatype>LOGDT019</logicalDatatype>
<dataTypePrecision>3</dataTypePrecision>
<ownDataTypeParameters>,3,</ownDataTypeParameters>
<autoIncrementCycle>false</autoIncrementCycle>
</Column>
<Column name="cd_comp" id="A440B3F2-EF01-C577-BB44-20D5795EA483">
<createdBy>Bloorc</createdBy>
<createdTime>2016-05-19 21:53:52 UTC</createdTime>
<generatorID>F398C259-C403-1D93-EFDC-A558BE29A39F</generatorID>
<ownerDesignName>modelo_v03</ownerDesignName>
<useDomainConstraints>false</useDomainConstraints>
<use>1</use>
<logicalDatatype>LOGDT019</logicalDatatype>
<dataTypePrecision>8</dataTypePrecision>
<ownDataTypeParameters>,,</ownDataTypeParameters>
<previousColumn>false</previousColumn>
<autoIncrementCycle>false</autoIncrementCycle>
<associations>
<colAssociation fkAssociation="25716411-0F20-2C37-08E6-DF4071D0F540" referredColumn="8090E01F-D888-9C33-328D-0ADC9B2C26DD"/>
</associations>
</Column>
<Column name="cd_prod" id="1CDD653F-8735-87E8-5ADC-105ED673900A">
<createdBy>Bloorc</createdBy>
<createdTime>2016-05-19 21:53:52 UTC</createdTime>
<generatorID>1860075C-C70F-E537-452C-D4609C86E7A5</generatorID>
<ownerDesignName>modelo_v03</ownerDesignName>
<nullsAllowed>true</nullsAllowed>
<useDomainConstraints>false</useDomainConstraints>
<use>1</use>
<logicalDatatype>LOGDT019</logicalDatatype>
<dataTypePrecision>6</dataTypePrecision>
<ownDataTypeParameters>,,</ownDataTypeParameters>
<previousColumn>false</previousColumn>
<autoIncrementCycle>false</autoIncrementCycle>
<associations>
<colAssociation fkAssociation="E9FB4AC6-D041-948D-8BB4-C97CEEE84A04" referredColumn="7C27485D-1D71-2152-1354-96CAFAB07132"/>
</associations>
</Column>
<Column name="cd_entr_esto" id="AA70DDC6-E36B-F5F5-F9A7-A77B4AAA006D">
<createdBy>Bloorc</createdBy>
<createdTime>2016-05-19 21:53:52 UTC</createdTime>
<comment>Este atributo recebe o código da entidade ENTRADA_ESTOQUE,é UID e mandatorio da tabela , tipo de dado é NUMERIC 8.</comment>
<generatorID>EC581F32-31D5-3FC4-9AA4-ACE01C5FA354</generatorID>
<ownerDesignName>modelo_v03</ownerDesignName>
<useDomainConstraints>false</useDomainConstraints>
<use>1</use>
<logicalDatatype>LOGDT019</logicalDatatype>
<dataTypePrecision>8</dataTypePrecision>
<ownDataTypeParameters>,,</ownDataTypeParameters>
<previousColumn>false</previousColumn>
<autoIncrementCycle>false</autoIncrementCycle>
<associations>
<colAssociation fkAssociation="EF92AEB0-7308-AA24-9404-845E60C2BF74" referredColumn="C03D9004-4BD5-DD31-0F28-BDB2139DEE24"/>
</associations>
</Column>
<Column name="vl_uni_compra" id="450E6004-817F-8938-77ED-5CEBFD4EB0E5">
<createdBy>Bloorc</createdBy>
<createdTime>2016-05-19 21:53:52 UTC</createdTime>
<generatorID>781F2FEA-BCA1-A1DC-0530-3DDB3D205411</generatorID>
<ownerDesignName>modelo_v03</ownerDesignName>
<nullsAllowed>true</nullsAllowed>
<useDomainConstraints>false</useDomainConstraints>
<use>1</use>
<logicalDatatype>LOGDT019</logicalDatatype>
<dataTypePrecision>7</dataTypePrecision>
<dataTypeScale>2</dataTypeScale>
<ownDataTypeParameters>,7,2</ownDataTypeParameters>
<autoIncrementCycle>false</autoIncrementCycle>
</Column>
</columns>
<indexes itemClass="oracle.dbtools.crest.model.design.relational.Index">
<ind_PK_UK id="E633D6E1-0027-518A-FF75-30F03511D4D1" name="{entity}_PKv2">
<createdBy>Bloorc</createdBy>
<createdTime>2016-05-19 21:53:52 UTC</createdTime>
<generatorID>9869AFC1-DBFC-922F-F097-08B21CBA8A44</generatorID>
<ownerDesignName>modelo_v03</ownerDesignName>
<pk>true</pk>
<indexState>Primary Constraint</indexState>
<isSurrogateKey>false</isSurrogateKey>
<indexColumnUsage>
<colUsage columnID="8CAE97A6-7CE0-599B-9C0A-4B0073EE9B76"/>
<colUsage columnID="A440B3F2-EF01-C577-BB44-20D5795EA483"/>
</indexColumnUsage>
</ind_PK_UK>
<ind_PK_UK id="67172722-CADE-3991-AB10-6729CE42C5E3" name="COMPRA_ITEM__IDX">
<createdBy>Bloorc</createdBy>
<createdTime>2016-05-19 21:53:52 UTC</createdTime>
<ownerDesignName>modelo_v03</ownerDesignName>
<indexState>Unique Plain Index</indexState>
<isSurrogateKey>false</isSurrogateKey>
<relationGeneratorID>29743508-3B73-5B00-F3AB-26C3B90DF40A</relationGeneratorID>
<indexColumnUsage>
<colUsage columnID="AA70DDC6-E36B-F5F5-F9A7-A77B4AAA006D"/>
</indexColumnUsage>
</ind_PK_UK>
<ind_PK_UK id="082A617C-C8FB-20B0-F4B0-647002263F4F" name="fk_comp_item_ent_estoquev1">
<createdBy>Bloorc</createdBy>
<createdTime>2016-05-19 21:53:52 UTC</createdTime>
<generatorID>29743508-3B73-5B00-F3AB-26C3B90DF40A</generatorID>
<ownerDesignName>modelo_v03</ownerDesignName>
<indexState>Foreign Key</indexState>
<isSurrogateKey>false</isSurrogateKey>
<indexColumnUsage>
<colUsage columnID="AA70DDC6-E36B-F5F5-F9A7-A77B4AAA006D"/>
</indexColumnUsage>
</ind_PK_UK>
<ind_PK_UK id="B6376E01-143A-AA3D-0653-F1BCC275FF46" name="fk_compra_compra_item">
<createdBy>Bloorc</createdBy>
<createdTime>2016-05-19 21:53:52 UTC</createdTime>
<generatorID>69AEB758-C92C-C08C-7DC5-5D97712783B5</generatorID>
<ownerDesignName>modelo_v03</ownerDesignName>
<indexState>Foreign Key</indexState>
<isSurrogateKey>false</isSurrogateKey>
<indexColumnUsage>
<colUsage columnID="A440B3F2-EF01-C577-BB44-20D5795EA483"/>
</indexColumnUsage>
</ind_PK_UK>
<ind_PK_UK id="93AD0061-0EDD-FEA2-EEFA-75573B52938A" name="fk_compra_produto">
<createdBy>Bloorc</createdBy>
<createdTime>2016-05-19 21:53:52 UTC</createdTime>
<generatorID>D2315FAB-6972-11A3-BCF0-ECA2A5D7AC7A</generatorID>
<ownerDesignName>modelo_v03</ownerDesignName>
<indexState>Foreign Key</indexState>
<isSurrogateKey>false</isSurrogateKey>
<indexColumnUsage>
<colUsage columnID="1CDD653F-8735-87E8-5ADC-105ED673900A"/>
</indexColumnUsage>
</ind_PK_UK>
</indexes>
</Table>