<?xml version = '1.0' encoding = 'UTF-8'?>
<Relation class="oracle.dbtools.crest.model.design.logical.Relation" name="fk_funcionario_compra" directorySegmentName="seg_0" id="028F1A41-56C9-E28D-97F2-F55638129A2D">
<createdBy>Marcelo Dias</createdBy>
<createdTime>2015-09-12 18:40:33 UTC</createdTime>
<generatorID>Gerado pelo usuário</generatorID>
<ownerDesignName>modelo_v03</ownerDesignName>
<engineerTo>
<item key="5717F7DC-5FAE-37A9-1A77-C8C90409988D" value="true"/>
</engineerTo>
<sourcePk>A75FE107-8965-1D07-D18D-87131FC4E9D5</sourcePk>
<identifying>false</identifying>
<nameOnSource>Efetua</nameOnSource>
<nameOnTarget>Foi feita</nameOnTarget>
<optionalSource>true</optionalSource>
<optionalTarget>false</optionalTarget>
<sourceCardinality>1</sourceCardinality>
<sourceEntity>4E751013-C05F-B146-352F-24891ACC6D61</sourceEntity>
<targetCardinalityString>*</targetCardinalityString>
<targetEntity>FD009696-3BE5-21BD-61B8-4F99B40DC315</targetEntity>
<transferable>true</transferable>
<deleteRule>NO ACTION</deleteRule>
</Relation>