<?xml version = '1.0' encoding = 'UTF-8'?>
<Relation class="oracle.dbtools.crest.model.design.logical.Relation" name="fk_marca_produto" directorySegmentName="seg_0" id="03646155-8B98-3571-0979-0F73BD95917F">
<createdBy>Marcelo Dias</createdBy>
<createdTime>2015-09-12 16:57:59 UTC</createdTime>
<generatorID>Gerado pelo usuário</generatorID>
<ownerDesignName>modelo_v03</ownerDesignName>
<engineerTo>
<item key="5717F7DC-5FAE-37A9-1A77-C8C90409988D" value="true"/>
</engineerTo>
<sourcePk>6A704828-0642-26FE-7424-CDD11808F2A8</sourcePk>
<targetPk>2FF853FD-D984-AC08-0786-F879E92B196A</targetPk>
<identifying>false</identifying>
<nameOnSource>Possui</nameOnSource>
<nameOnTarget>Pertence</nameOnTarget>
<optionalSource>false</optionalSource>
<optionalTarget>false</optionalTarget>
<sourceCardinality>*</sourceCardinality>
<sourceEntity>278C6544-4613-8F74-E759-D739DBCF7681</sourceEntity>
<targetCardinalityString>1</targetCardinalityString>
<targetEntity>4439492B-9FFF-B4EE-ACA1-F87C45E394F4</targetEntity>
<transferable>true</transferable>
<deleteRule>NO ACTION</deleteRule>
</Relation>