<?xml version = '1.0' encoding = 'UTF-8'?>
<Relation class="oracle.dbtools.crest.model.design.logical.Relation" name="R_VENDA_PESQ" directorySegmentName="seg_0" id="044B54DE-65BD-D47B-594C-2F2B448856D9">
<createdBy>Bloorc</createdBy>
<createdTime>2015-10-02 19:41:35 UTC</createdTime>
<generatorID>Gerado pelo usuário</generatorID>
<ownerDesignName>modelo_v03</ownerDesignName>
<engineerTo>
<item key="5717F7DC-5FAE-37A9-1A77-C8C90409988D" value="true"/>
</engineerTo>
<sourcePk>EC26E231-DD6A-979B-5519-F5CDADC0A08C</sourcePk>
<targetPk>EC26E231-DD6A-979B-5519-F5CDADC0A08C</targetPk>
<identifying>false</identifying>
<nameOnSource>Corresponde</nameOnSource>
<nameOnTarget>Corresponde</nameOnTarget>
<optionalSource>true</optionalSource>
<optionalTarget>false</optionalTarget>
<sourceCardinality>1</sourceCardinality>
<sourceEntity>3D20F067-30A2-D92E-1E64-AF194A3559C8</sourceEntity>
<targetCardinalityString>1</targetCardinalityString>
<targetEntity>5C1EE33A-B1B4-5CBD-7650-888EDC7F2165</targetEntity>
<transferable>true</transferable>
<deleteRule>NO ACTION</deleteRule>
</Relation>