<?xml version = '1.0' encoding = 'UTF-8'?>
<Relation class="oracle.dbtools.crest.model.design.logical.Relation" name="fk_estoque_produto" directorySegmentName="seg_0" id="04AF22A6-CF0E-CE61-2930-3C51748C1A03">
<createdBy>Marcelo Dias</createdBy>
<createdTime>2015-09-20 17:20:36 UTC</createdTime>
<generatorID>Gerado pelo usuário</generatorID>
<ownerDesignName>modelo_v03</ownerDesignName>
<engineerTo>
<item key="5717F7DC-5FAE-37A9-1A77-C8C90409988D" value="true"/>
</engineerTo>
<sourcePk>E3BA5BCB-A570-3133-C167-2870360AAA27</sourcePk>
<targetPk>6A704828-0642-26FE-7424-CDD11808F2A8</targetPk>
<identifying>false</identifying>
<nameOnSource>possui</nameOnSource>
<nameOnTarget>pertencce</nameOnTarget>
<optionalSource>true</optionalSource>
<optionalTarget>false</optionalTarget>
<sourceCardinality>1</sourceCardinality>
<sourceEntity>F3E394AE-ABEB-1450-4046-3A7AD17B8690</sourceEntity>
<targetCardinalityString>*</targetCardinalityString>
<targetEntity>278C6544-4613-8F74-E759-D739DBCF7681</targetEntity>
<transferable>true</transferable>
<deleteRule>NO ACTION</deleteRule>
</Relation>