<?xml version = '1.0' encoding = 'UTF-8'?>
<Relation class="oracle.dbtools.crest.model.design.logical.Relation" name="R_PROM_ITEM_VEND" directorySegmentName="seg_0" id="068DA96B-8D0B-9308-7DC1-5536C7653EF8">
<createdBy>rm74585</createdBy>
<createdTime>2016-04-26 13:26:20 UTC</createdTime>
<ownerDesignName>modelo_v03</ownerDesignName>
<engineerTo>
<item key="5717F7DC-5FAE-37A9-1A77-C8C90409988D" value="true"/>
</engineerTo>
<targetPk>EC26E231-DD6A-979B-5519-F5CDADC0A08C</targetPk>
<identifying>true</identifying>
<optionalSource>false</optionalSource>
<optionalTarget>false</optionalTarget>
<sourceCardinality>*</sourceCardinality>
<sourceEntity>18E955B8-BFE6-9A71-3F49-F50D98D2FDF8</sourceEntity>
<targetCardinalityString>1</targetCardinalityString>
<targetEntity>3D20F067-30A2-D92E-1E64-AF194A3559C8</targetEntity>
<transferable>true</transferable>
<deleteRule>NO ACTION</deleteRule>
</Relation>