<?xml version = '1.0' encoding = 'UTF-8'?>
<Relation class="oracle.dbtools.crest.model.design.logical.Relation" name="fk_telefone_funcionario" directorySegmentName="seg_0" id="081EE05D-0DF5-C492-53A8-550D5976420A">
<createdBy>Marcelo Dias</createdBy>
<createdTime>2015-09-12 15:35:52 UTC</createdTime>
<generatorID>Gerado pelo usuário</generatorID>
<ownerDesignName>modelo_v03</ownerDesignName>
<engineerTo>
<item key="5717F7DC-5FAE-37A9-1A77-C8C90409988D" value="true"/>
</engineerTo>
<sourcePk>A75FE107-8965-1D07-D18D-87131FC4E9D5</sourcePk>
<identifying>false</identifying>
<nameOnSource>Possui</nameOnSource>
<nameOnTarget>Pertence</nameOnTarget>
<optionalSource>true</optionalSource>
<optionalTarget>true</optionalTarget>
<sourceCardinality>1</sourceCardinality>
<sourceEntity>4E751013-C05F-B146-352F-24891ACC6D61</sourceEntity>
<targetCardinalityString>*</targetCardinalityString>
<targetEntity>46E63D51-F548-0D46-24BD-EA96CEBEBE70</targetEntity>
<transferable>true</transferable>
<deleteRule>NO ACTION</deleteRule>
</Relation>