<?xml version = '1.0' encoding = 'UTF-8'?>
<Relation class="oracle.dbtools.crest.model.design.logical.Relation" name="FK_PROM_PROM_ITEM" directorySegmentName="seg_0" id="137DB28F-CB50-2939-37FC-7254023DAF48">
<createdBy>Gabriel Garcia</createdBy>
<createdTime>2016-04-05 20:33:23 UTC</createdTime>
<ownerDesignName>modelo_v03</ownerDesignName>
<engineerTo>
<item key="5717F7DC-5FAE-37A9-1A77-C8C90409988D" value="true"/>
</engineerTo>
<sourcePk>FE5F3066-735A-383B-AE87-ECF2C42291E8</sourcePk>
<identifying>false</identifying>
<optionalSource>false</optionalSource>
<optionalTarget>true</optionalTarget>
<sourceCardinality>1</sourceCardinality>
<sourceEntity>E7E9F1A3-2F57-D67E-481E-2FA2B4D371F6</sourceEntity>
<targetCardinalityString>*</targetCardinalityString>
<targetEntity>18E955B8-BFE6-9A71-3F49-F50D98D2FDF8</targetEntity>
<transferable>true</transferable>
<deleteRule>NO ACTION</deleteRule>
</Relation>