<?xml version = '1.0' encoding = 'UTF-8'?>
<Relation class="oracle.dbtools.crest.model.design.logical.Relation" name="fk_endereco_funcionario" directorySegmentName="seg_0" id="1A6241B1-B0FB-88B2-CA21-8571F57956AF">
<createdBy>Marcelo Dias</createdBy>
<createdTime>2015-09-12 15:25:49 UTC</createdTime>
<generatorID>Gerado pelo usuário</generatorID>
<ownerDesignName>modelo_v03</ownerDesignName>
<engineerTo>
<item key="5717F7DC-5FAE-37A9-1A77-C8C90409988D" value="true"/>
</engineerTo>
<sourcePk>A75FE107-8965-1D07-D18D-87131FC4E9D5</sourcePk>
<targetPk>C294D130-49A6-8DE1-64AE-7D3DD838D426</targetPk>
<identifying>false</identifying>
<nameOnSource>Possui</nameOnSource>
<nameOnTarget>Pertence</nameOnTarget>
<optionalSource>true</optionalSource>
<optionalTarget>false</optionalTarget>
<sourceCardinality>*</sourceCardinality>
<sourceEntity>4E751013-C05F-B146-352F-24891ACC6D61</sourceEntity>
<targetCardinalityString>1</targetCardinalityString>
<targetEntity>16291A1C-3A0B-573F-0E31-A788E2628E4F</targetEntity>
<transferable>true</transferable>
<deleteRule>NO ACTION</deleteRule>
</Relation>