<?xml version = '1.0' encoding = 'UTF-8'?>
<Relation class="oracle.dbtools.crest.model.design.logical.Relation" name="fk_funcionario_cargo" directorySegmentName="seg_0" id="1C2BDD3D-C42A-6CB3-F5A4-2065D5885A9E">
<createdBy>sidi</createdBy>
<createdTime>2015-09-08 00:58:47 UTC</createdTime>
<generatorID>Gerado pelo usuário</generatorID>
<ownerDesignName>modelo_v03</ownerDesignName>
<importedID>17589EE0-05BD-9A8A-C6CB-0314A1B61778</importedID>
<engineerTo>
<item key="5717F7DC-5FAE-37A9-1A77-C8C90409988D" value="true"/>
</engineerTo>
<sourcePk>7EF1A693-A746-E74F-1F6C-48CE715AF979</sourcePk>
<identifying>false</identifying>
<optionalSource>true</optionalSource>
<optionalTarget>false</optionalTarget>
<sourceCardinality>1</sourceCardinality>
<sourceEntity>6E07D27C-B94F-F7CE-5F14-D1309C921AAC</sourceEntity>
<targetCardinalityString>*</targetCardinalityString>
<targetEntity>4E751013-C05F-B146-352F-24891ACC6D61</targetEntity>
<transferable>true</transferable>
<deleteRule>NO ACTION</deleteRule>
</Relation>