<?xml version = '1.0' encoding = 'UTF-8'?>
<Relation class="oracle.dbtools.crest.model.design.logical.Relation" name="fk_comp_item_ent_estoque" directorySegmentName="seg_0" id="29743508-3B73-5B00-F3AB-26C3B90DF40A">
<createdBy>Marcelo Dias</createdBy>
<createdTime>2015-09-20 16:59:58 UTC</createdTime>
<generatorID>Gerado pelo usuário</generatorID>
<ownerDesignName>modelo_v03</ownerDesignName>
<engineerTo>
<item key="5717F7DC-5FAE-37A9-1A77-C8C90409988D" value="true"/>
</engineerTo>
<sourcePk>9869AFC1-DBFC-922F-F097-08B21CBA8A44</sourcePk>
<targetPk>CFD7C924-08F1-1D28-92CD-1B7769148386</targetPk>
<identifying>false</identifying>
<optionalSource>false</optionalSource>
<optionalTarget>false</optionalTarget>
<sourceCardinality>1</sourceCardinality>
<sourceEntity>05E7095D-76C1-85D7-3A39-948948DED37F</sourceEntity>
<targetCardinalityString>1</targetCardinalityString>
<targetEntity>79377EBE-B8E2-F7A8-E48F-2204CA8951B5</targetEntity>
<transferable>true</transferable>
<deleteRule>NO ACTION</deleteRule>
</Relation>