<?xml version = '1.0' encoding = 'UTF-8'?>
<Relation class="oracle.dbtools.crest.model.design.logical.Relation" name="FK_PGTO_FORM_PGTO" directorySegmentName="seg_0" id="2EBEFEBF-E04E-84F6-B808-F40B60A28D95">
<createdBy>luiz.castro</createdBy>
<createdTime>2015-09-28 18:50:22 UTC</createdTime>
<comment>Relacionamento entre as tabelas Formas de Pagamento e Pagameno</comment>
<commentInRDBMS>Relacionamento entre as tabelas Formas de Pagamento e Pagameno</commentInRDBMS>
<generatorID>Gerado pelo usuário</generatorID>
<ownerDesignName>modelo_v03</ownerDesignName>
<engineerTo>
<item key="5717F7DC-5FAE-37A9-1A77-C8C90409988D" value="true"/>
</engineerTo>
<sourcePk>743718D8-CD55-11B1-E19A-D56F69F6F46D</sourcePk>
<targetPk>D70E0869-ECE1-6413-5B88-D46B33A36A27</targetPk>
<identifying>false</identifying>
<nameOnSource>FAZ PARTE</nameOnSource>
<nameOnTarget>POSSUI</nameOnTarget>
<optionalSource>false</optionalSource>
<optionalTarget>false</optionalTarget>
<sourceCardinality>1</sourceCardinality>
<sourceEntity>57AF6E56-C25C-1BAE-4E4B-4C97892C781C</sourceEntity>
<targetCardinalityString>*</targetCardinalityString>
<targetEntity>CBF2C9D1-615A-59B2-F0FB-986BE8672939</targetEntity>
<transferable>true</transferable>
<deleteRule>NO ACTION</deleteRule>
</Relation>