<?xml version = '1.0' encoding = 'UTF-8'?>
<Relation class="oracle.dbtools.crest.model.design.logical.Relation" name="fk_venda_item_venda" directorySegmentName="seg_0" id="330C4985-B0C9-B3F0-B137-615B709593D5">
<createdBy>sidi</createdBy>
<createdTime>2015-09-08 00:58:47 UTC</createdTime>
<generatorID>Gerado pelo usuário</generatorID>
<ownerDesignName>modelo_v03</ownerDesignName>
<importedID>139E6573-81E4-6D10-D8E9-15AA3978BC98</importedID>
<engineerTo>
<item key="5717F7DC-5FAE-37A9-1A77-C8C90409988D" value="true"/>
</engineerTo>
<sourcePk>EC26E231-DD6A-979B-5519-F5CDADC0A08C</sourcePk>
<identifying>true</identifying>
<nameOnSource>Possui</nameOnSource>
<nameOnTarget>Pertence</nameOnTarget>
<optionalSource>false</optionalSource>
<optionalTarget>false</optionalTarget>
<sourceCardinality>1</sourceCardinality>
<sourceEntity>3D20F067-30A2-D92E-1E64-AF194A3559C8</sourceEntity>
<targetCardinalityString>*</targetCardinalityString>
<targetEntity>EA55CAC2-144F-B122-DD7D-570BB56395FF</targetEntity>
<transferable>true</transferable>
<deleteRule>NO ACTION</deleteRule>
</Relation>