<?xml version = '1.0' encoding = 'UTF-8'?>
<Relation class="oracle.dbtools.crest.model.design.logical.Relation" name="fk_nota_fisc_impo_item" directorySegmentName="seg_0" id="333AF647-B227-89A8-E79F-396F9861910D">
<createdBy>Marcelo Dias</createdBy>
<createdTime>2015-09-20 20:14:32 UTC</createdTime>
<generatorID>Gerado pelo usuário</generatorID>
<ownerDesignName>modelo_v03</ownerDesignName>
<engineerTo>
<item key="5717F7DC-5FAE-37A9-1A77-C8C90409988D" value="true"/>
</engineerTo>
<sourcePk>46D6E7C9-29BA-9054-EC62-BACD5B6D92D4</sourcePk>
<identifying>false</identifying>
<optionalSource>true</optionalSource>
<optionalTarget>true</optionalTarget>
<sourceCardinality>1</sourceCardinality>
<sourceEntity>E4746584-DAE5-36C3-9D21-55B2028D1D01</sourceEntity>
<targetCardinalityString>*</targetCardinalityString>
<targetEntity>3CB0D009-B7B2-F57B-3E45-EDA82B3963F0</targetEntity>
<transferable>true</transferable>
<deleteRule>NO ACTION</deleteRule>
</Relation>