<?xml version = '1.0' encoding = 'UTF-8'?>
<Relation class="oracle.dbtools.crest.model.design.logical.Relation" name="R_PROM_GRUP_PROD" directorySegmentName="seg_0" id="33795DE9-DE3D-040D-3859-F5248BBC2317">
<createdBy>rm74585</createdBy>
<createdTime>2016-04-26 13:20:51 UTC</createdTime>
<ownerDesignName>modelo_v03</ownerDesignName>
<engineerTo>
<item key="5717F7DC-5FAE-37A9-1A77-C8C90409988D" value="true"/>
</engineerTo>
<sourcePk>0D07D2F8-3CBA-BD88-6320-03D20C38CFBA</sourcePk>
<targetPk>6A704828-0642-26FE-7424-CDD11808F2A8</targetPk>
<identifying>false</identifying>
<optionalSource>false</optionalSource>
<optionalTarget>true</optionalTarget>
<sourceCardinality>1</sourceCardinality>
<sourceEntity>11D59FED-B2F6-D724-EF17-34156ED2B4B2</sourceEntity>
<targetCardinalityString>1</targetCardinalityString>
<targetEntity>278C6544-4613-8F74-E759-D739DBCF7681</targetEntity>
<transferable>true</transferable>
<deleteRule>NO ACTION</deleteRule>
</Relation>