<?xml version = '1.0' encoding = 'UTF-8'?>
<Relation class="oracle.dbtools.crest.model.design.logical.Relation" name="fk_produto_venda_item" directorySegmentName="seg_0" id="461DFD2A-8630-D742-D6C4-5A95C09C9391">
<createdBy>Marcelo Dias</createdBy>
<createdTime>2015-09-12 15:12:33 UTC</createdTime>
<generatorID>Gerado pelo usuário</generatorID>
<ownerDesignName>modelo_v03</ownerDesignName>
<engineerTo>
<item key="5717F7DC-5FAE-37A9-1A77-C8C90409988D" value="true"/>
</engineerTo>
<sourcePk>6A704828-0642-26FE-7424-CDD11808F2A8</sourcePk>
<identifying>false</identifying>
<nameOnSource>Pertence</nameOnSource>
<nameOnTarget>Possui</nameOnTarget>
<optionalSource>true</optionalSource>
<optionalTarget>false</optionalTarget>
<sourceCardinality>1</sourceCardinality>
<sourceEntity>278C6544-4613-8F74-E759-D739DBCF7681</sourceEntity>
<targetCardinalityString>*</targetCardinalityString>
<targetEntity>EA55CAC2-144F-B122-DD7D-570BB56395FF</targetEntity>
<transferable>true</transferable>
<deleteRule>NO ACTION</deleteRule>
</Relation>