<?xml version = '1.0' encoding = 'UTF-8'?>
<Relation class="oracle.dbtools.crest.model.design.logical.Relation" name="R_PROM_VEND" directorySegmentName="seg_0" id="47992BBD-A1D2-12A8-6F16-EB3C933E70DA">
<createdBy>rm74585</createdBy>
<createdTime>2016-04-26 13:26:08 UTC</createdTime>
<ownerDesignName>modelo_v03</ownerDesignName>
<engineerTo>
<item key="5717F7DC-5FAE-37A9-1A77-C8C90409988D" value="true"/>
</engineerTo>
<identifying>false</identifying>
<optionalSource>true</optionalSource>
<optionalTarget>false</optionalTarget>
<sourceCardinality>*</sourceCardinality>
<sourceEntity>E7E9F1A3-2F57-D67E-481E-2FA2B4D371F6</sourceEntity>
<targetCardinalityString>*</targetCardinalityString>
<targetEntity>3D20F067-30A2-D92E-1E64-AF194A3559C8</targetEntity>
<transferable>true</transferable>
<deleteRule>NO ACTION</deleteRule>
</Relation>