<?xml version = '1.0' encoding = 'UTF-8'?>
<Relation class="oracle.dbtools.crest.model.design.logical.Relation" name="fk_nota_fiscal_compra" directorySegmentName="seg_0" id="53337346-21C1-42A0-9066-E4DBA2AAD620">
<createdBy>Marcelo Dias</createdBy>
<createdTime>2015-09-12 18:23:46 UTC</createdTime>
<generatorID>Gerado pelo usuário</generatorID>
<ownerDesignName>modelo_v03</ownerDesignName>
<engineerTo>
<item key="5717F7DC-5FAE-37A9-1A77-C8C90409988D" value="true"/>
</engineerTo>
<sourcePk>4246E58C-D4F4-8CF3-3306-26BCBBD85306</sourcePk>
<identifying>false</identifying>
<nameOnSource>Possui</nameOnSource>
<nameOnTarget>Pertence</nameOnTarget>
<optionalSource>false</optionalSource>
<optionalTarget>true</optionalTarget>
<sourceCardinality>1</sourceCardinality>
<sourceEntity>FD009696-3BE5-21BD-61B8-4F99B40DC315</sourceEntity>
<targetCardinalityString>*</targetCardinalityString>
<targetEntity>3CB0D009-B7B2-F57B-3E45-EDA82B3963F0</targetEntity>
<transferable>true</transferable>
<deleteRule>NO ACTION</deleteRule>
</Relation>