<?xml version = '1.0' encoding = 'UTF-8'?>
<Relation class="oracle.dbtools.crest.model.design.logical.Relation" name="fk_nota_fiscal_venda" directorySegmentName="seg_0" id="59E50175-4133-129D-EC7B-BA1816F60613">
<createdBy>Marcelo Dias</createdBy>
<createdTime>2015-09-12 18:21:47 UTC</createdTime>
<generatorID>Gerado pelo usuário</generatorID>
<ownerDesignName>modelo_v03</ownerDesignName>
<engineerTo>
<item key="5717F7DC-5FAE-37A9-1A77-C8C90409988D" value="true"/>
</engineerTo>
<sourcePk>EC26E231-DD6A-979B-5519-F5CDADC0A08C</sourcePk>
<identifying>false</identifying>
<nameOnSource>Possui</nameOnSource>
<nameOnTarget>Pertence</nameOnTarget>
<optionalSource>false</optionalSource>
<optionalTarget>true</optionalTarget>
<sourceCardinality>1</sourceCardinality>
<sourceEntity>3D20F067-30A2-D92E-1E64-AF194A3559C8</sourceEntity>
<targetCardinalityString>*</targetCardinalityString>
<targetEntity>3CB0D009-B7B2-F57B-3E45-EDA82B3963F0</targetEntity>
<transferable>true</transferable>
<deleteRule>NO ACTION</deleteRule>
</Relation>