<?xml version = '1.0' encoding = 'UTF-8'?>
<Relation class="oracle.dbtools.crest.model.design.logical.Relation" name="FK_CATE_PROD" directorySegmentName="seg_0" id="5D18B6B0-BD6B-06C4-4772-59FAAAB4E5E9">
<createdBy>Gabriel Garcia</createdBy>
<createdTime>2016-04-05 20:29:44 UTC</createdTime>
<ownerDesignName>modelo_v03</ownerDesignName>
<engineerTo>
<item key="5717F7DC-5FAE-37A9-1A77-C8C90409988D" value="true"/>
</engineerTo>
<sourcePk>B8B7E412-C920-DFFB-37E5-0A7B87B52E40</sourcePk>
<identifying>false</identifying>
<optionalSource>true</optionalSource>
<optionalTarget>false</optionalTarget>
<sourceCardinality>1</sourceCardinality>
<sourceEntity>23A1FE30-33AA-E274-CFBC-9097E0F0CA6F</sourceEntity>
<targetCardinalityString>*</targetCardinalityString>
<targetEntity>278C6544-4613-8F74-E759-D739DBCF7681</targetEntity>
<transferable>true</transferable>
<deleteRule>NO ACTION</deleteRule>
</Relation>