<?xml version = '1.0' encoding = 'UTF-8'?>
<Relation class="oracle.dbtools.crest.model.design.logical.Relation" name="fk_endreco_fornecedor" directorySegmentName="seg_0" id="5E2E0CD4-C294-BD53-31E1-7CB8F1C62771">
<createdBy>Marcelo Dias</createdBy>
<createdTime>2015-09-12 17:15:42 UTC</createdTime>
<generatorID>Gerado pelo usuário</generatorID>
<ownerDesignName>modelo_v03</ownerDesignName>
<engineerTo>
<item key="5717F7DC-5FAE-37A9-1A77-C8C90409988D" value="true"/>
</engineerTo>
<sourcePk>B3546D01-40FD-60EF-D18E-8511E24536D1</sourcePk>
<targetPk>C294D130-49A6-8DE1-64AE-7D3DD838D426</targetPk>
<identifying>false</identifying>
<nameOnSource>Possui</nameOnSource>
<nameOnTarget>Pertence</nameOnTarget>
<optionalSource>true</optionalSource>
<optionalTarget>false</optionalTarget>
<sourceCardinality>*</sourceCardinality>
<sourceEntity>FAAB106F-5C5D-A9DE-B87F-0DA85E7A008F</sourceEntity>
<targetCardinalityString>1</targetCardinalityString>
<targetEntity>16291A1C-3A0B-573F-0E31-A788E2628E4F</targetEntity>
<transferable>true</transferable>
<deleteRule>NO ACTION</deleteRule>
</Relation>