<?xml version = '1.0' encoding = 'UTF-8'?>
<Relation class="oracle.dbtools.crest.model.design.logical.Relation" name="fk_venda_cliente" directorySegmentName="seg_0" id="6827FB22-7275-750A-C6D8-C05551BC8F24">
<createdBy>sidi</createdBy>
<createdTime>2015-09-08 00:58:47 UTC</createdTime>
<generatorID>Gerado pelo usuário</generatorID>
<ownerDesignName>modelo_v03</ownerDesignName>
<importedID>65A6A8BA-134B-8EC5-D68C-545EDA15FDB6</importedID>
<engineerTo>
<item key="5717F7DC-5FAE-37A9-1A77-C8C90409988D" value="true"/>
</engineerTo>
<sourcePk>39C3B99F-BB09-7A2F-49AF-B5EF9D413A6B</sourcePk>
<identifying>false</identifying>
<nameOnSource>Efetua</nameOnSource>
<nameOnTarget>Pertence</nameOnTarget>
<optionalSource>true</optionalSource>
<optionalTarget>false</optionalTarget>
<sourceCardinality>1</sourceCardinality>
<sourceEntity>5B16D54F-03AE-5E47-7706-D3A57C3EFB81</sourceEntity>
<targetCardinalityString>*</targetCardinalityString>
<targetEntity>3D20F067-30A2-D92E-1E64-AF194A3559C8</targetEntity>
<transferable>true</transferable>
<deleteRule>NO ACTION</deleteRule>
</Relation>