<?xml version = '1.0' encoding = 'UTF-8'?>
<Relation class="oracle.dbtools.crest.model.design.logical.Relation" name="fk_compra_compra_item" directorySegmentName="seg_0" id="69AEB758-C92C-C08C-7DC5-5D97712783B5">
<createdBy>Marcelo Dias</createdBy>
<createdTime>2015-09-12 18:10:25 UTC</createdTime>
<generatorID>Gerado pelo usuário</generatorID>
<ownerDesignName>modelo_v03</ownerDesignName>
<engineerTo>
<item key="5717F7DC-5FAE-37A9-1A77-C8C90409988D" value="true"/>
</engineerTo>
<sourcePk>4246E58C-D4F4-8CF3-3306-26BCBBD85306</sourcePk>
<identifying>true</identifying>
<nameOnSource>Possui</nameOnSource>
<nameOnTarget>Pertence</nameOnTarget>
<optionalSource>false</optionalSource>
<optionalTarget>false</optionalTarget>
<sourceCardinality>1</sourceCardinality>
<sourceEntity>FD009696-3BE5-21BD-61B8-4F99B40DC315</sourceEntity>
<targetCardinalityString>*</targetCardinalityString>
<targetEntity>05E7095D-76C1-85D7-3A39-948948DED37F</targetEntity>
<transferable>true</transferable>
<deleteRule>NO ACTION</deleteRule>
</Relation>