<?xml version = '1.0' encoding = 'UTF-8'?>
<Relation class="oracle.dbtools.crest.model.design.logical.Relation" name="fk_nota_fisc_natu_oper_nfe" directorySegmentName="seg_0" id="6D4323F2-B836-22A2-29B5-B81FC73D2C37">
<createdBy>Marcelo Dias</createdBy>
<createdTime>2015-09-20 20:03:34 UTC</createdTime>
<generatorID>Gerado pelo usuário</generatorID>
<ownerDesignName>modelo_v03</ownerDesignName>
<engineerTo>
<item key="5717F7DC-5FAE-37A9-1A77-C8C90409988D" value="true"/>
</engineerTo>
<sourcePk>D9E5BB04-B3F3-6FFA-2AF0-4EEBCDFC36E3</sourcePk>
<identifying>false</identifying>
<nameOnSource>Pertence</nameOnSource>
<nameOnTarget>Possui</nameOnTarget>
<optionalSource>true</optionalSource>
<optionalTarget>false</optionalTarget>
<sourceCardinality>1</sourceCardinality>
<sourceEntity>1E72E63D-2013-3317-BA23-58E441753C3E</sourceEntity>
<targetCardinalityString>*</targetCardinalityString>
<targetEntity>3CB0D009-B7B2-F57B-3E45-EDA82B3963F0</targetEntity>
<transferable>true</transferable>
<deleteRule>NO ACTION</deleteRule>
</Relation>