<?xml version = '1.0' encoding = 'UTF-8'?>
<Relation class="oracle.dbtools.crest.model.design.logical.Relation" name="R_PESQ_FUNC" directorySegmentName="seg_0" id="6DB97B07-38FC-1D42-78DD-4235A13F87B1">
<createdBy>Bloorc</createdBy>
<createdTime>2015-10-02 19:42:12 UTC</createdTime>
<generatorID>Gerado pelo usuário</generatorID>
<ownerDesignName>modelo_v03</ownerDesignName>
<engineerTo>
<item key="5717F7DC-5FAE-37A9-1A77-C8C90409988D" value="true"/>
</engineerTo>
<sourcePk>5675F0B1-7822-898F-0714-2DF5783711B5</sourcePk>
<targetPk>A75FE107-8965-1D07-D18D-87131FC4E9D5</targetPk>
<identifying>false</identifying>
<nameOnSource>Corresponde</nameOnSource>
<nameOnTarget>Corresponde</nameOnTarget>
<optionalSource>false</optionalSource>
<optionalTarget>true</optionalTarget>
<sourceCardinality>1</sourceCardinality>
<sourceEntity>5C1EE33A-B1B4-5CBD-7650-888EDC7F2165</sourceEntity>
<targetCardinalityString>1</targetCardinalityString>
<targetEntity>4E751013-C05F-B146-352F-24891ACC6D61</targetEntity>
<transferable>true</transferable>
<deleteRule>NO ACTION</deleteRule>
</Relation>