<?xml version = '1.0' encoding = 'UTF-8'?>
<Relation class="oracle.dbtools.crest.model.design.logical.Relation" name="fk_telefone_pais" directorySegmentName="seg_0" id="8A4295B8-D554-B9A5-78C7-04540125CAAA">
<createdBy>Marcelo Dias</createdBy>
<createdTime>2015-09-12 15:07:00 UTC</createdTime>
<generatorID>Gerado pelo usuário</generatorID>
<ownerDesignName>modelo_v03</ownerDesignName>
<engineerTo>
<item key="5717F7DC-5FAE-37A9-1A77-C8C90409988D" value="true"/>
</engineerTo>
<targetTransferable>false</targetTransferable>
<targetPk>11188A0D-D122-D6DA-6EDA-CCA26416565C</targetPk>
<identifying>false</identifying>
<nameOnSource>Pertence</nameOnSource>
<nameOnTarget>Possui</nameOnTarget>
<optionalSource>true</optionalSource>
<optionalTarget>true</optionalTarget>
<sourceCardinality>*</sourceCardinality>
<sourceEntity>46E63D51-F548-0D46-24BD-EA96CEBEBE70</sourceEntity>
<targetCardinalityString>1</targetCardinalityString>
<targetEntity>64C020A7-387F-9D7E-EF9C-D7847497330E</targetEntity>
<transferable>true</transferable>
<deleteRule>NO ACTION</deleteRule>
</Relation>