<?xml version = '1.0' encoding = 'UTF-8'?>
<Relation class="oracle.dbtools.crest.model.design.logical.Relation" name="fk_telefone_cliente" directorySegmentName="seg_0" id="9562E267-C497-2386-6CDE-71220C687BD2">
<createdBy>Marcelo Dias</createdBy>
<createdTime>2016-05-18 13:07:32 UTC</createdTime>
<generatorID>Gerado pelo usuário</generatorID>
<ownerDesignName>modelo_v03</ownerDesignName>
<engineerTo>
<item key="5717F7DC-5FAE-37A9-1A77-C8C90409988D" value="true"/>
</engineerTo>
<sourcePk>39C3B99F-BB09-7A2F-49AF-B5EF9D413A6B</sourcePk>
<identifying>false</identifying>
<optionalSource>true</optionalSource>
<optionalTarget>true</optionalTarget>
<sourceCardinality>1</sourceCardinality>
<sourceEntity>5B16D54F-03AE-5E47-7706-D3A57C3EFB81</sourceEntity>
<targetCardinalityString>*</targetCardinalityString>
<targetEntity>46E63D51-F548-0D46-24BD-EA96CEBEBE70</targetEntity>
<transferable>true</transferable>
<deleteRule>NO ACTION</deleteRule>
</Relation>