<?xml version = '1.0' encoding = 'UTF-8'?>
<Relation class="oracle.dbtools.crest.model.design.logical.Relation" name="fk_venda_funcionario" directorySegmentName="seg_0" id="99EB1CB8-5F56-A264-5073-B61D83072616">
<createdBy>sidi</createdBy>
<createdTime>2015-09-08 00:58:47 UTC</createdTime>
<generatorID>Gerado pelo usuário</generatorID>
<ownerDesignName>modelo_v03</ownerDesignName>
<importedID>8EB98312-77F8-3F6F-7539-0F41741477CC</importedID>
<engineerTo>
<item key="5717F7DC-5FAE-37A9-1A77-C8C90409988D" value="true"/>
</engineerTo>
<sourcePk>A75FE107-8965-1D07-D18D-87131FC4E9D5</sourcePk>
<identifying>false</identifying>
<optionalSource>true</optionalSource>
<optionalTarget>false</optionalTarget>
<sourceCardinality>1</sourceCardinality>
<sourceEntity>4E751013-C05F-B146-352F-24891ACC6D61</sourceEntity>
<targetCardinalityString>*</targetCardinalityString>
<targetEntity>3D20F067-30A2-D92E-1E64-AF194A3559C8</targetEntity>
<transferable>true</transferable>
<deleteRule>NO ACTION</deleteRule>
</Relation>