<?xml version = '1.0' encoding = 'UTF-8'?>
<Relation class="oracle.dbtools.crest.model.design.logical.Relation" name="fk_cidade_estado" directorySegmentName="seg_0" id="9CC4A034-22F6-071D-322F-3FA4365518BA">
<createdBy>sidi</createdBy>
<createdTime>2015-09-08 00:58:48 UTC</createdTime>
<generatorID>Gerado pelo usuário</generatorID>
<ownerDesignName>modelo_v03</ownerDesignName>
<importedID>B1764B5E-794D-E856-C88C-EE527CA1782A</importedID>
<engineerTo>
<item key="5717F7DC-5FAE-37A9-1A77-C8C90409988D" value="true"/>
</engineerTo>
<sourcePk>B9CA4755-E644-48C5-2E4E-C946A991C2A0</sourcePk>
<identifying>false</identifying>
<nameOnSource>Possui</nameOnSource>
<nameOnTarget>Pertence</nameOnTarget>
<optionalSource>true</optionalSource>
<optionalTarget>false</optionalTarget>
<sourceCardinality>1</sourceCardinality>
<sourceEntity>DA278474-6E6E-20B6-0267-574B7B03819C</sourceEntity>
<targetCardinalityString>*</targetCardinalityString>
<targetEntity>1D2CA5A7-8854-4314-288D-C74D6CB042F4</targetEntity>
<transferable>true</transferable>
<deleteRule>NO ACTION</deleteRule>
</Relation>