<?xml version = '1.0' encoding = 'UTF-8'?>
<Relation class="oracle.dbtools.crest.model.design.logical.Relation" name="fk_produto_imposto" directorySegmentName="seg_0" id="A0C710ED-6766-AB16-144D-937B3A4E6314">
<createdBy>Marcelo Dias</createdBy>
<createdTime>2015-09-20 19:52:18 UTC</createdTime>
<generatorID>Gerado pelo usuário</generatorID>
<ownerDesignName>modelo_v03</ownerDesignName>
<engineerTo>
<item key="5717F7DC-5FAE-37A9-1A77-C8C90409988D" value="true"/>
</engineerTo>
<sourcePk>46D6E7C9-29BA-9054-EC62-BACD5B6D92D4</sourcePk>
<targetPk>6A704828-0642-26FE-7424-CDD11808F2A8</targetPk>
<identifying>false</identifying>
<nameOnSource>Pertence</nameOnSource>
<nameOnTarget>possui</nameOnTarget>
<optionalSource>true</optionalSource>
<optionalTarget>true</optionalTarget>
<sourceCardinality>*</sourceCardinality>
<sourceEntity>E4746584-DAE5-36C3-9D21-55B2028D1D01</sourceEntity>
<targetCardinalityString>1</targetCardinalityString>
<targetEntity>278C6544-4613-8F74-E759-D739DBCF7681</targetEntity>
<transferable>true</transferable>
<deleteRule>NO ACTION</deleteRule>
</Relation>