<?xml version = '1.0' encoding = 'UTF-8'?>
<Relation class="oracle.dbtools.crest.model.design.logical.Relation" name="fk_estoque_ent_estoque" directorySegmentName="seg_0" id="A79DE3A2-CC19-B7EC-CEAA-E6EE83B1CA4D">
<createdBy>rm71045</createdBy>
<createdTime>2015-09-28 14:42:53 UTC</createdTime>
<generatorID>Gerado pelo usuário</generatorID>
<ownerDesignName>modelo_v03</ownerDesignName>
<engineerTo>
<item key="5717F7DC-5FAE-37A9-1A77-C8C90409988D" value="true"/>
</engineerTo>
<sourcePk>CFD7C924-08F1-1D28-92CD-1B7769148386</sourcePk>
<targetPk>E3BA5BCB-A570-3133-C167-2870360AAA27</targetPk>
<identifying>false</identifying>
<nameOnSource>pertence</nameOnSource>
<nameOnTarget>possui</nameOnTarget>
<optionalSource>false</optionalSource>
<optionalTarget>true</optionalTarget>
<sourceCardinality>*</sourceCardinality>
<sourceEntity>79377EBE-B8E2-F7A8-E48F-2204CA8951B5</sourceEntity>
<targetCardinalityString>1</targetCardinalityString>
<targetEntity>F3E394AE-ABEB-1450-4046-3A7AD17B8690</targetEntity>
<transferable>true</transferable>
<deleteRule>NO ACTION</deleteRule>
</Relation>