<?xml version = '1.0' encoding = 'UTF-8'?>
<Relation class="oracle.dbtools.crest.model.design.logical.Relation" name="FK_CATE_CATE" directorySegmentName="seg_0" id="A9156326-F4F4-D7CE-3E35-402B336B4CA9">
<createdBy>Gabriel Garcia</createdBy>
<createdTime>2016-04-05 20:29:56 UTC</createdTime>
<ownerDesignName>modelo_v03</ownerDesignName>
<engineerTo>
<item key="5717F7DC-5FAE-37A9-1A77-C8C90409988D" value="true"/>
</engineerTo>
<targetPk>B8B7E412-C920-DFFB-37E5-0A7B87B52E40</targetPk>
<identifying>false</identifying>
<optionalSource>true</optionalSource>
<optionalTarget>false</optionalTarget>
<sourceCardinality>1</sourceCardinality>
<sourceEntity>23A1FE30-33AA-E274-CFBC-9097E0F0CA6F</sourceEntity>
<targetCardinalityString>*</targetCardinalityString>
<targetEntity>23A1FE30-33AA-E274-CFBC-9097E0F0CA6F</targetEntity>
<transferable>true</transferable>
<deleteRule>NO ACTION</deleteRule>
</Relation>