<?xml version = '1.0' encoding = 'UTF-8'?>
<Relation class="oracle.dbtools.crest.model.design.logical.Relation" name="R_EVENTO_FIIAL" directorySegmentName="seg_0" id="A94AF36A-90AC-0C5C-3F0A-5E8FEC04B4D7">
<createdBy>Marcelo Dias</createdBy>
<createdTime>2016-05-18 11:33:02 UTC</createdTime>
<generatorID>Gerado pelo usuário</generatorID>
<ownerDesignName>modelo_v03</ownerDesignName>
<engineerTo>
<item key="5717F7DC-5FAE-37A9-1A77-C8C90409988D" value="true"/>
</engineerTo>
<identifying>false</identifying>
<nameOnSource>pertence</nameOnSource>
<nameOnTarget>possui</nameOnTarget>
<optionalSource>true</optionalSource>
<optionalTarget>true</optionalTarget>
<sourceCardinality>*</sourceCardinality>
<sourceEntity>32D2E744-0DD5-D8E2-9B50-81B81AE14856</sourceEntity>
<targetCardinalityString>*</targetCardinalityString>
<targetEntity>1C83C434-3946-A69A-4440-64809754A53B</targetEntity>
<transferable>true</transferable>
<deleteRule>NO ACTION</deleteRule>
</Relation>