<?xml version = '1.0' encoding = 'UTF-8'?>
<Relation class="oracle.dbtools.crest.model.design.logical.Relation" name="fk_funcionario_funcionario" directorySegmentName="seg_0" id="ADCEEEEA-0C7E-BFE4-2028-C4DF39C851A3">
<createdBy>sidi</createdBy>
<createdTime>2015-09-08 00:58:47 UTC</createdTime>
<generatorID>Gerado pelo usuário</generatorID>
<ownerDesignName>modelo_v03</ownerDesignName>
<importedID>7E96ADDA-915A-254F-6B46-449750295049</importedID>
<engineerTo>
<item key="5717F7DC-5FAE-37A9-1A77-C8C90409988D" value="true"/>
</engineerTo>
<targetPk>A75FE107-8965-1D07-D18D-87131FC4E9D5</targetPk>
<identifying>false</identifying>
<nameOnSource>Possui</nameOnSource>
<nameOnTarget>Pertence</nameOnTarget>
<optionalSource>true</optionalSource>
<optionalTarget>false</optionalTarget>
<sourceCardinality>1</sourceCardinality>
<sourceEntity>4E751013-C05F-B146-352F-24891ACC6D61</sourceEntity>
<targetCardinalityString>*</targetCardinalityString>
<targetEntity>4E751013-C05F-B146-352F-24891ACC6D61</targetEntity>
<transferable>true</transferable>
<deleteRule>NO ACTION</deleteRule>
</Relation>