<?xml version = '1.0' encoding = 'UTF-8'?>
<Relation class="oracle.dbtools.crest.model.design.logical.Relation" name="FK_ADMT_CART_FORM_PGTO" directorySegmentName="seg_0" id="B1C98BFD-1D9C-B707-18D8-A04AFD082807">
<createdBy>luiz.castro</createdBy>
<createdTime>2015-09-28 19:40:39 UTC</createdTime>
<comment>Relacionamento entre as tabelas FORMA_PAGAMENTO E ADMINISTRADORAS_CARTAO, onde define a administradora do cartão que será utilizado na venda</comment>
<commentInRDBMS>Relacionamento entre as tabelas FORMA_PAGAMENTO E ADMINISTRADORAS_CARTAO, onde define a administradora do cartão que será utilizado na venda</commentInRDBMS>
<generatorID>Gerado pelo usuário</generatorID>
<ownerDesignName>modelo_v03</ownerDesignName>
<engineerTo>
<item key="5717F7DC-5FAE-37A9-1A77-C8C90409988D" value="true"/>
</engineerTo>
<sourcePk>0FD5400C-B1BE-2232-9E72-68AE1B2C891F</sourcePk>
<targetPk>743718D8-CD55-11B1-E19A-D56F69F6F46D</targetPk>
<identifying>false</identifying>
<nameOnSource>É de</nameOnSource>
<nameOnTarget>POSSUI</nameOnTarget>
<optionalSource>true</optionalSource>
<optionalTarget>false</optionalTarget>
<sourceCardinality>1</sourceCardinality>
<sourceEntity>90DC8163-5D4B-ED19-FB19-1D123D4A1192</sourceEntity>
<targetCardinalityString>*</targetCardinalityString>
<targetEntity>57AF6E56-C25C-1BAE-4E4B-4C97892C781C</targetEntity>
<transferable>true</transferable>
<deleteRule>NO ACTION</deleteRule>
</Relation>