<?xml version = '1.0' encoding = 'UTF-8'?>
<Relation class="oracle.dbtools.crest.model.design.logical.Relation" name="fk_estoque_sai_estoque" directorySegmentName="seg_0" id="B5DA5AC6-F9C0-508A-545D-3D56C99D4717">
<createdBy>Marcelo Dias</createdBy>
<createdTime>2015-09-20 17:32:59 UTC</createdTime>
<generatorID>Gerado pelo usuário</generatorID>
<ownerDesignName>modelo_v03</ownerDesignName>
<engineerTo>
<item key="5717F7DC-5FAE-37A9-1A77-C8C90409988D" value="true"/>
</engineerTo>
<sourcePk>B502E900-DE29-C5BC-6A25-91A33D9C6953</sourcePk>
<targetPk>E3BA5BCB-A570-3133-C167-2870360AAA27</targetPk>
<identifying>false</identifying>
<nameOnSource>pertence</nameOnSource>
<nameOnTarget>possui</nameOnTarget>
<optionalSource>false</optionalSource>
<optionalTarget>true</optionalTarget>
<sourceCardinality>*</sourceCardinality>
<sourceEntity>FEC21434-330F-BF3E-6DD0-002DE3256F9A</sourceEntity>
<targetCardinalityString>1</targetCardinalityString>
<targetEntity>F3E394AE-ABEB-1450-4046-3A7AD17B8690</targetEntity>
<transferable>true</transferable>
<deleteRule>NO ACTION</deleteRule>
</Relation>