<?xml version = '1.0' encoding = 'UTF-8'?>
<Relation class="oracle.dbtools.crest.model.design.logical.Relation" name="fk_telefone_fornecedor" directorySegmentName="seg_0" id="BF533592-9732-333F-1950-365A8EE00553">
<createdBy>Marcelo Dias</createdBy>
<createdTime>2016-05-18 13:11:02 UTC</createdTime>
<generatorID>Gerado pelo usuário</generatorID>
<ownerDesignName>modelo_v03</ownerDesignName>
<engineerTo>
<item key="5717F7DC-5FAE-37A9-1A77-C8C90409988D" value="true"/>
</engineerTo>
<sourcePk>54891A35-71F8-8B01-E139-A11B42DF3966</sourcePk>
<targetPk>B3546D01-40FD-60EF-D18E-8511E24536D1</targetPk>
<identifying>false</identifying>
<nameOnSource>Possui</nameOnSource>
<nameOnTarget>Pertence</nameOnTarget>
<optionalSource>true</optionalSource>
<optionalTarget>false</optionalTarget>
<sourceCardinality>*</sourceCardinality>
<sourceEntity>46E63D51-F548-0D46-24BD-EA96CEBEBE70</sourceEntity>
<targetCardinalityString>1</targetCardinalityString>
<targetEntity>FAAB106F-5C5D-A9DE-B87F-0DA85E7A008F</targetEntity>
<transferable>true</transferable>
<deleteRule>NO ACTION</deleteRule>
</Relation>