<?xml version = '1.0' encoding = 'UTF-8'?>
<Relation class="oracle.dbtools.crest.model.design.logical.Relation" name="R_PROM_GRUP_VEND" directorySegmentName="seg_0" id="C329DB0C-1FD6-78A0-6F3E-5E0A6FE9CC96">
<createdBy>rm74585</createdBy>
<createdTime>2016-04-26 13:26:46 UTC</createdTime>
<ownerDesignName>modelo_v03</ownerDesignName>
<engineerTo>
<item key="5717F7DC-5FAE-37A9-1A77-C8C90409988D" value="true"/>
</engineerTo>
<identifying>false</identifying>
<optionalSource>true</optionalSource>
<optionalTarget>true</optionalTarget>
<sourceCardinality>*</sourceCardinality>
<sourceEntity>11D59FED-B2F6-D724-EF17-34156ED2B4B2</sourceEntity>
<targetCardinalityString>*</targetCardinalityString>
<targetEntity>3D20F067-30A2-D92E-1E64-AF194A3559C8</targetEntity>
<transferable>true</transferable>
<deleteRule>NO ACTION</deleteRule>
</Relation>