<?xml version = '1.0' encoding = 'UTF-8'?>
<Relation class="oracle.dbtools.crest.model.design.logical.Relation" name="R_PROM_ITEM_PROD" directorySegmentName="seg_0" id="C8D5FBBD-30A0-4FC5-24AC-4A8800DF2483">
<createdBy>rm74585</createdBy>
<createdTime>2016-04-26 13:21:39 UTC</createdTime>
<ownerDesignName>modelo_v03</ownerDesignName>
<engineerTo>
<item key="5717F7DC-5FAE-37A9-1A77-C8C90409988D" value="true"/>
</engineerTo>
<sourcePk>37704030-A6ED-1D8C-A4AF-E39E9B11195B</sourcePk>
<targetPk>6A704828-0642-26FE-7424-CDD11808F2A8</targetPk>
<identifying>false</identifying>
<optionalSource>false</optionalSource>
<optionalTarget>true</optionalTarget>
<sourceCardinality>1</sourceCardinality>
<sourceEntity>18E955B8-BFE6-9A71-3F49-F50D98D2FDF8</sourceEntity>
<targetCardinalityString>1</targetCardinalityString>
<targetEntity>278C6544-4613-8F74-E759-D739DBCF7681</targetEntity>
<transferable>true</transferable>
<deleteRule>NO ACTION</deleteRule>
</Relation>