<?xml version = '1.0' encoding = 'UTF-8'?>
<Relation class="oracle.dbtools.crest.model.design.logical.Relation" name="fk_estoque_filial" directorySegmentName="seg_0" id="C96F8BF2-E19C-39BC-65B3-9F49FF24EFDF">
<createdBy>Marcelo Dias</createdBy>
<createdTime>2015-09-12 17:39:41 UTC</createdTime>
<generatorID>Gerado pelo usuário</generatorID>
<ownerDesignName>modelo_v03</ownerDesignName>
<engineerTo>
<item key="5717F7DC-5FAE-37A9-1A77-C8C90409988D" value="true"/>
</engineerTo>
<sourcePk>E3BA5BCB-A570-3133-C167-2870360AAA27</sourcePk>
<targetPk>61865247-85FE-796F-AC0A-DC1943082639</targetPk>
<identifying>false</identifying>
<nameOnSource>Pertence</nameOnSource>
<nameOnTarget>Possui</nameOnTarget>
<optionalSource>false</optionalSource>
<optionalTarget>false</optionalTarget>
<sourceCardinality>1</sourceCardinality>
<sourceEntity>F3E394AE-ABEB-1450-4046-3A7AD17B8690</sourceEntity>
<targetCardinalityString>1</targetCardinalityString>
<targetEntity>1C83C434-3946-A69A-4440-64809754A53B</targetEntity>
<transferable>true</transferable>
<deleteRule>NO ACTION</deleteRule>
</Relation>