<?xml version = '1.0' encoding = 'UTF-8'?>
<Relation class="oracle.dbtools.crest.model.design.logical.Relation" name="fk_compra_fornecedor" directorySegmentName="seg_0" id="CD014E7E-EB39-F672-2044-56378FE47198">
<createdBy>Marcelo Dias</createdBy>
<createdTime>2015-09-12 18:12:25 UTC</createdTime>
<generatorID>Gerado pelo usuário</generatorID>
<ownerDesignName>modelo_v03</ownerDesignName>
<engineerTo>
<item key="5717F7DC-5FAE-37A9-1A77-C8C90409988D" value="true"/>
</engineerTo>
<sourcePk>B3546D01-40FD-60EF-D18E-8511E24536D1</sourcePk>
<identifying>false</identifying>
<nameOnSource>Fornece</nameOnSource>
<nameOnTarget>Foi Efetuada</nameOnTarget>
<optionalSource>true</optionalSource>
<optionalTarget>false</optionalTarget>
<sourceCardinality>1</sourceCardinality>
<sourceEntity>FAAB106F-5C5D-A9DE-B87F-0DA85E7A008F</sourceEntity>
<targetCardinalityString>*</targetCardinalityString>
<targetEntity>FD009696-3BE5-21BD-61B8-4F99B40DC315</targetEntity>
<transferable>true</transferable>
<deleteRule>NO ACTION</deleteRule>
</Relation>