<?xml version = '1.0' encoding = 'UTF-8'?>
<Relation class="oracle.dbtools.crest.model.design.logical.Relation" name="FK_PROM_PROM_GRUPO" directorySegmentName="seg_0" id="D08BAF13-2D53-7C42-6B36-23B865A560A7">
<createdBy>Gabriel Garcia</createdBy>
<createdTime>2016-04-05 20:32:53 UTC</createdTime>
<ownerDesignName>modelo_v03</ownerDesignName>
<engineerTo>
<item key="5717F7DC-5FAE-37A9-1A77-C8C90409988D" value="true"/>
</engineerTo>
<sourcePk>FE5F3066-735A-383B-AE87-ECF2C42291E8</sourcePk>
<identifying>false</identifying>
<optionalSource>false</optionalSource>
<optionalTarget>true</optionalTarget>
<sourceCardinality>1</sourceCardinality>
<sourceEntity>E7E9F1A3-2F57-D67E-481E-2FA2B4D371F6</sourceEntity>
<targetCardinalityString>*</targetCardinalityString>
<targetEntity>11D59FED-B2F6-D724-EF17-34156ED2B4B2</targetEntity>
<transferable>true</transferable>
<deleteRule>NO ACTION</deleteRule>
</Relation>