<?xml version = '1.0' encoding = 'UTF-8'?>
<Relation class="oracle.dbtools.crest.model.design.logical.Relation" name="fk_vend_item_sai_estoque" directorySegmentName="seg_0" id="D127DA3C-6CF3-3692-41D6-D52CD2B50FAA">
<createdBy>Marcelo Dias</createdBy>
<createdTime>2015-09-20 17:34:22 UTC</createdTime>
<generatorID>Gerado pelo usuário</generatorID>
<ownerDesignName>modelo_v03</ownerDesignName>
<engineerTo>
<item key="5717F7DC-5FAE-37A9-1A77-C8C90409988D" value="true"/>
</engineerTo>
<sourcePk>E7983296-1EC1-6A4C-3E18-55F4F0D7B3ED</sourcePk>
<targetPk>B502E900-DE29-C5BC-6A25-91A33D9C6953</targetPk>
<identifying>false</identifying>
<nameOnSource>possui</nameOnSource>
<nameOnTarget>pertence</nameOnTarget>
<optionalSource>false</optionalSource>
<optionalTarget>false</optionalTarget>
<sourceCardinality>1</sourceCardinality>
<sourceEntity>EA55CAC2-144F-B122-DD7D-570BB56395FF</sourceEntity>
<targetCardinalityString>1</targetCardinalityString>
<targetEntity>FEC21434-330F-BF3E-6DD0-002DE3256F9A</targetEntity>
<transferable>true</transferable>
<deleteRule>NO ACTION</deleteRule>
</Relation>