<?xml version = '1.0' encoding = 'UTF-8'?>
<Relation class="oracle.dbtools.crest.model.design.logical.Relation" name="fk_compra_produto" directorySegmentName="seg_0" id="D2315FAB-6972-11A3-BCF0-ECA2A5D7AC7A">
<createdBy>Marcelo Dias</createdBy>
<createdTime>2015-09-12 18:00:54 UTC</createdTime>
<generatorID>Gerado pelo usuário</generatorID>
<ownerDesignName>modelo_v03</ownerDesignName>
<engineerTo>
<item key="5717F7DC-5FAE-37A9-1A77-C8C90409988D" value="true"/>
</engineerTo>
<sourcePk>6A704828-0642-26FE-7424-CDD11808F2A8</sourcePk>
<identifying>false</identifying>
<nameOnSource>Possui</nameOnSource>
<nameOnTarget>Pertence</nameOnTarget>
<optionalSource>false</optionalSource>
<optionalTarget>true</optionalTarget>
<sourceCardinality>1</sourceCardinality>
<sourceEntity>278C6544-4613-8F74-E759-D739DBCF7681</sourceEntity>
<targetCardinalityString>*</targetCardinalityString>
<targetEntity>05E7095D-76C1-85D7-3A39-948948DED37F</targetEntity>
<transferable>true</transferable>
<deleteRule>NO ACTION</deleteRule>
</Relation>