<?xml version = '1.0' encoding = 'UTF-8'?>
<Relation class="oracle.dbtools.crest.model.design.logical.Relation" name="fk_estado_pais" directorySegmentName="seg_0" id="D85AFB17-22CC-67D2-8F95-86A15302C678">
<createdBy>sidi</createdBy>
<createdTime>2015-09-08 00:58:47 UTC</createdTime>
<generatorID>Gerado pelo usuário</generatorID>
<ownerDesignName>modelo_v03</ownerDesignName>
<importedID>73E02057-736C-5430-98C9-C2B52DE12527</importedID>
<engineerTo>
<item key="5717F7DC-5FAE-37A9-1A77-C8C90409988D" value="true"/>
</engineerTo>
<sourcePk>11188A0D-D122-D6DA-6EDA-CCA26416565C</sourcePk>
<identifying>false</identifying>
<nameOnSource>Possui</nameOnSource>
<nameOnTarget>Pertence</nameOnTarget>
<optionalSource>true</optionalSource>
<optionalTarget>false</optionalTarget>
<sourceCardinality>1</sourceCardinality>
<sourceEntity>64C020A7-387F-9D7E-EF9C-D7847497330E</sourceEntity>
<targetCardinalityString>*</targetCardinalityString>
<targetEntity>DA278474-6E6E-20B6-0267-574B7B03819C</targetEntity>
<transferable>true</transferable>
<deleteRule>NO ACTION</deleteRule>
</Relation>