<?xml version = '1.0' encoding = 'UTF-8'?>
<Relation class="oracle.dbtools.crest.model.design.logical.Relation" name="fk_telefone_filial" directorySegmentName="seg_0" id="D868BC70-234D-11FC-95CE-2D18F8AA6ED7">
<createdBy>Marcelo Dias</createdBy>
<createdTime>2015-09-20 18:47:41 UTC</createdTime>
<generatorID>Gerado pelo usuário</generatorID>
<ownerDesignName>modelo_v03</ownerDesignName>
<engineerTo>
<item key="5717F7DC-5FAE-37A9-1A77-C8C90409988D" value="true"/>
</engineerTo>
<sourcePk>61865247-85FE-796F-AC0A-DC1943082639</sourcePk>
<identifying>false</identifying>
<nameOnSource>Possui</nameOnSource>
<nameOnTarget>Pertence</nameOnTarget>
<optionalSource>true</optionalSource>
<optionalTarget>true</optionalTarget>
<sourceCardinality>1</sourceCardinality>
<sourceEntity>1C83C434-3946-A69A-4440-64809754A53B</sourceEntity>
<targetCardinalityString>*</targetCardinalityString>
<targetEntity>46E63D51-F548-0D46-24BD-EA96CEBEBE70</targetEntity>
<transferable>true</transferable>
<deleteRule>NO ACTION</deleteRule>
</Relation>