<?xml version = '1.0' encoding = 'UTF-8'?>
<Relation class="oracle.dbtools.crest.model.design.logical.Relation" name="fk_pagamento_nota_fiscal" directorySegmentName="seg_0" id="DBE74831-1003-8CA6-CACA-AA8B518C6764">
<createdBy>Marcelo Dias</createdBy>
<createdTime>2015-09-12 18:24:59 UTC</createdTime>
<generatorID>Gerado pelo usuário</generatorID>
<ownerDesignName>modelo_v03</ownerDesignName>
<engineerTo>
<item key="5717F7DC-5FAE-37A9-1A77-C8C90409988D" value="true"/>
</engineerTo>
<sourcePk>69B5A33F-DD1E-63D0-2956-E91632FCA9AF</sourcePk>
<identifying>false</identifying>
<nameOnSource>Possui</nameOnSource>
<nameOnTarget>Pertence</nameOnTarget>
<optionalSource>false</optionalSource>
<optionalTarget>true</optionalTarget>
<sourceCardinality>1</sourceCardinality>
<sourceEntity>3CB0D009-B7B2-F57B-3E45-EDA82B3963F0</sourceEntity>
<targetCardinalityString>*</targetCardinalityString>
<targetEntity>CBF2C9D1-615A-59B2-F0FB-986BE8672939</targetEntity>
<transferable>true</transferable>
<deleteRule>NO ACTION</deleteRule>
</Relation>