<?xml version = '1.0' encoding = 'UTF-8'?>
<Relation class="oracle.dbtools.crest.model.design.logical.Relation" name="fk_cliente_endereco" directorySegmentName="seg_0" id="E7506D49-0960-A250-47E3-E15DBD913A95">
<createdBy>sidi</createdBy>
<createdTime>2015-09-08 00:58:47 UTC</createdTime>
<generatorID>Gerado pelo usuário</generatorID>
<ownerDesignName>modelo_v03</ownerDesignName>
<importedID>AA2445F8-484F-F814-A6E2-9560144CA7B6</importedID>
<engineerTo>
<item key="5717F7DC-5FAE-37A9-1A77-C8C90409988D" value="true"/>
</engineerTo>
<sourcePk>39C3B99F-BB09-7A2F-49AF-B5EF9D413A6B</sourcePk>
<targetPk>C294D130-49A6-8DE1-64AE-7D3DD838D426</targetPk>
<identifying>false</identifying>
<nameOnSource>Possui</nameOnSource>
<nameOnTarget>Pertence</nameOnTarget>
<optionalSource>true</optionalSource>
<optionalTarget>false</optionalTarget>
<sourceCardinality>*</sourceCardinality>
<sourceEntity>5B16D54F-03AE-5E47-7706-D3A57C3EFB81</sourceEntity>
<targetCardinalityString>1</targetCardinalityString>
<targetEntity>16291A1C-3A0B-573F-0E31-A788E2628E4F</targetEntity>
<transferable>true</transferable>
<deleteRule>NO ACTION</deleteRule>
</Relation>