<?xml version = '1.0' encoding = 'UTF-8'?>
<Relation class="oracle.dbtools.crest.model.design.logical.Relation" name="fk_endereco_filial" directorySegmentName="seg_0" id="E92927F4-E901-DA9E-1234-F687389558DF">
<createdBy>Marcelo Dias</createdBy>
<createdTime>2015-09-12 17:40:10 UTC</createdTime>
<generatorID>Gerado pelo usuário</generatorID>
<ownerDesignName>modelo_v03</ownerDesignName>
<engineerTo>
<item key="5717F7DC-5FAE-37A9-1A77-C8C90409988D" value="true"/>
</engineerTo>
<sourcePk>61865247-85FE-796F-AC0A-DC1943082639</sourcePk>
<targetPk>C294D130-49A6-8DE1-64AE-7D3DD838D426</targetPk>
<identifying>false</identifying>
<nameOnSource>Possui</nameOnSource>
<nameOnTarget>Pertence</nameOnTarget>
<optionalSource>true</optionalSource>
<optionalTarget>false</optionalTarget>
<sourceCardinality>*</sourceCardinality>
<sourceEntity>1C83C434-3946-A69A-4440-64809754A53B</sourceEntity>
<targetCardinalityString>1</targetCardinalityString>
<targetEntity>16291A1C-3A0B-573F-0E31-A788E2628E4F</targetEntity>
<transferable>true</transferable>
<deleteRule>NO ACTION</deleteRule>
</Relation>