<?xml version = '1.0' encoding = 'UTF-8'?>
<Relation class="oracle.dbtools.crest.model.design.logical.Relation" name="FK_FILI_PROM" directorySegmentName="seg_0" id="EB97DD08-F2AE-3BA8-240A-B08C054F50CB">
<createdBy>luiz.castro</createdBy>
<createdTime>2015-09-28 19:45:08 UTC</createdTime>
<generatorID>Gerado pelo usuário</generatorID>
<ownerDesignName>modelo_v03</ownerDesignName>
<engineerTo>
<item key="5717F7DC-5FAE-37A9-1A77-C8C90409988D" value="true"/>
</engineerTo>
<sourcePk>61865247-85FE-796F-AC0A-DC1943082639</sourcePk>
<targetPk>FE5F3066-735A-383B-AE87-ECF2C42291E8</targetPk>
<identifying>false</identifying>
<nameOnSource>TEM UMA</nameOnSource>
<nameOnTarget>PERTENCE A UMA</nameOnTarget>
<optionalSource>true</optionalSource>
<optionalTarget>true</optionalTarget>
<sourceCardinality>1</sourceCardinality>
<sourceEntity>1C83C434-3946-A69A-4440-64809754A53B</sourceEntity>
<targetCardinalityString>*</targetCardinalityString>
<targetEntity>E7E9F1A3-2F57-D67E-481E-2FA2B4D371F6</targetEntity>
<transferable>true</transferable>
<deleteRule>NO ACTION</deleteRule>
</Relation>