<?xml version = '1.0' encoding = 'UTF-8'?>
<Relation class="oracle.dbtools.crest.model.design.logical.Relation" name="fk_nota_fisc_seri_nfe" directorySegmentName="seg_0" id="F2704C2B-6F27-5F89-7C6B-228362F5B103">
<createdBy>Marcelo Dias</createdBy>
<createdTime>2015-09-20 20:06:09 UTC</createdTime>
<generatorID>Gerado pelo usuário</generatorID>
<ownerDesignName>modelo_v03</ownerDesignName>
<engineerTo>
<item key="5717F7DC-5FAE-37A9-1A77-C8C90409988D" value="true"/>
</engineerTo>
<sourcePk>44850B33-96F2-4D36-2A3F-031A75024E1A</sourcePk>
<identifying>false</identifying>
<nameOnSource>Pertence</nameOnSource>
<nameOnTarget>Possui</nameOnTarget>
<optionalSource>true</optionalSource>
<optionalTarget>false</optionalTarget>
<sourceCardinality>1</sourceCardinality>
<sourceEntity>C5D7A15C-C997-D8E6-A78A-66C7357A4FD4</sourceEntity>
<targetCardinalityString>*</targetCardinalityString>
<targetEntity>3CB0D009-B7B2-F57B-3E45-EDA82B3963F0</targetEntity>
<transferable>true</transferable>
<deleteRule>NO ACTION</deleteRule>
</Relation>