<?xml version = '1.0' encoding = 'UTF-8'?>
<Relation class="oracle.dbtools.crest.model.design.logical.Relation" name="R_ENDERECO_FUNCIONARIO" directorySegmentName="seg_0" id="F7452698-815A-451F-935A-67D2F7800A06">
<createdBy>rm69296</createdBy>
<createdTime>2016-05-19 15:05:35 UTC</createdTime>
<ownerDesignName>modelo_v03</ownerDesignName>
<engineerTo>
<item key="5717F7DC-5FAE-37A9-1A77-C8C90409988D" value="true"/>
</engineerTo>
<sourcePk>C294D130-49A6-8DE1-64AE-7D3DD838D426</sourcePk>
<identifying>false</identifying>
<optionalSource>true</optionalSource>
<optionalTarget>false</optionalTarget>
<sourceCardinality>1</sourceCardinality>
<sourceEntity>16291A1C-3A0B-573F-0E31-A788E2628E4F</sourceEntity>
<targetCardinalityString>*</targetCardinalityString>
<targetEntity>4E751013-C05F-B146-352F-24891ACC6D61</targetEntity>
<transferable>true</transferable>
<deleteRule>NO ACTION</deleteRule>
</Relation>