<?xml version = '1.0' encoding = 'UTF-8'?>
<Relation class="oracle.dbtools.crest.model.design.logical.Relation" name="fk_endereco_cidade" directorySegmentName="seg_0" id="FC7B8A44-7D29-8029-76A1-9EFF0F386818">
<createdBy>sidi</createdBy>
<createdTime>2015-09-08 00:58:48 UTC</createdTime>
<generatorID>Gerado pelo usuário</generatorID>
<ownerDesignName>modelo_v03</ownerDesignName>
<importedID>ED3616D9-B818-7D60-737F-58D41DA975AD</importedID>
<engineerTo>
<item key="5717F7DC-5FAE-37A9-1A77-C8C90409988D" value="true"/>
</engineerTo>
<sourcePk>6B8B8716-804D-3EE7-504A-69187F497D41</sourcePk>
<identifying>false</identifying>
<nameOnSource>Possui</nameOnSource>
<nameOnTarget>Pertence</nameOnTarget>
<optionalSource>true</optionalSource>
<optionalTarget>false</optionalTarget>
<sourceCardinality>1</sourceCardinality>
<sourceEntity>1D2CA5A7-8854-4314-288D-C74D6CB042F4</sourceEntity>
<targetCardinalityString>*</targetCardinalityString>
<targetEntity>16291A1C-3A0B-573F-0E31-A788E2628E4F</targetEntity>
<transferable>true</transferable>
<deleteRule>NO ACTION</deleteRule>
</Relation>