<?xml version = '1.0' encoding = 'UTF-8'?>
<Diagram class="oracle.dbtools.crest.swingui.relational.DPVRelational" name="Relational_1" id="B90A43E2-6D5C-0F21-D847-6AFBEC1FE561">
<createdBy>sidi</createdBy>
<modifiedBy>rm69296</modifiedBy>
<createdTime>2015-09-08 00:59:13 UTC</createdTime>
<autoRoute>false</autoRoute>
<boxInbox>true</boxInbox>
<showLegend>false</showLegend>
<showLabels>false</showLabels>
<showRelAttributes>false</showRelAttributes>
<gridEnabled>false</gridEnabled>
<showGrid>false</showGrid>
<diagramColor>-1</diagramColor>
<display>false</display>
<notation>1</notation>
<objectViews>
<OView class="oracle.dbtools.crest.swingui.relational.TVTable" oid="0315E9DA-B0B0-A160-ACCA-04874738987E" otype="Table" vid="1348315E-5FD5-E9AF-1584-2511D725B0E4">
<hideElementsInCurrentOnly>false</hideElementsInCurrentOnly>
<bounds x="651" y="925" width="262" height="214"/>
</OView>
<OView class="oracle.dbtools.crest.swingui.relational.TVTable" oid="0828B546-5D7B-9DCF-6DF1-706BEF972994" otype="Table" vid="95B86650-4B0E-EFE2-F4C6-419654475355">
<hideElementsInCurrentOnly>false</hideElementsInCurrentOnly>
<bounds x="1147" y="381" width="211" height="186"/>
</OView>
<OView class="oracle.dbtools.crest.swingui.relational.TVTable" oid="13AFF4F6-9878-8E5A-D398-D11E9B6AF223" otype="Table" vid="940A8BC8-8FF5-BAA1-E22A-7F1381D9F7D7">
<hideElementsInCurrentOnly>false</hideElementsInCurrentOnly>
<bounds x="473" y="698" width="235" height="172"/>
</OView>
<OView class="oracle.dbtools.crest.swingui.relational.TVTable" oid="1A095888-B711-CD4F-64EC-A1603962EC89" otype="Table" vid="5EFA70C6-C603-7C19-0CC5-2052B26B9138">
<hideElementsInCurrentOnly>false</hideElementsInCurrentOnly>
<bounds x="475" y="21" width="184" height="116"/>
</OView>
<OView class="oracle.dbtools.crest.swingui.relational.TVTable" oid="1E45D237-93EE-F6F8-D6FF-62CA0C804BE5" otype="Table" vid="1ACFA7BD-1F2C-D6D5-3FC0-8E8496A61E4A">
<hideElementsInCurrentOnly>false</hideElementsInCurrentOnly>
<bounds x="1510" y="345" width="170" height="110"/>
</OView>
<OView class="oracle.dbtools.crest.swingui.relational.TVTable" oid="243BA06C-68F9-118B-C085-EF3AC5C73E51" otype="Table" vid="3F15E29B-3E82-EA20-FA74-541358C568C0">
<hideElementsInCurrentOnly>false</hideElementsInCurrentOnly>
<bounds x="1540" y="1157" width="223" height="102"/>
</OView>
<OView class="oracle.dbtools.crest.swingui.relational.TVTable" oid="2936805B-7ED9-2CF7-26BD-7765F86521C1" otype="Table" vid="BA355971-FEED-A56D-677B-6979FBC541D4">
<hideElementsInCurrentOnly>false</hideElementsInCurrentOnly>
<bounds x="288" y="553" width="191" height="88"/>
</OView>
<OView class="oracle.dbtools.crest.swingui.relational.TVTable" oid="2BAB31D3-C170-F081-AD2D-E79155FB3385" otype="Table" vid="E0D5DAA1-FF6C-0EB4-3E6B-FADED070EA84">
<hideElementsInCurrentOnly>false</hideElementsInCurrentOnly>
<bounds x="1066" y="37" width="270" height="116"/>
</OView>
<OView class="oracle.dbtools.crest.swingui.relational.TVTable" oid="485B210F-3D6C-3984-EDF8-46E871BDC86F" otype="Table" vid="F1D7123D-B95F-481E-2BFB-A0D4988D34BC">
<hideElementsInCurrentOnly>false</hideElementsInCurrentOnly>
<bounds x="1636" y="760" width="228" height="116"/>
</OView>
<OView class="oracle.dbtools.crest.swingui.relational.TVTable" oid="500F690A-AC0E-7CC9-9075-2479A79AE705" otype="Table" vid="BAA71D96-6E62-BF9A-D4DB-6ED32D3DA4D5">
<hideElementsInCurrentOnly>false</hideElementsInCurrentOnly>
<bounds x="521" y="1183" width="187" height="88"/>
</OView>
<OView class="oracle.dbtools.crest.swingui.relational.TVTable" oid="51D3E902-37AF-C3EA-2152-4DC577598EF0" otype="Table" vid="6E7850C9-578B-368C-18EE-B386A088CB1E">
<hideElementsInCurrentOnly>false</hideElementsInCurrentOnly>
<bounds x="1625" y="170" width="190" height="102"/>
</OView>
<OView class="oracle.dbtools.crest.swingui.relational.TVTable" oid="5C14D427-6A83-742A-669E-6A52F7E58C04" otype="Table" vid="D6FE16F9-5BBC-63DF-EA70-B9F535258996">
<hideElementsInCurrentOnly>false</hideElementsInCurrentOnly>
<bounds x="1580" y="485" width="170" height="110"/>
</OView>
<OView class="oracle.dbtools.crest.swingui.relational.TVTable" oid="5EF02C7A-C29D-0514-B539-D80EBF826F7B" otype="Table" vid="4F62252F-6B61-DCE7-9E4D-B81DC7E85248">
<hideElementsInCurrentOnly>false</hideElementsInCurrentOnly>
<bounds x="0" y="737" width="235" height="74"/>
</OView>
<OView class="oracle.dbtools.crest.swingui.relational.TVTable" oid="6DC490BE-6637-188B-B1A3-F17D56C60381" otype="Table" vid="8D9B2792-E04E-3DF6-5975-8233E3092CBD">
<hideElementsInCurrentOnly>false</hideElementsInCurrentOnly>
<bounds x="1373" y="15" width="188" height="116"/>
</OView>
<OView class="oracle.dbtools.crest.swingui.relational.TVTable" oid="72440136-6E5C-927C-6937-8C2EA5CA65CA" otype="Table" vid="F9A6CDB0-8726-4F9D-D6B9-7C9BAE31405F">
<hideElementsInCurrentOnly>false</hideElementsInCurrentOnly>
<bounds x="1315" y="620" width="260" height="200"/>
</OView>
<OView class="oracle.dbtools.crest.swingui.relational.TVTable" oid="7483709B-DBBE-5242-A5F1-1472CCF335AC" otype="Table" vid="6B8E729D-2FCD-9B88-5E5D-502098602A5A">
<hideElementsInCurrentOnly>false</hideElementsInCurrentOnly>
<bounds x="0" y="857" width="234" height="74"/>
</OView>
<OView class="oracle.dbtools.crest.swingui.relational.TVTable" oid="77BE7393-04C6-28EB-597F-46BF2285F47D" otype="Table" vid="99D7B8A1-D82D-B4D0-E562-21C814799100">
<hideElementsInCurrentOnly>false</hideElementsInCurrentOnly>
<bounds x="1369" y="157" width="191" height="144"/>
</OView>
<OView class="oracle.dbtools.crest.swingui.relational.TVTable" oid="7D14D679-1920-13BC-E943-AC8CBF3976F9" otype="Table" vid="6B97D7E5-73F3-2F57-D2AB-0D9796882B1C">
<hideElementsInCurrentOnly>false</hideElementsInCurrentOnly>
<bounds x="1069" y="196" width="240" height="102"/>
</OView>
<OView class="oracle.dbtools.crest.swingui.relational.TVTable" oid="8161D411-8624-E632-1B69-1E9F95987C7F" otype="Table" vid="E93CCBD8-1FC1-8D50-9B22-D34683D61B32">
<hideElementsInCurrentOnly>false</hideElementsInCurrentOnly>
<bounds x="1440" y="205" width="170" height="110"/>
</OView>
<OView class="oracle.dbtools.crest.swingui.relational.TVTable" oid="8218711E-4532-4776-9FC3-267E1868FF63" otype="Table" vid="EEEEE0E0-7908-272D-CD88-51B2AACCA8DD">
<hideElementsInCurrentOnly>false</hideElementsInCurrentOnly>
<bounds x="16" y="423" width="240" height="88"/>
</OView>
<OView class="oracle.dbtools.crest.swingui.relational.TVTable" oid="8D07E5DD-20DC-0B73-56FE-17C0D3C6C9AF" otype="Table" vid="C408F156-6963-CBB5-1C2A-A52F976EB049">
<hideElementsInCurrentOnly>false</hideElementsInCurrentOnly>
<bounds x="762" y="1188" width="187" height="74"/>
</OView>
<OView class="oracle.dbtools.crest.swingui.relational.TVTable" oid="986C65EC-BAC3-D6E4-7DFF-BC9F0A4A2A33" otype="Table" vid="68BA8B6F-99D7-F9E9-0840-17FF37665289">
<hideElementsInCurrentOnly>false</hideElementsInCurrentOnly>
<bounds x="3" y="165" width="273" height="172"/>
</OView>
<OView class="oracle.dbtools.crest.swingui.relational.TVTable" oid="99198821-DA5B-E1FD-0C65-60A550788195" otype="Table" vid="FB4CC102-899D-A82E-5D4C-A1D99B7AE2AD">
<hideElementsInCurrentOnly>false</hideElementsInCurrentOnly>
<bounds x="1614" y="913" width="216" height="144"/>
</OView>
<OView class="oracle.dbtools.crest.swingui.relational.TVTable" oid="A02767AE-1F88-4675-73EC-CAC97A9EB3E0" otype="Table" vid="A759C65D-5E93-CFD2-B1F2-A333C7CDCA6C">
<hideElementsInCurrentOnly>false</hideElementsInCurrentOnly>
<bounds x="290" y="991" width="217" height="102"/>
</OView>
<OView class="oracle.dbtools.crest.swingui.relational.TVTable" oid="BC9E6329-6A52-B29C-837D-224A26CDFF74" otype="Table" vid="61F1123D-2A3D-1876-2702-C99CCEC31E14">
<hideElementsInCurrentOnly>false</hideElementsInCurrentOnly>
<bounds x="1625" y="20" width="188" height="74"/>
</OView>
<OView class="oracle.dbtools.crest.swingui.relational.TVTable" oid="D068CB04-9992-712D-AF21-E87C31017D58" otype="Table" vid="3867940B-2E55-A02E-260C-5163BD9E90FB">
<hideElementsInCurrentOnly>false</hideElementsInCurrentOnly>
<bounds x="56" y="18" width="197" height="116"/>
</OView>
<OView class="oracle.dbtools.crest.swingui.relational.TVTable" oid="D1BC99F2-D29F-B365-602A-9625ECC090BB" otype="Table" vid="8DB155C5-1533-F939-0CDC-B7157BEE8FE6">
<hideElementsInCurrentOnly>false</hideElementsInCurrentOnly>
<bounds x="1795" y="630" width="211" height="116"/>
</OView>
<OView class="oracle.dbtools.crest.swingui.relational.TVTable" oid="D58A7D80-6FFC-6FCC-8855-467935D49A5B" otype="Table" vid="D9E51BB9-E2C9-0F68-F7A4-A1AAFD1B4974">
<hideElementsInCurrentOnly>false</hideElementsInCurrentOnly>
<bounds x="1659" y="327" width="173" height="172"/>
</OView>
<OView class="oracle.dbtools.crest.swingui.relational.TVTable" oid="D981A2B3-FDC1-E4A5-22C8-4C286C19F31D" otype="Table" vid="1F048B57-BDA2-FB33-3FB4-B59FFAA98836">
<hideElementsInCurrentOnly>false</hideElementsInCurrentOnly>
<bounds x="18" y="561" width="212" height="116"/>
</OView>
<OView class="oracle.dbtools.crest.swingui.relational.TVTable" oid="E31F0091-A0F3-D429-0F47-2ABDE5697012" otype="Table" vid="62F0FD8C-5B9D-4492-782F-948217E24B88">
<hideElementsInCurrentOnly>false</hideElementsInCurrentOnly>
<bounds x="670" y="368" width="211" height="130"/>
</OView>
<OView class="oracle.dbtools.crest.swingui.relational.TVTable" oid="E4908F49-0930-A59C-D35E-06C8B94938A6" otype="Table" vid="ECC3C59F-7C90-4474-E6B7-750CD5FF2098">
<hideElementsInCurrentOnly>false</hideElementsInCurrentOnly>
<bounds x="316" y="188" width="266" height="284"/>
</OView>
<OView class="oracle.dbtools.crest.swingui.relational.TVTable" oid="F1864F95-41D5-99DA-5493-B7B1292AD9CA" otype="Table" vid="174CB6DC-88AB-C8E2-DBE8-B007836F17CA">
<hideElementsInCurrentOnly>false</hideElementsInCurrentOnly>
<bounds x="1287" y="908" width="220" height="144"/>
</OView>
<OView class="oracle.dbtools.crest.swingui.relational.TVTable" oid="F670B6B7-9E07-046B-524D-00A399752C16" otype="Table" vid="7934FEC6-882C-A7AC-102A-E706807F3332">
<hideElementsInCurrentOnly>false</hideElementsInCurrentOnly>
<bounds x="1081" y="791" width="188" height="116"/>
</OView>
<OView class="oracle.dbtools.crest.swingui.relational.TVTable" oid="F97CA54F-AF7A-1BA8-FD5C-03BB4ADF0DE6" otype="Table" vid="013FD6AF-7C8B-E6FD-E6F6-4F86522FD84C">
<hideElementsInCurrentOnly>false</hideElementsInCurrentOnly>
<bounds x="750" y="19" width="263" height="284"/>
</OView>
<OView class="oracle.dbtools.crest.swingui.relational.TVTable" oid="FB7E5611-6742-5FF8-4CA7-C54339ED2342" otype="Table" vid="6B18CCCB-DD87-2500-13E9-096EC9F4105D">
<hideElementsInCurrentOnly>false</hideElementsInCurrentOnly>
<bounds x="788" y="750" width="216" height="130"/>
</OView>
</objectViews>
<connectors>
<Connector class="oracle.dbtools.crest.swingui.relational.TVFKRelation" oid="06F12E21-640E-C768-371A-37B68AC1A12D" otype="FKIndexAssociation" vid_source="7934FEC6-882C-A7AC-102A-E706807F3332" vid_target="940A8BC8-8FF5-BAA1-E22A-7F1381D9F7D7">
<hideElementsInCurrentOnly>false</hideElementsInCurrentOnly>
<lineWidth>1</lineWidth>
<points>
<point x="1100" y="791"/>
<point x="1100" y="729"/>
<point x="708" y="729"/>
</points>
</Connector>
<Connector class="oracle.dbtools.crest.swingui.relational.TVFKRelation" oid="0A82AD33-5DD3-693B-4F57-F8C3C0BB5D22" otype="FKIndexAssociation" vid_source="013FD6AF-7C8B-E6FD-E6F6-4F86522FD84C" vid_target="5EFA70C6-C603-7C19-0CC5-2052B26B9138">
<hideElementsInCurrentOnly>false</hideElementsInCurrentOnly>
<lineWidth>1</lineWidth>
<points>
<point x="750" y="69"/>
<point x="659" y="69"/>
</points>
</Connector>
<Connector class="oracle.dbtools.crest.swingui.relational.TVFKRelation" oid="0DD28F79-4C1E-956B-79FA-5806E2412C93" otype="FKIndexAssociation" vid_source="940A8BC8-8FF5-BAA1-E22A-7F1381D9F7D7" vid_target="1F048B57-BDA2-FB33-3FB4-B59FFAA98836">
<hideElementsInCurrentOnly>false</hideElementsInCurrentOnly>
<lineWidth>1</lineWidth>
<points>
<point x="473" y="719"/>
<point x="193" y="719"/>
<point x="193" y="677"/>
</points>
</Connector>
<Connector class="oracle.dbtools.crest.swingui.relational.TVFKRelation" oid="0F27B091-072F-637D-8688-DEE422E806CF" otype="FKIndexAssociation" vid_source="4F62252F-6B61-DCE7-9E4D-B81DC7E85248" vid_target="940A8BC8-8FF5-BAA1-E22A-7F1381D9F7D7">
<hideElementsInCurrentOnly>false</hideElementsInCurrentOnly>
<lineWidth>1</lineWidth>
<points>
<point x="235" y="774"/>
<point x="473" y="774"/>
</points>
</Connector>
<Connector class="oracle.dbtools.crest.swingui.relational.TVFKRelation" oid="128CE378-AE83-AC74-0D86-284D6F67601B" otype="FKIndexAssociation" vid_source="61F1123D-2A3D-1876-2702-C99CCEC31E14" vid_target="8D9B2792-E04E-3DF6-5975-8233E3092CBD">
<hideElementsInCurrentOnly>false</hideElementsInCurrentOnly>
<lineWidth>1</lineWidth>
<points>
<point x="1625" y="57"/>
<point x="1561" y="57"/>
</points>
</Connector>
<Connector class="oracle.dbtools.crest.swingui.relational.TVFKRelation" oid="18388F46-3B61-8DB4-110F-ACF2D04B356F" otype="FKIndexAssociation" vid_source="5EFA70C6-C603-7C19-0CC5-2052B26B9138" vid_target="D6FE16F9-5BBC-63DF-EA70-B9F535258996">
<hideElementsInCurrentOnly>false</hideElementsInCurrentOnly>
<lineWidth>1</lineWidth>
<points>
<point x="659" y="79"/>
<point x="1580" y="540"/>
</points>
</Connector>
<Connector class="oracle.dbtools.crest.swingui.relational.TVFKRelation" oid="19E9AB4F-BCA2-0E2D-BA79-F87AD2D9264A" otype="FKIndexAssociation" vid_source="ECC3C59F-7C90-4474-E6B7-750CD5FF2098" vid_target="7934FEC6-882C-A7AC-102A-E706807F3332">
<hideElementsInCurrentOnly>false</hideElementsInCurrentOnly>
<lineWidth>1</lineWidth>
<points>
<point x="582" y="440"/>
<point x="617" y="440"/>
<point x="614" y="670"/>
<point x="1120" y="675"/>
<point x="1120" y="791"/>
</points>
</Connector>
<Connector class="oracle.dbtools.crest.swingui.relational.TVFKRelation" oid="23286AA3-CE67-2894-3C93-C2F745C5FBCC" otype="FKIndexAssociation" vid_source="1348315E-5FD5-E9AF-1584-2511D725B0E4" vid_target="A759C65D-5E93-CFD2-B1F2-A333C7CDCA6C">
<hideElementsInCurrentOnly>false</hideElementsInCurrentOnly>
<lineWidth>1</lineWidth>
<points>
<point x="651" y="1042"/>
<point x="507" y="1042"/>
</points>
</Connector>
<Connector class="oracle.dbtools.crest.swingui.relational.TVFKRelation" oid="25716411-0F20-2C37-08E6-DF4071D0F540" otype="FKIndexAssociation" vid_source="7934FEC6-882C-A7AC-102A-E706807F3332" vid_target="6B18CCCB-DD87-2500-13E9-096EC9F4105D">
<hideElementsInCurrentOnly>false</hideElementsInCurrentOnly>
<lineWidth>1</lineWidth>
<points>
<point x="1081" y="835"/>
<point x="1004" y="835"/>
</points>
</Connector>
<Connector class="oracle.dbtools.crest.swingui.relational.TVFKRelation" oid="25ABC8A0-0026-F284-B9CC-5308B9A8309C" otype="FKIndexAssociation" vid_source="99D7B8A1-D82D-B4D0-E562-21C814799100" vid_target="95B86650-4B0E-EFE2-F4C6-419654475355">
<hideElementsInCurrentOnly>false</hideElementsInCurrentOnly>
<lineWidth>1</lineWidth>
<points>
<point x="1443" y="301"/>
<point x="1443" y="384"/>
<point x="1358" y="384"/>
</points>
</Connector>
<Connector class="oracle.dbtools.crest.swingui.relational.TVFKRelation" oid="25D67F14-A5A8-3C1F-37D0-DBEA01CB288A" otype="FKIndexAssociation" vid_source="99D7B8A1-D82D-B4D0-E562-21C814799100" vid_target="8DB155C5-1533-F939-0CDC-B7157BEE8FE6">
<hideElementsInCurrentOnly>false</hideElementsInCurrentOnly>
<lineWidth>1</lineWidth>
<points>
<point x="1560" y="301"/>
<point x="1607" y="686"/>
<point x="1610" y="280"/>
<point x="1795" y="630"/>
</points>
</Connector>
<Connector class="oracle.dbtools.crest.swingui.relational.TVFKRelation" oid="2C33A6C2-2A19-ADEE-A169-55350AA26569" otype="FKIndexAssociation" vid_source="6E7850C9-578B-368C-18EE-B386A088CB1E" vid_target="99D7B8A1-D82D-B4D0-E562-21C814799100">
<hideElementsInCurrentOnly>false</hideElementsInCurrentOnly>
<lineWidth>1</lineWidth>
<points>
<point x="1625" y="221"/>
<point x="1560" y="221"/>
</points>
</Connector>
<Connector class="oracle.dbtools.crest.swingui.relational.TVFKRelation" oid="2F3761E5-5813-4D7D-B5CD-B687E14CCAAE" otype="FKIndexAssociation" vid_source="6B97D7E5-73F3-2F57-D2AB-0D9796882B1C" vid_target="1ACFA7BD-1F2C-D6D5-3FC0-8E8496A61E4A">
<hideElementsInCurrentOnly>false</hideElementsInCurrentOnly>
<lineWidth>1</lineWidth>
<points>
<point x="1309" y="247"/>
<point x="1510" y="400"/>
</points>
</Connector>
<Connector class="oracle.dbtools.crest.swingui.relational.TVFKRelation" oid="3C5A73E7-1418-59E3-5ECF-C38E82A6E327" otype="FKIndexAssociation" vid_source="ECC3C59F-7C90-4474-E6B7-750CD5FF2098" vid_target="3867940B-2E55-A02E-260C-5163BD9E90FB">
<hideElementsInCurrentOnly>false</hideElementsInCurrentOnly>
<lineWidth>1</lineWidth>
<points>
<point x="414" y="188"/>
<point x="414" y="119"/>
<point x="253" y="119"/>
</points>
</Connector>
<Connector class="oracle.dbtools.crest.swingui.relational.TVFKRelation" oid="3D686F71-7A9F-FAE4-63E1-676B004A0E38" otype="FKIndexAssociation" vid_source="99D7B8A1-D82D-B4D0-E562-21C814799100" vid_target="ECC3C59F-7C90-4474-E6B7-750CD5FF2098">
<hideElementsInCurrentOnly>false</hideElementsInCurrentOnly>
<lineWidth>1</lineWidth>
<points>
<point x="1422" y="301"/>
<point x="1422" y="359"/>
<point x="582" y="359"/>
</points>
</Connector>
<Connector class="oracle.dbtools.crest.swingui.relational.TVFKRelation" oid="4828C1E6-A3C9-9CA4-D556-6A2C3903EA43" otype="FKIndexAssociation" vid_source="6B18CCCB-DD87-2500-13E9-096EC9F4105D" vid_target="174CB6DC-88AB-C8E2-DBE8-B007836F17CA">
<hideElementsInCurrentOnly>false</hideElementsInCurrentOnly>
<lineWidth>1</lineWidth>
<points>
<point x="957" y="880"/>
<point x="957" y="981"/>
<point x="1287" y="981"/>
</points>
</Connector>
<Connector class="oracle.dbtools.crest.swingui.relational.TVFKRelation" oid="48D516E7-3921-8F2C-EA9E-1236EE4679D8" otype="FKIndexAssociation" vid_source="99D7B8A1-D82D-B4D0-E562-21C814799100" vid_target="ECC3C59F-7C90-4474-E6B7-750CD5FF2098">
<hideElementsInCurrentOnly>false</hideElementsInCurrentOnly>
<lineWidth>1</lineWidth>
<points>
<point x="1400" y="301"/>
<point x="1400" y="339"/>
<point x="582" y="339"/>
</points>
</Connector>
<Connector class="oracle.dbtools.crest.swingui.relational.TVFKRelation" oid="4A3AE3BF-F73B-6D24-6B41-3ED03DD4FBDE" otype="FKIndexAssociation" vid_source="F9A6CDB0-8726-4F9D-D6B9-7C9BAE31405F" vid_target="D9E51BB9-E2C9-0F68-F7A4-A1AAFD1B4974">
<hideElementsInCurrentOnly>false</hideElementsInCurrentOnly>
<lineWidth>1</lineWidth>
<points>
<point x="1507" y="620"/>
<point x="1507" y="482"/>
<point x="1659" y="482"/>
</points>
</Connector>
<Connector class="oracle.dbtools.crest.swingui.relational.TVFKRelation" oid="5BD6EDB6-482E-300F-8CB0-F64C690CEB65" otype="FKIndexAssociation" vid_source="5EFA70C6-C603-7C19-0CC5-2052B26B9138" vid_target="013FD6AF-7C8B-E6FD-E6F6-4F86522FD84C">
<hideElementsInCurrentOnly>false</hideElementsInCurrentOnly>
<lineWidth>1</lineWidth>
<points>
<point x="659" y="69"/>
<point x="750" y="69"/>
</points>
</Connector>
<Connector class="oracle.dbtools.crest.swingui.relational.TVFKRelation" oid="679B3C1A-E32D-F489-0435-3FC5E091BE2D" otype="FKIndexAssociation" vid_source="1348315E-5FD5-E9AF-1584-2511D725B0E4" vid_target="6B97D7E5-73F3-2F57-D2AB-0D9796882B1C">
<hideElementsInCurrentOnly>false</hideElementsInCurrentOnly>
<lineWidth>1</lineWidth>
<points>
<point x="913" y="925"/>
<point x="1031" y="280"/>
<point x="1015" y="1099"/>
<point x="1069" y="298"/>
</points>
</Connector>
<Connector class="oracle.dbtools.crest.swingui.relational.TVFKRelation" oid="6F34560F-E22E-3C74-2E89-EEFADF1A80B3" otype="FKIndexAssociation" vid_source="5EFA70C6-C603-7C19-0CC5-2052B26B9138" vid_target="1ACFA7BD-1F2C-D6D5-3FC0-8E8496A61E4A">
<hideElementsInCurrentOnly>false</hideElementsInCurrentOnly>
<lineWidth>1</lineWidth>
<points>
<point x="659" y="79"/>
<point x="1510" y="400"/>
</points>
</Connector>
<Connector class="oracle.dbtools.crest.swingui.relational.TVFKRelation" oid="70188C0B-E6E2-FCCB-37AE-16121318C07A" otype="FKIndexAssociation" vid_source="68BA8B6F-99D7-F9E9-0840-17FF37665289" vid_target="EEEEE0E0-7908-272D-CD88-51B2AACCA8DD">
<hideElementsInCurrentOnly>false</hideElementsInCurrentOnly>
<lineWidth>1</lineWidth>
<points>
<point x="136" y="337"/>
<point x="136" y="423"/>
</points>
</Connector>
<Connector class="oracle.dbtools.crest.swingui.relational.TVFKRelation" oid="70FDF947-1552-5B5F-64BA-C757C31C4CA7" otype="FKIndexAssociation" vid_source="BA355971-FEED-A56D-677B-6979FBC541D4" vid_target="ECC3C59F-7C90-4474-E6B7-750CD5FF2098">
<hideElementsInCurrentOnly>false</hideElementsInCurrentOnly>
<lineWidth>1</lineWidth>
<points>
<point x="387" y="553"/>
<point x="387" y="472"/>
</points>
</Connector>
<Connector class="oracle.dbtools.crest.swingui.relational.TVFKRelation" oid="745B4ED8-1C23-029C-1A49-D34BC1075267" otype="FKIndexAssociation" vid_source="5EFA70C6-C603-7C19-0CC5-2052B26B9138" vid_target="3867940B-2E55-A02E-260C-5163BD9E90FB">
<hideElementsInCurrentOnly>false</hideElementsInCurrentOnly>
<lineWidth>1</lineWidth>
<points>
<point x="475" y="77"/>
<point x="253" y="77"/>
</points>
</Connector>
<Connector class="oracle.dbtools.crest.swingui.relational.TVFKRelation" oid="74DD0DD4-9674-AB6B-8E93-43F5375ECD5B" otype="FKIndexAssociation" vid_source="6B97D7E5-73F3-2F57-D2AB-0D9796882B1C" vid_target="5EFA70C6-C603-7C19-0CC5-2052B26B9138">
<hideElementsInCurrentOnly>false</hideElementsInCurrentOnly>
<lineWidth>1</lineWidth>
<points>
<point x="1097" y="298"/>
<point x="1097" y="325"/>
<point x="647" y="326"/>
<point x="647" y="137"/>
</points>
</Connector>
<Connector class="oracle.dbtools.crest.swingui.relational.TVFKRelation" oid="77A10A5C-9E0A-0627-1BBC-1C6D5C9D1C77" otype="FKIndexAssociation" vid_source="95B86650-4B0E-EFE2-F4C6-419654475355" vid_target="5EFA70C6-C603-7C19-0CC5-2052B26B9138">
<hideElementsInCurrentOnly>false</hideElementsInCurrentOnly>
<lineWidth>1</lineWidth>
<points>
<point x="1147" y="538"/>
<point x="629" y="538"/>
<point x="629" y="137"/>
</points>
</Connector>
<Connector class="oracle.dbtools.crest.swingui.relational.TVFKRelation" oid="78D9051A-2827-E723-B8DB-DBADC741EDC2" otype="FKIndexAssociation" vid_source="ECC3C59F-7C90-4474-E6B7-750CD5FF2098" vid_target="D9E51BB9-E2C9-0F68-F7A4-A1AAFD1B4974">
<hideElementsInCurrentOnly>false</hideElementsInCurrentOnly>
<lineWidth>1</lineWidth>
<points>
<point x="582" y="399"/>
<point x="1659" y="399"/>
</points>
</Connector>
<Connector class="oracle.dbtools.crest.swingui.relational.TVFKRelation" oid="7EB7EA6B-2BEE-DB2D-9599-283F98DB5546" otype="FKIndexAssociation" vid_source="3F15E29B-3E82-EA20-FA74-541358C568C0" vid_target="F9A6CDB0-8726-4F9D-D6B9-7C9BAE31405F">
<hideElementsInCurrentOnly>false</hideElementsInCurrentOnly>
<lineWidth>1</lineWidth>
<points>
<point x="1564" y="1157"/>
<point x="1563" y="820"/>
</points>
</Connector>
<Connector class="oracle.dbtools.crest.swingui.relational.TVFKRelation" oid="832F339D-B711-D419-1BAD-DB373E3EAF9B" otype="FKIndexAssociation" vid_source="5EFA70C6-C603-7C19-0CC5-2052B26B9138" vid_target="6B97D7E5-73F3-2F57-D2AB-0D9796882B1C">
<hideElementsInCurrentOnly>false</hideElementsInCurrentOnly>
<lineWidth>1</lineWidth>
<points>
<point x="659" y="137"/>
<point x="1097" y="325"/>
<point x="647" y="326"/>
<point x="1069" y="196"/>
</points>
</Connector>
<Connector class="oracle.dbtools.crest.swingui.relational.TVFKRelation" oid="83CB19AF-4E05-D96C-FEE0-F0094CB70C0F" otype="FKIndexAssociation" vid_source="5EFA70C6-C603-7C19-0CC5-2052B26B9138" vid_target="E0D5DAA1-FF6C-0EB4-3E6B-FADED070EA84">
<hideElementsInCurrentOnly>false</hideElementsInCurrentOnly>
<lineWidth>1</lineWidth>
<points>
<point x="659" y="37"/>
<point x="1110" y="5"/>
<point x="640" y="4"/>
<point x="1066" y="37"/>
</points>
</Connector>
<Connector class="oracle.dbtools.crest.swingui.relational.TVFKRelation" oid="849F6C84-73EF-9D7C-C31B-05CE438F8D83" otype="FKIndexAssociation" vid_source="1348315E-5FD5-E9AF-1584-2511D725B0E4" vid_target="E0D5DAA1-FF6C-0EB4-3E6B-FADED070EA84">
<hideElementsInCurrentOnly>false</hideElementsInCurrentOnly>
<lineWidth>1</lineWidth>
<points>
<point x="913" y="925"/>
<point x="1043" y="139"/>
<point x="1034" y="1122"/>
<point x="1066" y="153"/>
</points>
</Connector>
<Connector class="oracle.dbtools.crest.swingui.relational.TVFKRelation" oid="8B592F5A-CA78-F984-AB8D-76DC834662DB" otype="FKIndexAssociation" vid_source="ECC3C59F-7C90-4474-E6B7-750CD5FF2098" vid_target="ECC3C59F-7C90-4474-E6B7-750CD5FF2098">
<hideElementsInCurrentOnly>false</hideElementsInCurrentOnly>
<lineWidth>1</lineWidth>
<points>
<point x="582" y="330"/>
<point x="488" y="298"/>
<point x="488" y="388"/>
<point x="400" y="388"/>
<point x="400" y="472"/>
</points>
</Connector>
<Connector class="oracle.dbtools.crest.swingui.relational.TVFKRelation" oid="8B86B859-A157-B73E-1A10-1827FF014CA7" otype="FKIndexAssociation" vid_source="F1D7123D-B95F-481E-2BFB-A0D4988D34BC" vid_target="F9A6CDB0-8726-4F9D-D6B9-7C9BAE31405F">
<hideElementsInCurrentOnly>false</hideElementsInCurrentOnly>
<lineWidth>1</lineWidth>
<points>
<point x="1636" y="790"/>
<point x="1575" y="790"/>
</points>
</Connector>
<Connector class="oracle.dbtools.crest.swingui.relational.TVFKRelation" oid="8D9E4F03-FB54-CF86-4FD8-FB8DCACB1440" otype="FKIndexAssociation" vid_source="6B8E729D-2FCD-9B88-5E5D-502098602A5A" vid_target="940A8BC8-8FF5-BAA1-E22A-7F1381D9F7D7">
<hideElementsInCurrentOnly>false</hideElementsInCurrentOnly>
<lineWidth>1</lineWidth>
<points>
<point x="234" y="863"/>
<point x="473" y="863"/>
</points>
</Connector>
<Connector class="oracle.dbtools.crest.swingui.relational.TVFKRelation" oid="8DDA8DDC-4EDE-8D35-BC9C-8F91C0480B59" otype="FKIndexAssociation" vid_source="013FD6AF-7C8B-E6FD-E6F6-4F86522FD84C" vid_target="D6FE16F9-5BBC-63DF-EA70-B9F535258996">
<hideElementsInCurrentOnly>false</hideElementsInCurrentOnly>
<lineWidth>1</lineWidth>
<points>
<point x="1013" y="161"/>
<point x="1580" y="540"/>
</points>
</Connector>
<Connector class="oracle.dbtools.crest.swingui.relational.TVFKRelation" oid="9687C10C-BC34-E861-61B5-FACA8514147E" otype="FKIndexAssociation" vid_source="3F15E29B-3E82-EA20-FA74-541358C568C0" vid_target="1348315E-5FD5-E9AF-1584-2511D725B0E4">
<hideElementsInCurrentOnly>false</hideElementsInCurrentOnly>
<lineWidth>1</lineWidth>
<points>
<point x="1540" y="1173"/>
<point x="876" y="1173"/>
<point x="876" y="1139"/>
</points>
</Connector>
<Connector class="oracle.dbtools.crest.swingui.relational.TVFKRelation" oid="9726946B-C562-4B71-ED2E-C2BF83210B50" otype="FKIndexAssociation" vid_source="013FD6AF-7C8B-E6FD-E6F6-4F86522FD84C" vid_target="6B97D7E5-73F3-2F57-D2AB-0D9796882B1C">
<hideElementsInCurrentOnly>false</hideElementsInCurrentOnly>
<lineWidth>1</lineWidth>
<points>
<point x="1013" y="257"/>
<point x="1069" y="257"/>
</points>
</Connector>
<Connector class="oracle.dbtools.crest.swingui.relational.TVFKRelation" oid="990317A3-95CF-5C88-E82F-BECB6DFAD394" otype="FKIndexAssociation" vid_source="99D7B8A1-D82D-B4D0-E562-21C814799100" vid_target="F9A6CDB0-8726-4F9D-D6B9-7C9BAE31405F">
<hideElementsInCurrentOnly>false</hideElementsInCurrentOnly>
<lineWidth>1</lineWidth>
<points>
<point x="1464" y="301"/>
<point x="1464" y="620"/>
</points>
</Connector>
<Connector class="oracle.dbtools.crest.swingui.relational.TVFKRelation" oid="9A39C976-7D67-C812-CB0C-5E8E8B7BE5E4" otype="FKIndexAssociation" vid_source="F9A6CDB0-8726-4F9D-D6B9-7C9BAE31405F" vid_target="013FD6AF-7C8B-E6FD-E6F6-4F86522FD84C">
<hideElementsInCurrentOnly>false</hideElementsInCurrentOnly>
<lineWidth>1</lineWidth>
<points>
<point x="1315" y="635"/>
<point x="940" y="635"/>
<point x="940" y="303"/>
</points>
</Connector>
<Connector class="oracle.dbtools.crest.swingui.relational.TVFKRelation" oid="9A3A47AA-2CE4-54E5-1995-F9DDD3C3D116" otype="FKIndexAssociation" vid_source="8D9B2792-E04E-3DF6-5975-8233E3092CBD" vid_target="6E7850C9-578B-368C-18EE-B386A088CB1E">
<hideElementsInCurrentOnly>false</hideElementsInCurrentOnly>
<lineWidth>1</lineWidth>
<points>
<point x="1561" y="97"/>
<point x="1720" y="170"/>
</points>
</Connector>
<Connector class="oracle.dbtools.crest.swingui.relational.TVFKRelation" oid="9E9D463F-03DF-8164-60AA-83B1D395D543" otype="FKIndexAssociation" vid_source="61F1123D-2A3D-1876-2702-C99CCEC31E14" vid_target="D9E51BB9-E2C9-0F68-F7A4-A1AAFD1B4974">
<hideElementsInCurrentOnly>false</hideElementsInCurrentOnly>
<lineWidth>1</lineWidth>
<points>
<point x="1813" y="94"/>
<point x="1858" y="382"/>
<point x="1855" y="78"/>
<point x="1813" y="327"/>
</points>
</Connector>
<Connector class="oracle.dbtools.crest.swingui.relational.TVFKRelation" oid="A29AFAAC-3B4B-FAE7-50EF-9D577A17E012" otype="FKIndexAssociation" vid_source="3F15E29B-3E82-EA20-FA74-541358C568C0" vid_target="FB4CC102-899D-A82E-5D4C-A1D99B7AE2AD">
<hideElementsInCurrentOnly>false</hideElementsInCurrentOnly>
<lineWidth>1</lineWidth>
<points>
<point x="1688" y="1157"/>
<point x="1688" y="1057"/>
</points>
</Connector>
<Connector class="oracle.dbtools.crest.swingui.relational.TVFKRelation" oid="A5E3AAC1-7B74-7509-DF79-2A674DC4C6B6" otype="FKIndexAssociation" vid_source="5EFA70C6-C603-7C19-0CC5-2052B26B9138" vid_target="62F0FD8C-5B9D-4492-782F-948217E24B88">
<hideElementsInCurrentOnly>false</hideElementsInCurrentOnly>
<lineWidth>1</lineWidth>
<points>
<point x="659" y="124"/>
<point x="704" y="124"/>
<point x="704" y="368"/>
</points>
</Connector>
<Connector class="oracle.dbtools.crest.swingui.relational.TVFKRelation" oid="A6ADF24F-A852-581A-C009-7D6A03787E3C" otype="FKIndexAssociation" vid_source="013FD6AF-7C8B-E6FD-E6F6-4F86522FD84C" vid_target="E0D5DAA1-FF6C-0EB4-3E6B-FADED070EA84">
<hideElementsInCurrentOnly>false</hideElementsInCurrentOnly>
<lineWidth>1</lineWidth>
<points>
<point x="1013" y="95"/>
<point x="1066" y="95"/>
</points>
</Connector>
<Connector class="oracle.dbtools.crest.swingui.relational.TVFKRelation" oid="B231340E-87E3-C0C3-7799-29CEAE9A79C1" otype="FKIndexAssociation" vid_source="ECC3C59F-7C90-4474-E6B7-750CD5FF2098" vid_target="5EFA70C6-C603-7C19-0CC5-2052B26B9138">
<hideElementsInCurrentOnly>false</hideElementsInCurrentOnly>
<lineWidth>1</lineWidth>
<points>
<point x="528" y="188"/>
<point x="528" y="137"/>
</points>
</Connector>
<Connector class="oracle.dbtools.crest.swingui.relational.TVFKRelation" oid="B30DD677-41AE-C6FA-FD8E-F31BC1916768" otype="FKIndexAssociation" vid_source="BAA71D96-6E62-BF9A-D4DB-6ED32D3DA4D5" vid_target="1348315E-5FD5-E9AF-1584-2511D725B0E4">
<hideElementsInCurrentOnly>false</hideElementsInCurrentOnly>
<lineWidth>1</lineWidth>
<points>
<point x="679" y="1183"/>
<point x="679" y="1139"/>
</points>
</Connector>
<Connector class="oracle.dbtools.crest.swingui.relational.TVFKRelation" oid="B7925748-F063-FAE5-29C9-1D2F238BF763" otype="FKIndexAssociation" vid_source="A759C65D-5E93-CFD2-B1F2-A333C7CDCA6C" vid_target="940A8BC8-8FF5-BAA1-E22A-7F1381D9F7D7">
<hideElementsInCurrentOnly>false</hideElementsInCurrentOnly>
<lineWidth>1</lineWidth>
<points>
<point x="490" y="991"/>
<point x="490" y="870"/>
</points>
</Connector>
<Connector class="oracle.dbtools.crest.swingui.relational.TVFKRelation" oid="B826FD7D-28DB-0301-A86D-77EB937F7406" otype="FKIndexAssociation" vid_source="8DB155C5-1533-F939-0CDC-B7157BEE8FE6" vid_target="7934FEC6-882C-A7AC-102A-E706807F3332">
<hideElementsInCurrentOnly>false</hideElementsInCurrentOnly>
<lineWidth>1</lineWidth>
<points>
<point x="1935" y="746"/>
<point x="1935" y="889"/>
<point x="1269" y="889"/>
</points>
</Connector>
<Connector class="oracle.dbtools.crest.swingui.relational.TVFKRelation" oid="B924514E-3F7B-3F4F-33EA-0D63EDAE3AE6" otype="FKIndexAssociation" vid_source="8DB155C5-1533-F939-0CDC-B7157BEE8FE6" vid_target="D9E51BB9-E2C9-0F68-F7A4-A1AAFD1B4974">
<hideElementsInCurrentOnly>false</hideElementsInCurrentOnly>
<lineWidth>1</lineWidth>
<points>
<point x="1813" y="630"/>
<point x="1813" y="499"/>
</points>
</Connector>
<Connector class="oracle.dbtools.crest.swingui.relational.TVFKRelation" oid="BBAB7B36-E142-225D-9A9B-3602DE906BCF" otype="FKIndexAssociation" vid_source="F9A6CDB0-8726-4F9D-D6B9-7C9BAE31405F" vid_target="E93CCBD8-1FC1-8D50-9B22-D34683D61B32">
<hideElementsInCurrentOnly>false</hideElementsInCurrentOnly>
<lineWidth>1</lineWidth>
<points>
<point x="1507" y="620"/>
<point x="1507" y="315"/>
</points>
</Connector>
<Connector class="oracle.dbtools.crest.swingui.relational.TVFKRelation" oid="BFC1D2FE-611E-6E32-7A6E-903D2E4749AF" otype="FKIndexAssociation" vid_source="5EFA70C6-C603-7C19-0CC5-2052B26B9138" vid_target="940A8BC8-8FF5-BAA1-E22A-7F1381D9F7D7">
<hideElementsInCurrentOnly>false</hideElementsInCurrentOnly>
<lineWidth>1</lineWidth>
<points>
<point x="567" y="137"/>
<point x="567" y="698"/>
</points>
</Connector>
<Connector class="oracle.dbtools.crest.swingui.relational.TVFKRelation" oid="C8CCF058-5C76-DB49-0548-F4531FCA5063" otype="FKIndexAssociation" vid_source="F9A6CDB0-8726-4F9D-D6B9-7C9BAE31405F" vid_target="3F15E29B-3E82-EA20-FA74-541358C568C0">
<hideElementsInCurrentOnly>false</hideElementsInCurrentOnly>
<lineWidth>1</lineWidth>
<points>
<point x="1564" y="820"/>
<point x="1563" y="1157"/>
</points>
</Connector>
<Connector class="oracle.dbtools.crest.swingui.relational.TVFKRelation" oid="CCD50A0F-8E96-CBA6-C005-8B9981E0030E" otype="FKIndexAssociation" vid_source="F1D7123D-B95F-481E-2BFB-A0D4988D34BC" vid_target="E93CCBD8-1FC1-8D50-9B22-D34683D61B32">
<hideElementsInCurrentOnly>false</hideElementsInCurrentOnly>
<lineWidth>1</lineWidth>
<points>
<point x="1750" y="760"/>
<point x="1525" y="315"/>
</points>
</Connector>
<Connector class="oracle.dbtools.crest.swingui.relational.TVFKRelation" oid="D228E295-8C70-57FB-8D60-43ED09946414" otype="FKIndexAssociation" vid_source="C408F156-6963-CBB5-1C2A-A52F976EB049" vid_target="1348315E-5FD5-E9AF-1584-2511D725B0E4">
<hideElementsInCurrentOnly>false</hideElementsInCurrentOnly>
<lineWidth>1</lineWidth>
<points>
<point x="837" y="1188"/>
<point x="837" y="1139"/>
</points>
</Connector>
<Connector class="oracle.dbtools.crest.swingui.relational.TVFKRelation" oid="D7CB5E72-1273-E2F3-B7F6-D2F13BACC620" otype="FKIndexAssociation" vid_source="1348315E-5FD5-E9AF-1584-2511D725B0E4" vid_target="62F0FD8C-5B9D-4492-782F-948217E24B88">
<hideElementsInCurrentOnly>false</hideElementsInCurrentOnly>
<lineWidth>1</lineWidth>
<points>
<point x="743" y="925"/>
<point x="748" y="498"/>
</points>
</Connector>
<Connector class="oracle.dbtools.crest.swingui.relational.TVFKRelation" oid="E04A1206-9E00-FAD0-162D-08AD1D6F4364" otype="FKIndexAssociation" vid_source="EEEEE0E0-7908-272D-CD88-51B2AACCA8DD" vid_target="1F048B57-BDA2-FB33-3FB4-B59FFAA98836">
<hideElementsInCurrentOnly>false</hideElementsInCurrentOnly>
<lineWidth>1</lineWidth>
<points>
<point x="124" y="511"/>
<point x="124" y="561"/>
</points>
</Connector>
<Connector class="oracle.dbtools.crest.swingui.relational.TVFKRelation" oid="E955E459-463C-5C0B-E5BA-90164ED4BA35" otype="FKIndexAssociation" vid_source="3F15E29B-3E82-EA20-FA74-541358C568C0" vid_target="174CB6DC-88AB-C8E2-DBE8-B007836F17CA">
<hideElementsInCurrentOnly>false</hideElementsInCurrentOnly>
<lineWidth>1</lineWidth>
<points>
<point x="1540" y="1157"/>
<point x="1385" y="1156"/>
<point x="1507" y="1052"/>
</points>
</Connector>
<Connector class="oracle.dbtools.crest.swingui.relational.TVFKRelation" oid="E9FB4AC6-D041-948D-8BB4-C97CEEE84A04" otype="FKIndexAssociation" vid_source="1348315E-5FD5-E9AF-1584-2511D725B0E4" vid_target="6B18CCCB-DD87-2500-13E9-096EC9F4105D">
<hideElementsInCurrentOnly>false</hideElementsInCurrentOnly>
<lineWidth>1</lineWidth>
<points>
<point x="723" y="925"/>
<point x="723" y="848"/>
<point x="788" y="848"/>
</points>
</Connector>
<Connector class="oracle.dbtools.crest.swingui.relational.TVFKRelation" oid="EF92AEB0-7308-AA24-9404-845E60C2BF74" otype="FKIndexAssociation" vid_source="174CB6DC-88AB-C8E2-DBE8-B007836F17CA" vid_target="6B18CCCB-DD87-2500-13E9-096EC9F4105D">
<hideElementsInCurrentOnly>false</hideElementsInCurrentOnly>
<lineWidth>1</lineWidth>
<points>
<point x="1287" y="908"/>
<point x="957" y="981"/>
<point x="1004" y="880"/>
</points>
</Connector>
<Connector class="oracle.dbtools.crest.swingui.relational.TVFKRelation" oid="F4BE2EA9-551E-A5A7-CCBE-0E3A29F94FE0" otype="FKIndexAssociation" vid_source="BAA71D96-6E62-BF9A-D4DB-6ED32D3DA4D5" vid_target="BAA71D96-6E62-BF9A-D4DB-6ED32D3DA4D5">
<hideElementsInCurrentOnly>false</hideElementsInCurrentOnly>
<lineWidth>1</lineWidth>
<points>
<point x="645" y="1183"/>
<point x="645" y="1210"/>
<point x="645" y="1262"/>
<point x="570" y="1262"/>
<point x="570" y="1271"/>
</points>
</Connector>
<Connector class="oracle.dbtools.crest.swingui.relational.TVFKRelation" oid="F5363777-C317-09CE-7C4C-76AC01F2EBE6" otype="FKIndexAssociation" vid_source="95B86650-4B0E-EFE2-F4C6-419654475355" vid_target="D9E51BB9-E2C9-0F68-F7A4-A1AAFD1B4974">
<hideElementsInCurrentOnly>false</hideElementsInCurrentOnly>
<lineWidth>1</lineWidth>
<points>
<point x="1358" y="440"/>
<point x="1659" y="440"/>
</points>
</Connector>
<Connector class="oracle.dbtools.crest.swingui.relational.TVFKRelation" oid="F68C5A00-3183-BD64-876B-385134443970" otype="FKIndexAssociation" vid_source="62F0FD8C-5B9D-4492-782F-948217E24B88" vid_target="FB4CC102-899D-A82E-5D4C-A1D99B7AE2AD">
<hideElementsInCurrentOnly>false</hideElementsInCurrentOnly>
<lineWidth>1</lineWidth>
<points>
<point x="807" y="498"/>
<point x="807" y="589"/>
<point x="1288" y="588"/>
<point x="1288" y="848"/>
<point x="1619" y="853"/>
<point x="1619" y="913"/>
</points>
</Connector>
<Connector class="oracle.dbtools.crest.swingui.relational.TVFKRelation" oid="F7BB674B-6746-6070-A1D9-AF7A48DCAF80" otype="FKIndexAssociation" vid_source="F9A6CDB0-8726-4F9D-D6B9-7C9BAE31405F" vid_target="F1D7123D-B95F-481E-2BFB-A0D4988D34BC">
<hideElementsInCurrentOnly>false</hideElementsInCurrentOnly>
<lineWidth>1</lineWidth>
<points>
<point x="1575" y="790"/>
<point x="1636" y="790"/>
</points>
</Connector>
<Connector class="oracle.dbtools.crest.swingui.relational.TVFKRelation" oid="FF9449E0-7580-885F-A20C-5CD15E189576" otype="FKIndexAssociation" vid_source="FB4CC102-899D-A82E-5D4C-A1D99B7AE2AD" vid_target="62F0FD8C-5B9D-4492-782F-948217E24B88">
<hideElementsInCurrentOnly>false</hideElementsInCurrentOnly>
<lineWidth>1</lineWidth>
<points>
<point x="1614" y="913"/>
<point x="807" y="589"/>
<point x="1288" y="588"/>
<point x="1288" y="848"/>
<point x="1619" y="853"/>
<point x="881" y="498"/>
</points>
</Connector>
</connectors>
</Diagram>