<?xml version = '1.0' encoding = 'UTF-8'?>
<DomainFile class="oracle.dbtools.crest.model.design.DomainFileWrapper" fileName="dominios_geek">
   <domains>
      <Domain class="oracle.dbtools.crest.model.design.Domain" name="Tipo de Pessoa" id="8BB57814-02B5-F8A7-8F2A-68176DFC68EE">
         <createdBy>Marcelo Dias</createdBy>
         <createdTime>2015-09-20 17:51:49 UTC</createdTime>
         <generatorID>Gerado pelo usuário</generatorID>
         <ownerDesignName>modelo_v03</ownerDesignName>
         <importedID>8BB57814-02B5-F8A7-8F2A-68176DFC68EE</importedID>
         <avTSortOrder>0</avTSortOrder>
         <dataTypeSize>08</dataTypeSize>
         <fileName>dominios_geek</fileName>
         <logicalDatatype>LOGDT025</logicalDatatype>
         <listOfValues>
            <valueDef value="Fisica" description="Fisica"/>
            <valueDef value="Juridica" description="Juridica"/>
         </listOfValues>
      </Domain>
      <Domain class="oracle.dbtools.crest.model.design.Domain" name="Tipo de Armazenagem" id="B7B0CC19-1163-C28B-5FDA-3825DB0B43A9">
         <createdBy>Marcelo Dias</createdBy>
         <createdTime>2015-09-20 17:06:45 UTC</createdTime>
         <generatorID>Gerado pelo usuário</generatorID>
         <ownerDesignName>modelo_v03</ownerDesignName>
         <importedID>B7B0CC19-1163-C28B-5FDA-3825DB0B43A9</importedID>
         <avTSortOrder>0</avTSortOrder>
         <dataTypeSize>07 CHAR</dataTypeSize>
         <fileName>dominios_geek</fileName>
         <logicalDatatype>LOGDT024</logicalDatatype>
         <listOfValues>
            <valueDef value="01" description="ESTOQUE"/>
            <valueDef value="02" description="LOJA"/>
         </listOfValues>
      </Domain>
      <Domain class="oracle.dbtools.crest.model.design.Domain" name="Unknown" id="DOM3000004">
         <createdBy>Marcelo Dias</createdBy>
         <createdTime>2015-03-08 15:35:05 UTC</createdTime>
         <ownerDesignName>modelo_v03</ownerDesignName>
         <importedID>DOM3000004</importedID>
         <avTSortOrder>0</avTSortOrder>
         <fileName>dominios_geek</fileName>
         <logicalDatatype>LOGDT017</logicalDatatype>
      </Domain>
   </domains>
</DomainFile>