<?xml version = '1.0' encoding = 'UTF-8'?>
<FKIndexAssociation class="oracle.dbtools.crest.model.design.relational.FKIndexAssociation" directorySegmentName="seg_0" id="06F12E21-640E-C768-371A-37B68AC1A12D" containerWithKeyObject="13AFF4F6-9878-8E5A-D398-D11E9B6AF223" localFKIndex="06871E65-97F7-7EAC-1224-775DF8F3CF59" name="fk_nota_fiscal_compra">
<createdBy>Bloorc</createdBy>
<createdTime>2016-05-19 21:53:52 UTC</createdTime>
<generatorID>53337346-21C1-42A0-9066-E4DBA2AAD620</generatorID>
<ownerDesignName>modelo_v03</ownerDesignName>
<deleteRule>NO ACTION</deleteRule>
<referredTableID>F670B6B7-9E07-046B-524D-00A399752C16</referredTableID>
<keyObject>E353A2E6-31DA-ECCB-D665-D60500B1E4C6</keyObject>
<referredKeyID>E353A2E6-31DA-ECCB-D665-D60500B1E4C6</referredKeyID>
<mandatory>false</mandatory>
<transferable>true</transferable>
<rely>false</rely>
<columnDependencyConstraintGenerateInDDL>true</columnDependencyConstraintGenerateInDDL>
</FKIndexAssociation>