<?xml version = '1.0' encoding = 'UTF-8'?>
<FKIndexAssociation class="oracle.dbtools.crest.model.design.relational.FKIndexAssociation" directorySegmentName="seg_0" id="0A82AD33-5DD3-693B-4F57-F8C3C0BB5D22" containerWithKeyObject="1A095888-B711-CD4F-64EC-A1603962EC89" localFKIndex="C875D3FB-4F24-C046-0712-CF403F36B5CF" name="R_PROM_VEND">
<createdBy>Bloorc</createdBy>
<createdTime>2016-05-19 21:53:52 UTC</createdTime>
<generatorID>47992BBD-A1D2-12A8-6F16-EB3C933E70DA</generatorID>
<ownerDesignName>modelo_v03</ownerDesignName>
<deleteRule>NO ACTION</deleteRule>
<referredTableID>F97CA54F-AF7A-1BA8-FD5C-03BB4ADF0DE6</referredTableID>
<keyObject>42DD4F0C-A378-7C71-3CE9-0C2A7CA31810</keyObject>
<referredKeyID>42DD4F0C-A378-7C71-3CE9-0C2A7CA31810</referredKeyID>
<mandatory>true</mandatory>
<transferable>true</transferable>
<rely>false</rely>
<columnDependencyConstraintGenerateInDDL>true</columnDependencyConstraintGenerateInDDL>
</FKIndexAssociation>