<?xml version = '1.0' encoding = 'UTF-8'?>
<FKIndexAssociation class="oracle.dbtools.crest.model.design.relational.FKIndexAssociation" directorySegmentName="seg_0" id="0DD28F79-4C1E-956B-79FA-5806E2412C93" containerWithKeyObject="D981A2B3-FDC1-E4A5-22C8-4C286C19F31D" localFKIndex="3CD81C3D-8BBE-E81F-FE01-1CC648CB79DE" name="fk_pagamento_nota_fiscal">
<createdBy>Bloorc</createdBy>
<createdTime>2016-05-19 21:53:52 UTC</createdTime>
<generatorID>DBE74831-1003-8CA6-CACA-AA8B518C6764</generatorID>
<ownerDesignName>modelo_v03</ownerDesignName>
<deleteRule>NO ACTION</deleteRule>
<referredTableID>13AFF4F6-9878-8E5A-D398-D11E9B6AF223</referredTableID>
<keyObject>A37B80D1-60F6-DF16-969A-8E9174165F33</keyObject>
<referredKeyID>A37B80D1-60F6-DF16-969A-8E9174165F33</referredKeyID>
<mandatory>false</mandatory>
<transferable>true</transferable>
<rely>false</rely>
<columnDependencyConstraintGenerateInDDL>true</columnDependencyConstraintGenerateInDDL>
</FKIndexAssociation>