<?xml version = '1.0' encoding = 'UTF-8'?>
<FKIndexAssociation class="oracle.dbtools.crest.model.design.relational.FKIndexAssociation" directorySegmentName="seg_0" id="0F27B091-072F-637D-8688-DEE422E806CF" containerWithKeyObject="13AFF4F6-9878-8E5A-D398-D11E9B6AF223" localFKIndex="8C1701E9-4F00-D0D3-0787-06C5FC6EDECE" name="fk_nota_fisc_natu_oper_nfe">
<createdBy>Bloorc</createdBy>
<createdTime>2016-05-19 21:53:52 UTC</createdTime>
<generatorID>6D4323F2-B836-22A2-29B5-B81FC73D2C37</generatorID>
<ownerDesignName>modelo_v03</ownerDesignName>
<deleteRule>NO ACTION</deleteRule>
<referredTableID>5EF02C7A-C29D-0514-B539-D80EBF826F7B</referredTableID>
<keyObject>88E13C68-A132-70D3-87E2-7FF649EFB360</keyObject>
<referredKeyID>88E13C68-A132-70D3-87E2-7FF649EFB360</referredKeyID>
<mandatory>true</mandatory>
<transferable>true</transferable>
<rely>false</rely>
<columnDependencyConstraintGenerateInDDL>true</columnDependencyConstraintGenerateInDDL>
</FKIndexAssociation>