<?xml version = '1.0' encoding = 'UTF-8'?>
<FKIndexAssociation class="oracle.dbtools.crest.model.design.relational.FKIndexAssociation" directorySegmentName="seg_0" id="128CE378-AE83-AC74-0D86-284D6F67601B" containerWithKeyObject="6DC490BE-6637-188B-B1A3-F17D56C60381" localFKIndex="A610832B-C8D9-AC64-7714-38A88C90C91D" name="fk_estado_pais">
<createdBy>Bloorc</createdBy>
<createdTime>2016-05-19 21:53:52 UTC</createdTime>
<generatorID>D85AFB17-22CC-67D2-8F95-86A15302C678</generatorID>
<ownerDesignName>modelo_v03</ownerDesignName>
<deleteRule>NO ACTION</deleteRule>
<referredTableID>BC9E6329-6A52-B29C-837D-224A26CDFF74</referredTableID>
<keyObject>3EDEAA42-3A7E-1F07-D0E0-CD3BB3E11F1E</keyObject>
<referredKeyID>3EDEAA42-3A7E-1F07-D0E0-CD3BB3E11F1E</referredKeyID>
<mandatory>true</mandatory>
<transferable>true</transferable>
<rely>false</rely>
<columnDependencyConstraintGenerateInDDL>true</columnDependencyConstraintGenerateInDDL>
</FKIndexAssociation>