<?xml version = '1.0' encoding = 'UTF-8'?>
<FKIndexAssociation class="oracle.dbtools.crest.model.design.relational.FKIndexAssociation" directorySegmentName="seg_0" id="19E9AB4F-BCA2-0E2D-BA79-F87AD2D9264A" containerWithKeyObject="F670B6B7-9E07-046B-524D-00A399752C16" localFKIndex="B4A96E10-7942-7B52-8E42-8B5B86DDAC06" name="fk_funcionario_compra">
<createdBy>Bloorc</createdBy>
<createdTime>2016-05-19 21:53:52 UTC</createdTime>
<generatorID>028F1A41-56C9-E28D-97F2-F55638129A2D</generatorID>
<ownerDesignName>modelo_v03</ownerDesignName>
<deleteRule>NO ACTION</deleteRule>
<referredTableID>E4908F49-0930-A59C-D35E-06C8B94938A6</referredTableID>
<keyObject>1E209508-643B-85BD-A325-2FE80FB1CCB2</keyObject>
<referredKeyID>1E209508-643B-85BD-A325-2FE80FB1CCB2</referredKeyID>
<mandatory>true</mandatory>
<transferable>true</transferable>
<rely>false</rely>
<columnDependencyConstraintGenerateInDDL>true</columnDependencyConstraintGenerateInDDL>
</FKIndexAssociation>