<?xml version = '1.0' encoding = 'UTF-8'?>
<FKIndexAssociation class="oracle.dbtools.crest.model.design.relational.FKIndexAssociation" directorySegmentName="seg_0" id="23286AA3-CE67-2894-3C93-C2F745C5FBCC" containerWithKeyObject="A02767AE-1F88-4675-73EC-CAC97A9EB3E0" localFKIndex="BDEEE1DA-9A6A-13B4-8169-EDAE9E969279" name="fk_produto_imposto">
<createdBy>Bloorc</createdBy>
<createdTime>2016-05-19 21:53:52 UTC</createdTime>
<generatorID>A0C710ED-6766-AB16-144D-937B3A4E6314</generatorID>
<ownerDesignName>modelo_v03</ownerDesignName>
<deleteRule>NO ACTION</deleteRule>
<referredTableID>0315E9DA-B0B0-A160-ACCA-04874738987E</referredTableID>
<keyObject>F6E34442-A34B-B71F-CACF-51D82F1C6A87</keyObject>
<referredKeyID>F6E34442-A34B-B71F-CACF-51D82F1C6A87</referredKeyID>
<mandatory>false</mandatory>
<transferable>true</transferable>
<rely>false</rely>
<columnDependencyConstraintGenerateInDDL>true</columnDependencyConstraintGenerateInDDL>
</FKIndexAssociation>