<?xml version = '1.0' encoding = 'UTF-8'?>
<FKIndexAssociation class="oracle.dbtools.crest.model.design.relational.FKIndexAssociation" directorySegmentName="seg_0" id="25716411-0F20-2C37-08E6-DF4071D0F540" containerWithKeyObject="FB7E5611-6742-5FF8-4CA7-C54339ED2342" localFKIndex="B6376E01-143A-AA3D-0653-F1BCC275FF46" name="fk_compra_compra_item">
<createdBy>Bloorc</createdBy>
<createdTime>2016-05-19 21:53:52 UTC</createdTime>
<generatorID>69AEB758-C92C-C08C-7DC5-5D97712783B5</generatorID>
<ownerDesignName>modelo_v03</ownerDesignName>
<deleteRule>NO ACTION</deleteRule>
<referredTableID>F670B6B7-9E07-046B-524D-00A399752C16</referredTableID>
<keyObject>E353A2E6-31DA-ECCB-D665-D60500B1E4C6</keyObject>
<referredKeyID>E353A2E6-31DA-ECCB-D665-D60500B1E4C6</referredKeyID>
<mandatory>true</mandatory>
<transferable>true</transferable>
<rely>false</rely>
<columnDependencyConstraintGenerateInDDL>true</columnDependencyConstraintGenerateInDDL>
</FKIndexAssociation>