<?xml version = '1.0' encoding = 'UTF-8'?>
<FKIndexAssociation class="oracle.dbtools.crest.model.design.relational.FKIndexAssociation" directorySegmentName="seg_0" id="25ABC8A0-0026-F284-B9CC-5308B9A8309C" containerWithKeyObject="0828B546-5D7B-9DCF-6DF1-706BEF972994" localFKIndex="6DBADE35-EE59-A863-4116-16088A2F8448" name="fk_cliente_endereco">
<createdBy>Bloorc</createdBy>
<createdTime>2016-05-19 21:53:52 UTC</createdTime>
<generatorID>E7506D49-0960-A250-47E3-E15DBD913A95</generatorID>
<ownerDesignName>modelo_v03</ownerDesignName>
<deleteRule>NO ACTION</deleteRule>
<referredTableID>77BE7393-04C6-28EB-597F-46BF2285F47D</referredTableID>
<keyObject>14C901E7-1FA7-97C3-163F-F08CC5934271</keyObject>
<referredKeyID>14C901E7-1FA7-97C3-163F-F08CC5934271</referredKeyID>
<mandatory>false</mandatory>
<transferable>true</transferable>
<rely>false</rely>
<columnDependencyConstraintGenerateInDDL>true</columnDependencyConstraintGenerateInDDL>
</FKIndexAssociation>