<?xml version = '1.0' encoding = 'UTF-8'?>
<FKIndexAssociation class="oracle.dbtools.crest.model.design.relational.FKIndexAssociation" directorySegmentName="seg_0" id="25D67F14-A5A8-3C1F-37D0-DBEA01CB288A" containerWithKeyObject="D1BC99F2-D29F-B365-602A-9625ECC090BB" localFKIndex="E1170D6B-444D-4A41-B561-40B152121709" name="fk_endreco_fornecedor">
<createdBy>Bloorc</createdBy>
<createdTime>2016-05-19 21:53:52 UTC</createdTime>
<generatorID>5E2E0CD4-C294-BD53-31E1-7CB8F1C62771</generatorID>
<ownerDesignName>modelo_v03</ownerDesignName>
<deleteRule>NO ACTION</deleteRule>
<referredTableID>77BE7393-04C6-28EB-597F-46BF2285F47D</referredTableID>
<keyObject>14C901E7-1FA7-97C3-163F-F08CC5934271</keyObject>
<referredKeyID>14C901E7-1FA7-97C3-163F-F08CC5934271</referredKeyID>
<mandatory>false</mandatory>
<transferable>true</transferable>
<rely>false</rely>
<columnDependencyConstraintGenerateInDDL>true</columnDependencyConstraintGenerateInDDL>
</FKIndexAssociation>