<?xml version = '1.0' encoding = 'UTF-8'?>
<FKIndexAssociation class="oracle.dbtools.crest.model.design.relational.FKIndexAssociation" directorySegmentName="seg_0" id="2C33A6C2-2A19-ADEE-A169-55350AA26569" containerWithKeyObject="77BE7393-04C6-28EB-597F-46BF2285F47D" localFKIndex="3480DE52-D323-A98E-F10A-9DE0CE37C7A5" name="fk_endereco_cidade">
<createdBy>Bloorc</createdBy>
<createdTime>2016-05-19 21:53:52 UTC</createdTime>
<generatorID>FC7B8A44-7D29-8029-76A1-9EFF0F386818</generatorID>
<ownerDesignName>modelo_v03</ownerDesignName>
<deleteRule>NO ACTION</deleteRule>
<referredTableID>51D3E902-37AF-C3EA-2152-4DC577598EF0</referredTableID>
<keyObject>0797DD8A-7AA9-7EAE-DC19-1D4DD7F49799</keyObject>
<referredKeyID>0797DD8A-7AA9-7EAE-DC19-1D4DD7F49799</referredKeyID>
<mandatory>true</mandatory>
<transferable>true</transferable>
<rely>false</rely>
<columnDependencyConstraintGenerateInDDL>true</columnDependencyConstraintGenerateInDDL>
</FKIndexAssociation>