<?xml version = '1.0' encoding = 'UTF-8'?>
<FKIndexAssociation class="oracle.dbtools.crest.model.design.relational.FKIndexAssociation" directorySegmentName="seg_0" id="2F3761E5-5813-4D7D-B5CD-B687E14CCAAE" containerWithKeyObject="1E45D237-93EE-F6F8-D6FF-62CA0C804BE5" localFKIndex="819AF9B7-6143-FB9C-4868-6C7091D062A0" name="FK_ASS_79">
<createdBy>Bloorc</createdBy>
<createdTime>2016-05-19 21:53:52 UTC</createdTime>
<generatorID>C329DB0C-1FD6-78A0-6F3E-5E0A6FE9CC96</generatorID>
<ownerDesignName>modelo_v03</ownerDesignName>
<deleteRule>NO ACTION</deleteRule>
<referredTableID>7D14D679-1920-13BC-E943-AC8CBF3976F9</referredTableID>
<keyObject>16B79516-065E-79CB-0B44-3B93AA7AE6A1</keyObject>
<referredKeyID>16B79516-065E-79CB-0B44-3B93AA7AE6A1</referredKeyID>
<mandatory>true</mandatory>
<transferable>true</transferable>
<rely>false</rely>
<columnDependencyConstraintGenerateInDDL>true</columnDependencyConstraintGenerateInDDL>
</FKIndexAssociation>