<?xml version = '1.0' encoding = 'UTF-8'?>
<FKIndexAssociation class="oracle.dbtools.crest.model.design.relational.FKIndexAssociation" directorySegmentName="seg_0" id="3C5A73E7-1418-59E3-5ECF-C38E82A6E327" containerWithKeyObject="D068CB04-9992-712D-AF21-E87C31017D58" localFKIndex="BC330057-0F03-2675-377E-2A80DA91A564" name="R_PESQ_FUNC">
<createdBy>Bloorc</createdBy>
<createdTime>2016-05-19 21:53:52 UTC</createdTime>
<generatorID>6DB97B07-38FC-1D42-78DD-4235A13F87B1</generatorID>
<ownerDesignName>modelo_v03</ownerDesignName>
<deleteRule>NO ACTION</deleteRule>
<referredTableID>E4908F49-0930-A59C-D35E-06C8B94938A6</referredTableID>
<keyObject>1E209508-643B-85BD-A325-2FE80FB1CCB2</keyObject>
<referredKeyID>1E209508-643B-85BD-A325-2FE80FB1CCB2</referredKeyID>
<mandatory>true</mandatory>
<transferable>true</transferable>
<rely>false</rely>
<columnDependencyConstraintGenerateInDDL>true</columnDependencyConstraintGenerateInDDL>
</FKIndexAssociation>