<?xml version = '1.0' encoding = 'UTF-8'?>
<FKIndexAssociation class="oracle.dbtools.crest.model.design.relational.FKIndexAssociation" directorySegmentName="seg_0" id="3D686F71-7A9F-FAE4-63E1-676B004A0E38" containerWithKeyObject="E4908F49-0930-A59C-D35E-06C8B94938A6" localFKIndex="257FABC5-BCF3-B01B-1873-85BFBC7091A0" name="fk_endereco_funcionario">
<createdBy>Bloorc</createdBy>
<createdTime>2016-05-19 21:53:52 UTC</createdTime>
<generatorID>1A6241B1-B0FB-88B2-CA21-8571F57956AF</generatorID>
<ownerDesignName>modelo_v03</ownerDesignName>
<deleteRule>NO ACTION</deleteRule>
<referredTableID>77BE7393-04C6-28EB-597F-46BF2285F47D</referredTableID>
<keyObject>14C901E7-1FA7-97C3-163F-F08CC5934271</keyObject>
<referredKeyID>14C901E7-1FA7-97C3-163F-F08CC5934271</referredKeyID>
<mandatory>false</mandatory>
<transferable>true</transferable>
<rely>false</rely>
<columnDependencyConstraintGenerateInDDL>true</columnDependencyConstraintGenerateInDDL>
</FKIndexAssociation>