<?xml version = '1.0' encoding = 'UTF-8'?>
<FKIndexAssociation class="oracle.dbtools.crest.model.design.relational.FKIndexAssociation" directorySegmentName="seg_0" id="4828C1E6-A3C9-9CA4-D556-6A2C3903EA43" containerWithKeyObject="F1864F95-41D5-99DA-5493-B7B1292AD9CA" localFKIndex="1CED0FBC-2E33-49E8-0823-94FDD4FDD391" name="fk_comp_item_ent_estoque">
<createdBy>Bloorc</createdBy>
<createdTime>2016-05-19 21:53:52 UTC</createdTime>
<generatorID>29743508-3B73-5B00-F3AB-26C3B90DF40A</generatorID>
<ownerDesignName>modelo_v03</ownerDesignName>
<deleteRule>NO ACTION</deleteRule>
<referredTableID>FB7E5611-6742-5FF8-4CA7-C54339ED2342</referredTableID>
<keyObject>E633D6E1-0027-518A-FF75-30F03511D4D1</keyObject>
<referredKeyID>E633D6E1-0027-518A-FF75-30F03511D4D1</referredKeyID>
<mandatory>true</mandatory>
<transferable>true</transferable>
<rely>false</rely>
<columnDependencyConstraintGenerateInDDL>true</columnDependencyConstraintGenerateInDDL>
</FKIndexAssociation>