<?xml version = '1.0' encoding = 'UTF-8'?>
<FKIndexAssociation class="oracle.dbtools.crest.model.design.relational.FKIndexAssociation" directorySegmentName="seg_0" id="48D516E7-3921-8F2C-EA9E-1236EE4679D8" containerWithKeyObject="E4908F49-0930-A59C-D35E-06C8B94938A6" localFKIndex="6724C704-6650-53E9-1C68-F6AD0F712ED1" name="R_ENDERECO_FUNCIONARIO">
<createdBy>Bloorc</createdBy>
<createdTime>2016-05-19 21:53:52 UTC</createdTime>
<generatorID>F7452698-815A-451F-935A-67D2F7800A06</generatorID>
<ownerDesignName>modelo_v03</ownerDesignName>
<deleteRule>NO ACTION</deleteRule>
<referredTableID>77BE7393-04C6-28EB-597F-46BF2285F47D</referredTableID>
<keyObject>14C901E7-1FA7-97C3-163F-F08CC5934271</keyObject>
<referredKeyID>14C901E7-1FA7-97C3-163F-F08CC5934271</referredKeyID>
<mandatory>true</mandatory>
<transferable>true</transferable>
<rely>false</rely>
<columnDependencyConstraintGenerateInDDL>true</columnDependencyConstraintGenerateInDDL>
</FKIndexAssociation>