<?xml version = '1.0' encoding = 'UTF-8'?>
<FKIndexAssociation class="oracle.dbtools.crest.model.design.relational.FKIndexAssociation" directorySegmentName="seg_0" id="4A3AE3BF-F73B-6D24-6B41-3ED03DD4FBDE" containerWithKeyObject="D58A7D80-6FFC-6FCC-8855-467935D49A5B" localFKIndex="1A3F70AE-B9FA-90AD-B8B2-4ED978A4D29A" name="fk_telefone_filial">
<createdBy>Bloorc</createdBy>
<createdTime>2016-05-19 21:53:52 UTC</createdTime>
<generatorID>D868BC70-234D-11FC-95CE-2D18F8AA6ED7</generatorID>
<ownerDesignName>modelo_v03</ownerDesignName>
<deleteRule>NO ACTION</deleteRule>
<referredTableID>72440136-6E5C-927C-6937-8C2EA5CA65CA</referredTableID>
<keyObject>848E07B7-9E75-6301-73C4-3ACFDCA6187E</keyObject>
<referredKeyID>848E07B7-9E75-6301-73C4-3ACFDCA6187E</referredKeyID>
<mandatory>false</mandatory>
<transferable>true</transferable>
<rely>false</rely>
<columnDependencyConstraintGenerateInDDL>true</columnDependencyConstraintGenerateInDDL>
</FKIndexAssociation>