<?xml version = '1.0' encoding = 'UTF-8'?>
<FKIndexAssociation class="oracle.dbtools.crest.model.design.relational.FKIndexAssociation" directorySegmentName="seg_0" id="679B3C1A-E32D-F489-0435-3FC5E091BE2D" containerWithKeyObject="7D14D679-1920-13BC-E943-AC8CBF3976F9" localFKIndex="4E105AF6-C192-8BB7-11D1-A6961C793D9F" name="R_PROM_GRUP_PROD">
<createdBy>Bloorc</createdBy>
<createdTime>2016-05-19 21:53:52 UTC</createdTime>
<generatorID>33795DE9-DE3D-040D-3859-F5248BBC2317</generatorID>
<ownerDesignName>modelo_v03</ownerDesignName>
<deleteRule>NO ACTION</deleteRule>
<referredTableID>0315E9DA-B0B0-A160-ACCA-04874738987E</referredTableID>
<keyObject>F6E34442-A34B-B71F-CACF-51D82F1C6A87</keyObject>
<referredKeyID>F6E34442-A34B-B71F-CACF-51D82F1C6A87</referredKeyID>
<mandatory>true</mandatory>
<transferable>true</transferable>
<rely>false</rely>
<columnDependencyConstraintGenerateInDDL>true</columnDependencyConstraintGenerateInDDL>
</FKIndexAssociation>