<?xml version = '1.0' encoding = 'UTF-8'?>
<FKIndexAssociation class="oracle.dbtools.crest.model.design.relational.FKIndexAssociation" directorySegmentName="seg_0" id="6F34560F-E22E-3C74-2E89-EEFADF1A80B3" containerWithKeyObject="1E45D237-93EE-F6F8-D6FF-62CA0C804BE5" localFKIndex="A00BA80B-6F9B-990D-16A6-B570E4857296" name="FK_ASS_80">
<createdBy>Bloorc</createdBy>
<createdTime>2016-05-19 21:53:52 UTC</createdTime>
<generatorID>C329DB0C-1FD6-78A0-6F3E-5E0A6FE9CC96</generatorID>
<ownerDesignName>modelo_v03</ownerDesignName>
<deleteRule>NO ACTION</deleteRule>
<referredTableID>1A095888-B711-CD4F-64EC-A1603962EC89</referredTableID>
<keyObject>100E3E64-8AFD-DD1E-54FE-4015CFB70D68</keyObject>
<referredKeyID>100E3E64-8AFD-DD1E-54FE-4015CFB70D68</referredKeyID>
<mandatory>true</mandatory>
<transferable>true</transferable>
<rely>false</rely>
<columnDependencyConstraintGenerateInDDL>true</columnDependencyConstraintGenerateInDDL>
</FKIndexAssociation>