<?xml version = '1.0' encoding = 'UTF-8'?>
<FKIndexAssociation class="oracle.dbtools.crest.model.design.relational.FKIndexAssociation" directorySegmentName="seg_0" id="70188C0B-E6E2-FCCB-37AE-16121318C07A" containerWithKeyObject="8218711E-4532-4776-9FC3-267E1868FF63" localFKIndex="DCBF3A75-61C8-1666-4122-DB6926F557C5" name="FK_ADMT_CART_FORM_PGTO">
<createdBy>Bloorc</createdBy>
<createdTime>2016-05-19 21:53:52 UTC</createdTime>
<comment>Relacionamento entre as tabelas FORMA_PAGAMENTO E ADMINISTRADORAS_CARTAO, onde define a administradora do cartão que será utilizado na venda</comment>
<commentInRDBMS>Relacionamento entre as tabelas FORMA_PAGAMENTO E ADMINISTRADORAS_CARTAO, onde define a administradora do cartão que será utilizado na venda</commentInRDBMS>
<generatorID>B1C98BFD-1D9C-B707-18D8-A04AFD082807</generatorID>
<ownerDesignName>modelo_v03</ownerDesignName>
<deleteRule>NO ACTION</deleteRule>
<referredTableID>986C65EC-BAC3-D6E4-7DFF-BC9F0A4A2A33</referredTableID>
<keyObject>37982AD2-BA7F-31D9-D198-A43F5207BB81</keyObject>
<referredKeyID>37982AD2-BA7F-31D9-D198-A43F5207BB81</referredKeyID>
<mandatory>true</mandatory>
<transferable>true</transferable>
<rely>false</rely>
<columnDependencyConstraintGenerateInDDL>true</columnDependencyConstraintGenerateInDDL>
</FKIndexAssociation>