<?xml version = '1.0' encoding = 'UTF-8'?>
<FKIndexAssociation class="oracle.dbtools.crest.model.design.relational.FKIndexAssociation" directorySegmentName="seg_0" id="70FDF947-1552-5B5F-64BA-C757C31C4CA7" containerWithKeyObject="E4908F49-0930-A59C-D35E-06C8B94938A6" localFKIndex="508C1BC5-EB2D-A94B-B2E9-C323EFE2A4C1" name="fk_funcionario_cargo">
<createdBy>Bloorc</createdBy>
<createdTime>2016-05-19 21:53:52 UTC</createdTime>
<generatorID>1C2BDD3D-C42A-6CB3-F5A4-2065D5885A9E</generatorID>
<ownerDesignName>modelo_v03</ownerDesignName>
<deleteRule>NO ACTION</deleteRule>
<referredTableID>2936805B-7ED9-2CF7-26BD-7765F86521C1</referredTableID>
<keyObject>9B1C4002-99E9-C9DF-1684-F10DB27D8C30</keyObject>
<referredKeyID>9B1C4002-99E9-C9DF-1684-F10DB27D8C30</referredKeyID>
<mandatory>true</mandatory>
<transferable>true</transferable>
<rely>false</rely>
<columnDependencyConstraintGenerateInDDL>true</columnDependencyConstraintGenerateInDDL>
</FKIndexAssociation>