<?xml version = '1.0' encoding = 'UTF-8'?>
<FKIndexAssociation class="oracle.dbtools.crest.model.design.relational.FKIndexAssociation" directorySegmentName="seg_0" id="74DD0DD4-9674-AB6B-8E93-43F5375ECD5B" containerWithKeyObject="1A095888-B711-CD4F-64EC-A1603962EC89" localFKIndex="950D703D-D6F5-5944-3C97-1F4B18A01CDA" name="R_PROM_GRUP_VEND">
<createdBy>Bloorc</createdBy>
<createdTime>2016-05-19 21:53:52 UTC</createdTime>
<generatorID>C329DB0C-1FD6-78A0-6F3E-5E0A6FE9CC96</generatorID>
<ownerDesignName>modelo_v03</ownerDesignName>
<deleteRule>NO ACTION</deleteRule>
<referredTableID>7D14D679-1920-13BC-E943-AC8CBF3976F9</referredTableID>
<keyObject>16B79516-065E-79CB-0B44-3B93AA7AE6A1</keyObject>
<referredKeyID>16B79516-065E-79CB-0B44-3B93AA7AE6A1</referredKeyID>
<mandatory>false</mandatory>
<transferable>true</transferable>
<rely>false</rely>
<columnDependencyConstraintGenerateInDDL>true</columnDependencyConstraintGenerateInDDL>
</FKIndexAssociation>