<?xml version = '1.0' encoding = 'UTF-8'?>
<FKIndexAssociation class="oracle.dbtools.crest.model.design.relational.FKIndexAssociation" directorySegmentName="seg_0" id="77A10A5C-9E0A-0627-1BBC-1C6D5C9D1C77" containerWithKeyObject="1A095888-B711-CD4F-64EC-A1603962EC89" localFKIndex="791A6B39-61F8-30F9-41AC-DF860AE1D1F8" name="fk_venda_cliente">
<createdBy>Bloorc</createdBy>
<createdTime>2016-05-19 21:53:52 UTC</createdTime>
<generatorID>6827FB22-7275-750A-C6D8-C05551BC8F24</generatorID>
<ownerDesignName>modelo_v03</ownerDesignName>
<deleteRule>NO ACTION</deleteRule>
<referredTableID>0828B546-5D7B-9DCF-6DF1-706BEF972994</referredTableID>
<keyObject>2E90D908-C417-9D45-53CD-D388B6EFA51B</keyObject>
<referredKeyID>2E90D908-C417-9D45-53CD-D388B6EFA51B</referredKeyID>
<mandatory>true</mandatory>
<transferable>true</transferable>
<rely>false</rely>
<columnDependencyConstraintGenerateInDDL>true</columnDependencyConstraintGenerateInDDL>
</FKIndexAssociation>