<?xml version = '1.0' encoding = 'UTF-8'?>
<FKIndexAssociation class="oracle.dbtools.crest.model.design.relational.FKIndexAssociation" directorySegmentName="seg_0" id="78D9051A-2827-E723-B8DB-DBADC741EDC2" containerWithKeyObject="D58A7D80-6FFC-6FCC-8855-467935D49A5B" localFKIndex="82A5060A-131A-4A05-F6C6-2D00B5A2B467" name="fk_telefone_funcionario">
<createdBy>Bloorc</createdBy>
<createdTime>2016-05-19 21:53:52 UTC</createdTime>
<generatorID>081EE05D-0DF5-C492-53A8-550D5976420A</generatorID>
<ownerDesignName>modelo_v03</ownerDesignName>
<deleteRule>NO ACTION</deleteRule>
<referredTableID>E4908F49-0930-A59C-D35E-06C8B94938A6</referredTableID>
<keyObject>1E209508-643B-85BD-A325-2FE80FB1CCB2</keyObject>
<referredKeyID>1E209508-643B-85BD-A325-2FE80FB1CCB2</referredKeyID>
<mandatory>false</mandatory>
<transferable>true</transferable>
<rely>false</rely>
<columnDependencyConstraintGenerateInDDL>true</columnDependencyConstraintGenerateInDDL>
</FKIndexAssociation>