<?xml version = '1.0' encoding = 'UTF-8'?>
<FKIndexAssociation class="oracle.dbtools.crest.model.design.relational.FKIndexAssociation" directorySegmentName="seg_0" id="7EB7EA6B-2BEE-DB2D-9599-283F98DB5546" containerWithKeyObject="72440136-6E5C-927C-6937-8C2EA5CA65CA" localFKIndex="0883FB18-4AD1-B624-6984-26BF4EE7CEE7" name="fk_estoque_filial">
<createdBy>Bloorc</createdBy>
<createdTime>2016-05-19 21:53:52 UTC</createdTime>
<generatorID>C96F8BF2-E19C-39BC-65B3-9F49FF24EFDF</generatorID>
<ownerDesignName>modelo_v03</ownerDesignName>
<deleteRule>NO ACTION</deleteRule>
<referredTableID>243BA06C-68F9-118B-C085-EF3AC5C73E51</referredTableID>
<keyObject>F67920B6-C680-76C6-640C-4BF060308938</keyObject>
<referredKeyID>F67920B6-C680-76C6-640C-4BF060308938</referredKeyID>
<mandatory>true</mandatory>
<transferable>true</transferable>
<rely>false</rely>
<columnDependencyConstraintGenerateInDDL>true</columnDependencyConstraintGenerateInDDL>
</FKIndexAssociation>