<?xml version = '1.0' encoding = 'UTF-8'?>
<FKIndexAssociation class="oracle.dbtools.crest.model.design.relational.FKIndexAssociation" directorySegmentName="seg_0" id="832F339D-B711-D419-1BAD-DB373E3EAF9B" containerWithKeyObject="7D14D679-1920-13BC-E943-AC8CBF3976F9" localFKIndex="47464CE6-E95E-6D7C-9BEC-A91B9FD64A5B" name="R_PROM_GRUP_VENDv1">
<createdBy>Bloorc</createdBy>
<createdTime>2016-05-19 21:53:52 UTC</createdTime>
<generatorID>C329DB0C-1FD6-78A0-6F3E-5E0A6FE9CC96</generatorID>
<ownerDesignName>modelo_v03</ownerDesignName>
<deleteRule>NO ACTION</deleteRule>
<referredTableID>1A095888-B711-CD4F-64EC-A1603962EC89</referredTableID>
<keyObject>100E3E64-8AFD-DD1E-54FE-4015CFB70D68</keyObject>
<referredKeyID>100E3E64-8AFD-DD1E-54FE-4015CFB70D68</referredKeyID>
<mandatory>false</mandatory>
<transferable>true</transferable>
<rely>false</rely>
<columnDependencyConstraintGenerateInDDL>true</columnDependencyConstraintGenerateInDDL>
</FKIndexAssociation>