<?xml version = '1.0' encoding = 'UTF-8'?>
<FKIndexAssociation class="oracle.dbtools.crest.model.design.relational.FKIndexAssociation" directorySegmentName="seg_0" id="83CB19AF-4E05-D96C-FEE0-F0094CB70C0F" containerWithKeyObject="2BAB31D3-C170-F081-AD2D-E79155FB3385" localFKIndex="7F00BFA2-50C2-D6D5-8846-A195F56ED0AC" name="R_PROM_ITEM_VEND">
<createdBy>Bloorc</createdBy>
<createdTime>2016-05-19 21:53:52 UTC</createdTime>
<generatorID>068DA96B-8D0B-9308-7DC1-5536C7653EF8</generatorID>
<ownerDesignName>modelo_v03</ownerDesignName>
<deleteRule>NO ACTION</deleteRule>
<referredTableID>1A095888-B711-CD4F-64EC-A1603962EC89</referredTableID>
<keyObject>100E3E64-8AFD-DD1E-54FE-4015CFB70D68</keyObject>
<referredKeyID>100E3E64-8AFD-DD1E-54FE-4015CFB70D68</referredKeyID>
<mandatory>true</mandatory>
<transferable>true</transferable>
<rely>false</rely>
<columnDependencyConstraintGenerateInDDL>true</columnDependencyConstraintGenerateInDDL>
</FKIndexAssociation>