<?xml version = '1.0' encoding = 'UTF-8'?>
<FKIndexAssociation class="oracle.dbtools.crest.model.design.relational.FKIndexAssociation" directorySegmentName="seg_0" id="849F6C84-73EF-9D7C-C31B-05CE438F8D83" containerWithKeyObject="2BAB31D3-C170-F081-AD2D-E79155FB3385" localFKIndex="8165D7C6-7173-6D42-718A-4ABE6B429246" name="R_PROM_ITEM_PROD">
<createdBy>Bloorc</createdBy>
<createdTime>2016-05-19 21:53:52 UTC</createdTime>
<generatorID>C8D5FBBD-30A0-4FC5-24AC-4A8800DF2483</generatorID>
<ownerDesignName>modelo_v03</ownerDesignName>
<deleteRule>NO ACTION</deleteRule>
<referredTableID>0315E9DA-B0B0-A160-ACCA-04874738987E</referredTableID>
<keyObject>F6E34442-A34B-B71F-CACF-51D82F1C6A87</keyObject>
<referredKeyID>F6E34442-A34B-B71F-CACF-51D82F1C6A87</referredKeyID>
<mandatory>true</mandatory>
<transferable>true</transferable>
<rely>false</rely>
<columnDependencyConstraintGenerateInDDL>true</columnDependencyConstraintGenerateInDDL>
</FKIndexAssociation>