<?xml version = '1.0' encoding = 'UTF-8'?>
<FKIndexAssociation class="oracle.dbtools.crest.model.design.relational.FKIndexAssociation" directorySegmentName="seg_0" id="8B592F5A-CA78-F984-AB8D-76DC834662DB" containerWithKeyObject="E4908F49-0930-A59C-D35E-06C8B94938A6" localFKIndex="24915B19-1B9C-9C32-B63A-2840FF3FD529" name="fk_funcionario_funcionario">
<createdBy>Bloorc</createdBy>
<createdTime>2016-05-19 21:53:52 UTC</createdTime>
<generatorID>ADCEEEEA-0C7E-BFE4-2028-C4DF39C851A3</generatorID>
<ownerDesignName>modelo_v03</ownerDesignName>
<deleteRule>NO ACTION</deleteRule>
<referredTableID>E4908F49-0930-A59C-D35E-06C8B94938A6</referredTableID>
<keyObject>1E209508-643B-85BD-A325-2FE80FB1CCB2</keyObject>
<referredKeyID>1E209508-643B-85BD-A325-2FE80FB1CCB2</referredKeyID>
<mandatory>true</mandatory>
<transferable>true</transferable>
<rely>false</rely>
<columnDependencyConstraintGenerateInDDL>true</columnDependencyConstraintGenerateInDDL>
</FKIndexAssociation>