<?xml version = '1.0' encoding = 'UTF-8'?>
<FKIndexAssociation class="oracle.dbtools.crest.model.design.relational.FKIndexAssociation" directorySegmentName="seg_0" id="8B86B859-A157-B73E-1A10-1827FF014CA7" containerWithKeyObject="72440136-6E5C-927C-6937-8C2EA5CA65CA" localFKIndex="102FCA2E-C597-85B8-8F08-27755650C6F4" name="R_EVENTO_FIIAL">
<createdBy>Bloorc</createdBy>
<createdTime>2016-05-19 21:53:52 UTC</createdTime>
<generatorID>A94AF36A-90AC-0C5C-3F0A-5E8FEC04B4D7</generatorID>
<ownerDesignName>modelo_v03</ownerDesignName>
<deleteRule>NO ACTION</deleteRule>
<referredTableID>485B210F-3D6C-3984-EDF8-46E871BDC86F</referredTableID>
<keyObject>E08573D6-D55A-90B9-A955-D2E477FA1E7E</keyObject>
<referredKeyID>E08573D6-D55A-90B9-A955-D2E477FA1E7E</referredKeyID>
<mandatory>false</mandatory>
<transferable>true</transferable>
<rely>false</rely>
<columnDependencyConstraintGenerateInDDL>true</columnDependencyConstraintGenerateInDDL>
</FKIndexAssociation>