<?xml version = '1.0' encoding = 'UTF-8'?>
<FKIndexAssociation class="oracle.dbtools.crest.model.design.relational.FKIndexAssociation" directorySegmentName="seg_0" id="8D9E4F03-FB54-CF86-4FD8-FB8DCACB1440" containerWithKeyObject="13AFF4F6-9878-8E5A-D398-D11E9B6AF223" localFKIndex="C94C3C86-2D61-0A43-C81F-D2BCEAC87F60" name="fk_nota_fisc_seri_nfe">
<createdBy>Bloorc</createdBy>
<createdTime>2016-05-19 21:53:52 UTC</createdTime>
<generatorID>F2704C2B-6F27-5F89-7C6B-228362F5B103</generatorID>
<ownerDesignName>modelo_v03</ownerDesignName>
<deleteRule>NO ACTION</deleteRule>
<referredTableID>7483709B-DBBE-5242-A5F1-1472CCF335AC</referredTableID>
<keyObject>0A3AFBB3-8AEB-7676-2F13-EDDC440DA57E</keyObject>
<referredKeyID>0A3AFBB3-8AEB-7676-2F13-EDDC440DA57E</referredKeyID>
<mandatory>true</mandatory>
<transferable>true</transferable>
<rely>false</rely>
<columnDependencyConstraintGenerateInDDL>true</columnDependencyConstraintGenerateInDDL>
</FKIndexAssociation>