<?xml version = '1.0' encoding = 'UTF-8'?>
<FKIndexAssociation class="oracle.dbtools.crest.model.design.relational.FKIndexAssociation" directorySegmentName="seg_0" id="8DDA8DDC-4EDE-8D35-BC9C-8F91C0480B59" containerWithKeyObject="5C14D427-6A83-742A-669E-6A52F7E58C04" localFKIndex="8B7D8FC8-CB40-0C56-F748-B170F1F601BD" name="FK_ASS_85">
<createdBy>Bloorc</createdBy>
<createdTime>2016-05-19 21:53:52 UTC</createdTime>
<generatorID>47992BBD-A1D2-12A8-6F16-EB3C933E70DA</generatorID>
<ownerDesignName>modelo_v03</ownerDesignName>
<deleteRule>NO ACTION</deleteRule>
<referredTableID>F97CA54F-AF7A-1BA8-FD5C-03BB4ADF0DE6</referredTableID>
<keyObject>42DD4F0C-A378-7C71-3CE9-0C2A7CA31810</keyObject>
<referredKeyID>42DD4F0C-A378-7C71-3CE9-0C2A7CA31810</referredKeyID>
<mandatory>true</mandatory>
<transferable>true</transferable>
<rely>false</rely>
<columnDependencyConstraintGenerateInDDL>true</columnDependencyConstraintGenerateInDDL>
</FKIndexAssociation>