<?xml version = '1.0' encoding = 'UTF-8'?>
<FKIndexAssociation class="oracle.dbtools.crest.model.design.relational.FKIndexAssociation" directorySegmentName="seg_0" id="9687C10C-BC34-E861-61B5-FACA8514147E" containerWithKeyObject="0315E9DA-B0B0-A160-ACCA-04874738987E" localFKIndex="A799359B-5EA1-9D50-B3DB-1E9167DA667F" name="fk_estoque_produto">
<createdBy>Bloorc</createdBy>
<createdTime>2016-05-19 21:53:52 UTC</createdTime>
<generatorID>04AF22A6-CF0E-CE61-2930-3C51748C1A03</generatorID>
<ownerDesignName>modelo_v03</ownerDesignName>
<deleteRule>NO ACTION</deleteRule>
<referredTableID>243BA06C-68F9-118B-C085-EF3AC5C73E51</referredTableID>
<keyObject>F67920B6-C680-76C6-640C-4BF060308938</keyObject>
<referredKeyID>F67920B6-C680-76C6-640C-4BF060308938</referredKeyID>
<mandatory>true</mandatory>
<transferable>true</transferable>
<rely>false</rely>
<columnDependencyConstraintGenerateInDDL>true</columnDependencyConstraintGenerateInDDL>
</FKIndexAssociation>