<?xml version = '1.0' encoding = 'UTF-8'?>
<FKIndexAssociation class="oracle.dbtools.crest.model.design.relational.FKIndexAssociation" directorySegmentName="seg_0" id="9726946B-C562-4B71-ED2E-C2BF83210B50" containerWithKeyObject="7D14D679-1920-13BC-E943-AC8CBF3976F9" localFKIndex="FAB5F0C9-9E3F-B552-B59D-33117E83C03B" name="FK_PROM_PROM_GRUPO">
<createdBy>Bloorc</createdBy>
<createdTime>2016-05-19 21:53:52 UTC</createdTime>
<generatorID>D08BAF13-2D53-7C42-6B36-23B865A560A7</generatorID>
<ownerDesignName>modelo_v03</ownerDesignName>
<deleteRule>NO ACTION</deleteRule>
<referredTableID>F97CA54F-AF7A-1BA8-FD5C-03BB4ADF0DE6</referredTableID>
<keyObject>42DD4F0C-A378-7C71-3CE9-0C2A7CA31810</keyObject>
<referredKeyID>42DD4F0C-A378-7C71-3CE9-0C2A7CA31810</referredKeyID>
<mandatory>false</mandatory>
<transferable>true</transferable>
<rely>false</rely>
<columnDependencyConstraintGenerateInDDL>true</columnDependencyConstraintGenerateInDDL>
</FKIndexAssociation>