<?xml version = '1.0' encoding = 'UTF-8'?>
<FKIndexAssociation class="oracle.dbtools.crest.model.design.relational.FKIndexAssociation" directorySegmentName="seg_0" id="990317A3-95CF-5C88-E82F-BECB6DFAD394" containerWithKeyObject="72440136-6E5C-927C-6937-8C2EA5CA65CA" localFKIndex="7B8F65B5-39ED-C7B7-F5E9-E06DD75E5510" name="fk_endereco_filial">
<createdBy>Bloorc</createdBy>
<createdTime>2016-05-19 21:53:52 UTC</createdTime>
<generatorID>E92927F4-E901-DA9E-1234-F687389558DF</generatorID>
<ownerDesignName>modelo_v03</ownerDesignName>
<deleteRule>NO ACTION</deleteRule>
<referredTableID>77BE7393-04C6-28EB-597F-46BF2285F47D</referredTableID>
<keyObject>14C901E7-1FA7-97C3-163F-F08CC5934271</keyObject>
<referredKeyID>14C901E7-1FA7-97C3-163F-F08CC5934271</referredKeyID>
<mandatory>false</mandatory>
<transferable>true</transferable>
<rely>false</rely>
<columnDependencyConstraintGenerateInDDL>true</columnDependencyConstraintGenerateInDDL>
</FKIndexAssociation>