<?xml version = '1.0' encoding = 'UTF-8'?>
<FKIndexAssociation class="oracle.dbtools.crest.model.design.relational.FKIndexAssociation" directorySegmentName="seg_0" id="9A39C976-7D67-C812-CB0C-5E8E8B7BE5E4" containerWithKeyObject="F97CA54F-AF7A-1BA8-FD5C-03BB4ADF0DE6" localFKIndex="6EF5669D-BF1E-FF84-97CC-32B75ECA9EF1" name="FK_FILI_PROM">
<createdBy>Bloorc</createdBy>
<createdTime>2016-05-19 21:53:52 UTC</createdTime>
<generatorID>EB97DD08-F2AE-3BA8-240A-B08C054F50CB</generatorID>
<ownerDesignName>modelo_v03</ownerDesignName>
<deleteRule>NO ACTION</deleteRule>
<referredTableID>72440136-6E5C-927C-6937-8C2EA5CA65CA</referredTableID>
<keyObject>848E07B7-9E75-6301-73C4-3ACFDCA6187E</keyObject>
<referredKeyID>848E07B7-9E75-6301-73C4-3ACFDCA6187E</referredKeyID>
<mandatory>false</mandatory>
<transferable>true</transferable>
<rely>false</rely>
<columnDependencyConstraintGenerateInDDL>true</columnDependencyConstraintGenerateInDDL>
</FKIndexAssociation>