<?xml version = '1.0' encoding = 'UTF-8'?>
<FKIndexAssociation class="oracle.dbtools.crest.model.design.relational.FKIndexAssociation" directorySegmentName="seg_0" id="9A3A47AA-2CE4-54E5-1995-F9DDD3C3D116" containerWithKeyObject="51D3E902-37AF-C3EA-2152-4DC577598EF0" localFKIndex="B34031F7-0CBE-814B-3729-BF2708180298" name="fk_cidade_estado">
<createdBy>Bloorc</createdBy>
<createdTime>2016-05-19 21:53:52 UTC</createdTime>
<generatorID>9CC4A034-22F6-071D-322F-3FA4365518BA</generatorID>
<ownerDesignName>modelo_v03</ownerDesignName>
<deleteRule>NO ACTION</deleteRule>
<referredTableID>6DC490BE-6637-188B-B1A3-F17D56C60381</referredTableID>
<keyObject>E3086894-AB73-2E93-30B0-7E652323C6A0</keyObject>
<referredKeyID>E3086894-AB73-2E93-30B0-7E652323C6A0</referredKeyID>
<mandatory>true</mandatory>
<transferable>true</transferable>
<rely>false</rely>
<columnDependencyConstraintGenerateInDDL>true</columnDependencyConstraintGenerateInDDL>
</FKIndexAssociation>