<?xml version = '1.0' encoding = 'UTF-8'?>
<FKIndexAssociation class="oracle.dbtools.crest.model.design.relational.FKIndexAssociation" directorySegmentName="seg_0" id="9E9D463F-03DF-8164-60AA-83B1D395D543" containerWithKeyObject="D58A7D80-6FFC-6FCC-8855-467935D49A5B" localFKIndex="F7E6732A-2C00-FF56-31BF-49BE9739E3A4" name="fk_telefone_pais">
<createdBy>Bloorc</createdBy>
<createdTime>2016-05-19 21:53:52 UTC</createdTime>
<generatorID>8A4295B8-D554-B9A5-78C7-04540125CAAA</generatorID>
<ownerDesignName>modelo_v03</ownerDesignName>
<deleteRule>NO ACTION</deleteRule>
<referredTableID>BC9E6329-6A52-B29C-837D-224A26CDFF74</referredTableID>
<keyObject>3EDEAA42-3A7E-1F07-D0E0-CD3BB3E11F1E</keyObject>
<referredKeyID>3EDEAA42-3A7E-1F07-D0E0-CD3BB3E11F1E</referredKeyID>
<mandatory>false</mandatory>
<transferable>true</transferable>
<rely>false</rely>
<columnDependencyConstraintGenerateInDDL>true</columnDependencyConstraintGenerateInDDL>
</FKIndexAssociation>