<?xml version = '1.0' encoding = 'UTF-8'?>
<FKIndexAssociation class="oracle.dbtools.crest.model.design.relational.FKIndexAssociation" directorySegmentName="seg_0" id="A29AFAAC-3B4B-FAE7-50EF-9D577A17E012" containerWithKeyObject="99198821-DA5B-E1FD-0C65-60A550788195" localFKIndex="2357446C-BB62-4BA9-D02A-CEB0360947A5" name="fk_estoque_sai_estoque">
<createdBy>Bloorc</createdBy>
<createdTime>2016-05-19 21:53:52 UTC</createdTime>
<generatorID>B5DA5AC6-F9C0-508A-545D-3D56C99D4717</generatorID>
<ownerDesignName>modelo_v03</ownerDesignName>
<deleteRule>NO ACTION</deleteRule>
<referredTableID>243BA06C-68F9-118B-C085-EF3AC5C73E51</referredTableID>
<keyObject>F67920B6-C680-76C6-640C-4BF060308938</keyObject>
<referredKeyID>F67920B6-C680-76C6-640C-4BF060308938</referredKeyID>
<mandatory>true</mandatory>
<transferable>true</transferable>
<rely>false</rely>
<columnDependencyConstraintGenerateInDDL>true</columnDependencyConstraintGenerateInDDL>
</FKIndexAssociation>