<?xml version = '1.0' encoding = 'UTF-8'?>
<FKIndexAssociation class="oracle.dbtools.crest.model.design.relational.FKIndexAssociation" directorySegmentName="seg_0" id="A5E3AAC1-7B74-7509-DF79-2A674DC4C6B6" containerWithKeyObject="E31F0091-A0F3-D429-0F47-2ABDE5697012" localFKIndex="D1BE11C3-EDA8-E72B-CE52-86BEC23D3940" name="fk_venda_item_venda">
<createdBy>Bloorc</createdBy>
<createdTime>2016-05-19 21:53:52 UTC</createdTime>
<generatorID>330C4985-B0C9-B3F0-B137-615B709593D5</generatorID>
<ownerDesignName>modelo_v03</ownerDesignName>
<deleteRule>NO ACTION</deleteRule>
<referredTableID>1A095888-B711-CD4F-64EC-A1603962EC89</referredTableID>
<keyObject>100E3E64-8AFD-DD1E-54FE-4015CFB70D68</keyObject>
<referredKeyID>100E3E64-8AFD-DD1E-54FE-4015CFB70D68</referredKeyID>
<mandatory>true</mandatory>
<transferable>true</transferable>
<rely>false</rely>
<columnDependencyConstraintGenerateInDDL>true</columnDependencyConstraintGenerateInDDL>
</FKIndexAssociation>