<?xml version = '1.0' encoding = 'UTF-8'?>
<FKIndexAssociation class="oracle.dbtools.crest.model.design.relational.FKIndexAssociation" directorySegmentName="seg_0" id="A6ADF24F-A852-581A-C009-7D6A03787E3C" containerWithKeyObject="2BAB31D3-C170-F081-AD2D-E79155FB3385" localFKIndex="6647D549-D2E6-6E78-2AAC-BCD35C3E112F" name="FK_PROM_PROM_ITEM">
<createdBy>Bloorc</createdBy>
<createdTime>2016-05-19 21:53:52 UTC</createdTime>
<generatorID>137DB28F-CB50-2939-37FC-7254023DAF48</generatorID>
<ownerDesignName>modelo_v03</ownerDesignName>
<deleteRule>NO ACTION</deleteRule>
<referredTableID>F97CA54F-AF7A-1BA8-FD5C-03BB4ADF0DE6</referredTableID>
<keyObject>42DD4F0C-A378-7C71-3CE9-0C2A7CA31810</keyObject>
<referredKeyID>42DD4F0C-A378-7C71-3CE9-0C2A7CA31810</referredKeyID>
<mandatory>false</mandatory>
<transferable>true</transferable>
<rely>false</rely>
<columnDependencyConstraintGenerateInDDL>true</columnDependencyConstraintGenerateInDDL>
</FKIndexAssociation>