<?xml version = '1.0' encoding = 'UTF-8'?>
<FKIndexAssociation class="oracle.dbtools.crest.model.design.relational.FKIndexAssociation" directorySegmentName="seg_0" id="B231340E-87E3-C0C3-7799-29CEAE9A79C1" containerWithKeyObject="1A095888-B711-CD4F-64EC-A1603962EC89" localFKIndex="1B8E9040-BF42-D27D-2302-865B56873523" name="fk_venda_funcionario">
<createdBy>Bloorc</createdBy>
<createdTime>2016-05-19 21:53:52 UTC</createdTime>
<generatorID>99EB1CB8-5F56-A264-5073-B61D83072616</generatorID>
<ownerDesignName>modelo_v03</ownerDesignName>
<deleteRule>NO ACTION</deleteRule>
<referredTableID>E4908F49-0930-A59C-D35E-06C8B94938A6</referredTableID>
<keyObject>1E209508-643B-85BD-A325-2FE80FB1CCB2</keyObject>
<referredKeyID>1E209508-643B-85BD-A325-2FE80FB1CCB2</referredKeyID>
<mandatory>true</mandatory>
<transferable>true</transferable>
<rely>false</rely>
<columnDependencyConstraintGenerateInDDL>true</columnDependencyConstraintGenerateInDDL>
</FKIndexAssociation>