<?xml version = '1.0' encoding = 'UTF-8'?>
<FKIndexAssociation class="oracle.dbtools.crest.model.design.relational.FKIndexAssociation" directorySegmentName="seg_0" id="B30DD677-41AE-C6FA-FD8E-F31BC1916768" containerWithKeyObject="0315E9DA-B0B0-A160-ACCA-04874738987E" localFKIndex="C12C7AC8-D17F-1536-9B25-A6E1B8A299A4" name="FK_CATE_PROD">
<createdBy>Bloorc</createdBy>
<createdTime>2016-05-19 21:53:52 UTC</createdTime>
<generatorID>5D18B6B0-BD6B-06C4-4772-59FAAAB4E5E9</generatorID>
<ownerDesignName>modelo_v03</ownerDesignName>
<deleteRule>NO ACTION</deleteRule>
<referredTableID>500F690A-AC0E-7CC9-9075-2479A79AE705</referredTableID>
<keyObject>75671452-F5CB-14DE-C16A-967BCD2AB305</keyObject>
<referredKeyID>75671452-F5CB-14DE-C16A-967BCD2AB305</referredKeyID>
<mandatory>true</mandatory>
<transferable>true</transferable>
<rely>false</rely>
<columnDependencyConstraintGenerateInDDL>true</columnDependencyConstraintGenerateInDDL>
</FKIndexAssociation>