<?xml version = '1.0' encoding = 'UTF-8'?>
<FKIndexAssociation class="oracle.dbtools.crest.model.design.relational.FKIndexAssociation" directorySegmentName="seg_0" id="B7925748-F063-FAE5-29C9-1D2F238BF763" containerWithKeyObject="13AFF4F6-9878-8E5A-D398-D11E9B6AF223" localFKIndex="BA14C344-F107-E833-91F3-C7884B856A7E" name="fk_nota_fisc_impo_item">
<createdBy>Bloorc</createdBy>
<createdTime>2016-05-19 21:53:52 UTC</createdTime>
<generatorID>333AF647-B227-89A8-E79F-396F9861910D</generatorID>
<ownerDesignName>modelo_v03</ownerDesignName>
<deleteRule>NO ACTION</deleteRule>
<referredTableID>A02767AE-1F88-4675-73EC-CAC97A9EB3E0</referredTableID>
<keyObject>1D618179-2937-ECBD-0FF9-F0D7E729B35A</keyObject>
<referredKeyID>1D618179-2937-ECBD-0FF9-F0D7E729B35A</referredKeyID>
<mandatory>false</mandatory>
<transferable>true</transferable>
<rely>false</rely>
<columnDependencyConstraintGenerateInDDL>true</columnDependencyConstraintGenerateInDDL>
</FKIndexAssociation>