<?xml version = '1.0' encoding = 'UTF-8'?>
<FKIndexAssociation class="oracle.dbtools.crest.model.design.relational.FKIndexAssociation" directorySegmentName="seg_0" id="B826FD7D-28DB-0301-A86D-77EB937F7406" containerWithKeyObject="F670B6B7-9E07-046B-524D-00A399752C16" localFKIndex="F0A7DD35-2075-21AF-F773-1572A25D2F76" name="fk_compra_fornecedor">
<createdBy>Bloorc</createdBy>
<createdTime>2016-05-19 21:53:52 UTC</createdTime>
<generatorID>CD014E7E-EB39-F672-2044-56378FE47198</generatorID>
<ownerDesignName>modelo_v03</ownerDesignName>
<deleteRule>NO ACTION</deleteRule>
<referredTableID>D1BC99F2-D29F-B365-602A-9625ECC090BB</referredTableID>
<keyObject>EEA08A11-73B6-0743-3F13-D3C5D5793556</keyObject>
<referredKeyID>EEA08A11-73B6-0743-3F13-D3C5D5793556</referredKeyID>
<mandatory>true</mandatory>
<transferable>true</transferable>
<rely>false</rely>
<columnDependencyConstraintGenerateInDDL>true</columnDependencyConstraintGenerateInDDL>
</FKIndexAssociation>