<?xml version = '1.0' encoding = 'UTF-8'?>
<FKIndexAssociation class="oracle.dbtools.crest.model.design.relational.FKIndexAssociation" directorySegmentName="seg_0" id="B924514E-3F7B-3F4F-33EA-0D63EDAE3AE6" containerWithKeyObject="D58A7D80-6FFC-6FCC-8855-467935D49A5B" localFKIndex="A3385143-CBC2-1092-1996-659FFCED9FA2" name="fk_telefone_fornecedor">
<createdBy>Bloorc</createdBy>
<createdTime>2016-05-19 21:53:52 UTC</createdTime>
<generatorID>BF533592-9732-333F-1950-365A8EE00553</generatorID>
<ownerDesignName>modelo_v03</ownerDesignName>
<deleteRule>NO ACTION</deleteRule>
<referredTableID>D1BC99F2-D29F-B365-602A-9625ECC090BB</referredTableID>
<keyObject>EEA08A11-73B6-0743-3F13-D3C5D5793556</keyObject>
<referredKeyID>EEA08A11-73B6-0743-3F13-D3C5D5793556</referredKeyID>
<mandatory>false</mandatory>
<transferable>true</transferable>
<rely>false</rely>
<columnDependencyConstraintGenerateInDDL>true</columnDependencyConstraintGenerateInDDL>
</FKIndexAssociation>