<?xml version = '1.0' encoding = 'UTF-8'?>
<FKIndexAssociation class="oracle.dbtools.crest.model.design.relational.FKIndexAssociation" directorySegmentName="seg_0" id="BBAB7B36-E142-225D-9A9B-3602DE906BCF" containerWithKeyObject="8161D411-8624-E632-1B69-1E9F95987C7F" localFKIndex="C98DD452-44DE-680D-5A6F-200A63267A96" name="FK_ASS_74">
<createdBy>Bloorc</createdBy>
<createdTime>2016-05-19 21:53:52 UTC</createdTime>
<generatorID>A94AF36A-90AC-0C5C-3F0A-5E8FEC04B4D7</generatorID>
<ownerDesignName>modelo_v03</ownerDesignName>
<deleteRule>NO ACTION</deleteRule>
<referredTableID>72440136-6E5C-927C-6937-8C2EA5CA65CA</referredTableID>
<keyObject>848E07B7-9E75-6301-73C4-3ACFDCA6187E</keyObject>
<referredKeyID>848E07B7-9E75-6301-73C4-3ACFDCA6187E</referredKeyID>
<mandatory>true</mandatory>
<transferable>true</transferable>
<rely>false</rely>
<columnDependencyConstraintGenerateInDDL>true</columnDependencyConstraintGenerateInDDL>
</FKIndexAssociation>