<?xml version = '1.0' encoding = 'UTF-8'?>
<FKIndexAssociation class="oracle.dbtools.crest.model.design.relational.FKIndexAssociation" directorySegmentName="seg_0" id="BFC1D2FE-611E-6E32-7A6E-903D2E4749AF" containerWithKeyObject="13AFF4F6-9878-8E5A-D398-D11E9B6AF223" localFKIndex="4D3D7D7B-079B-E55F-CAF8-6097F95FF53A" name="fk_nota_fiscal_venda">
<createdBy>Bloorc</createdBy>
<createdTime>2016-05-19 21:53:52 UTC</createdTime>
<generatorID>59E50175-4133-129D-EC7B-BA1816F60613</generatorID>
<ownerDesignName>modelo_v03</ownerDesignName>
<deleteRule>NO ACTION</deleteRule>
<referredTableID>1A095888-B711-CD4F-64EC-A1603962EC89</referredTableID>
<keyObject>100E3E64-8AFD-DD1E-54FE-4015CFB70D68</keyObject>
<referredKeyID>100E3E64-8AFD-DD1E-54FE-4015CFB70D68</referredKeyID>
<mandatory>false</mandatory>
<transferable>true</transferable>
<rely>false</rely>
<columnDependencyConstraintGenerateInDDL>true</columnDependencyConstraintGenerateInDDL>
</FKIndexAssociation>