<?xml version = '1.0' encoding = 'UTF-8'?>
<FKIndexAssociation class="oracle.dbtools.crest.model.design.relational.FKIndexAssociation" directorySegmentName="seg_0" id="C8CCF058-5C76-DB49-0548-F4531FCA5063" containerWithKeyObject="243BA06C-68F9-118B-C085-EF3AC5C73E51" localFKIndex="5FD71DE2-6F79-A905-FD53-C0AC17A80C3B" name="fk_estoque_filialv1">
<createdBy>Bloorc</createdBy>
<createdTime>2016-05-19 21:53:52 UTC</createdTime>
<generatorID>C96F8BF2-E19C-39BC-65B3-9F49FF24EFDF</generatorID>
<ownerDesignName>modelo_v03</ownerDesignName>
<deleteRule>NO ACTION</deleteRule>
<referredTableID>72440136-6E5C-927C-6937-8C2EA5CA65CA</referredTableID>
<keyObject>848E07B7-9E75-6301-73C4-3ACFDCA6187E</keyObject>
<referredKeyID>848E07B7-9E75-6301-73C4-3ACFDCA6187E</referredKeyID>
<mandatory>true</mandatory>
<transferable>true</transferable>
<rely>false</rely>
<columnDependencyConstraintGenerateInDDL>true</columnDependencyConstraintGenerateInDDL>
</FKIndexAssociation>