<?xml version = '1.0' encoding = 'UTF-8'?>
<FKIndexAssociation class="oracle.dbtools.crest.model.design.relational.FKIndexAssociation" directorySegmentName="seg_0" id="CCD50A0F-8E96-CBA6-C005-8B9981E0030E" containerWithKeyObject="8161D411-8624-E632-1B69-1E9F95987C7F" localFKIndex="093E702C-F1ED-4911-382B-E50E18D5904E" name="FK_ASS_73">
<createdBy>Bloorc</createdBy>
<createdTime>2016-05-19 21:53:52 UTC</createdTime>
<generatorID>A94AF36A-90AC-0C5C-3F0A-5E8FEC04B4D7</generatorID>
<ownerDesignName>modelo_v03</ownerDesignName>
<deleteRule>NO ACTION</deleteRule>
<referredTableID>485B210F-3D6C-3984-EDF8-46E871BDC86F</referredTableID>
<keyObject>E08573D6-D55A-90B9-A955-D2E477FA1E7E</keyObject>
<referredKeyID>E08573D6-D55A-90B9-A955-D2E477FA1E7E</referredKeyID>
<mandatory>true</mandatory>
<transferable>true</transferable>
<rely>false</rely>
<columnDependencyConstraintGenerateInDDL>true</columnDependencyConstraintGenerateInDDL>
</FKIndexAssociation>