<?xml version = '1.0' encoding = 'UTF-8'?>
<FKIndexAssociation class="oracle.dbtools.crest.model.design.relational.FKIndexAssociation" directorySegmentName="seg_0" id="D228E295-8C70-57FB-8D60-43ED09946414" containerWithKeyObject="0315E9DA-B0B0-A160-ACCA-04874738987E" localFKIndex="74B5DCFE-9578-95FC-7096-91AD3C3FDA8E" name="fk_marca_produto">
<createdBy>Bloorc</createdBy>
<createdTime>2016-05-19 21:53:52 UTC</createdTime>
<generatorID>03646155-8B98-3571-0979-0F73BD95917F</generatorID>
<ownerDesignName>modelo_v03</ownerDesignName>
<deleteRule>NO ACTION</deleteRule>
<referredTableID>8D07E5DD-20DC-0B73-56FE-17C0D3C6C9AF</referredTableID>
<keyObject>A1C36A3C-52D9-5F67-90FB-E080BFBCE6E4</keyObject>
<referredKeyID>A1C36A3C-52D9-5F67-90FB-E080BFBCE6E4</referredKeyID>
<mandatory>true</mandatory>
<transferable>true</transferable>
<rely>false</rely>
<columnDependencyConstraintGenerateInDDL>true</columnDependencyConstraintGenerateInDDL>
</FKIndexAssociation>