<?xml version = '1.0' encoding = 'UTF-8'?>
<FKIndexAssociation class="oracle.dbtools.crest.model.design.relational.FKIndexAssociation" directorySegmentName="seg_0" id="D7CB5E72-1273-E2F3-B7F6-D2F13BACC620" containerWithKeyObject="E31F0091-A0F3-D429-0F47-2ABDE5697012" localFKIndex="318D7C5C-5EB7-2A40-D6F4-3A3D83077E01" name="fk_produto_venda_item">
<createdBy>Bloorc</createdBy>
<createdTime>2016-05-19 21:53:52 UTC</createdTime>
<generatorID>461DFD2A-8630-D742-D6C4-5A95C09C9391</generatorID>
<ownerDesignName>modelo_v03</ownerDesignName>
<deleteRule>NO ACTION</deleteRule>
<referredTableID>0315E9DA-B0B0-A160-ACCA-04874738987E</referredTableID>
<keyObject>F6E34442-A34B-B71F-CACF-51D82F1C6A87</keyObject>
<referredKeyID>F6E34442-A34B-B71F-CACF-51D82F1C6A87</referredKeyID>
<mandatory>true</mandatory>
<transferable>true</transferable>
<rely>false</rely>
<columnDependencyConstraintGenerateInDDL>true</columnDependencyConstraintGenerateInDDL>
</FKIndexAssociation>