<?xml version = '1.0' encoding = 'UTF-8'?>
<FKIndexAssociation class="oracle.dbtools.crest.model.design.relational.FKIndexAssociation" directorySegmentName="seg_0" id="E04A1206-9E00-FAD0-162D-08AD1D6F4364" containerWithKeyObject="D981A2B3-FDC1-E4A5-22C8-4C286C19F31D" localFKIndex="343DC5A7-8B84-3F25-5F03-9E07CD44CC99" name="FK_PGTO_FORM_PGTO">
<createdBy>Bloorc</createdBy>
<createdTime>2016-05-19 21:53:52 UTC</createdTime>
<comment>Relacionamento entre as tabelas Formas de Pagamento e Pagameno</comment>
<commentInRDBMS>Relacionamento entre as tabelas Formas de Pagamento e Pagameno</commentInRDBMS>
<generatorID>2EBEFEBF-E04E-84F6-B808-F40B60A28D95</generatorID>
<ownerDesignName>modelo_v03</ownerDesignName>
<deleteRule>NO ACTION</deleteRule>
<referredTableID>8218711E-4532-4776-9FC3-267E1868FF63</referredTableID>
<keyObject>80C169E4-B14D-737F-1BB6-AA43B5D14540</keyObject>
<referredKeyID>80C169E4-B14D-737F-1BB6-AA43B5D14540</referredKeyID>
<mandatory>true</mandatory>
<transferable>true</transferable>
<rely>false</rely>
<columnDependencyConstraintGenerateInDDL>true</columnDependencyConstraintGenerateInDDL>
</FKIndexAssociation>