<?xml version = '1.0' encoding = 'UTF-8'?>
<FKIndexAssociation class="oracle.dbtools.crest.model.design.relational.FKIndexAssociation" directorySegmentName="seg_0" id="E955E459-463C-5C0B-E5BA-90164ED4BA35" containerWithKeyObject="F1864F95-41D5-99DA-5493-B7B1292AD9CA" localFKIndex="EE9A4138-9C30-365C-0670-6F003F74B4C1" name="fk_estoque_ent_estoque">
<createdBy>Bloorc</createdBy>
<createdTime>2016-05-19 21:53:52 UTC</createdTime>
<generatorID>A79DE3A2-CC19-B7EC-CEAA-E6EE83B1CA4D</generatorID>
<ownerDesignName>modelo_v03</ownerDesignName>
<deleteRule>NO ACTION</deleteRule>
<referredTableID>243BA06C-68F9-118B-C085-EF3AC5C73E51</referredTableID>
<keyObject>F67920B6-C680-76C6-640C-4BF060308938</keyObject>
<referredKeyID>F67920B6-C680-76C6-640C-4BF060308938</referredKeyID>
<mandatory>true</mandatory>
<transferable>true</transferable>
<rely>false</rely>
<columnDependencyConstraintGenerateInDDL>true</columnDependencyConstraintGenerateInDDL>
</FKIndexAssociation>