<?xml version = '1.0' encoding = 'UTF-8'?>
<FKIndexAssociation class="oracle.dbtools.crest.model.design.relational.FKIndexAssociation" directorySegmentName="seg_0" id="E9FB4AC6-D041-948D-8BB4-C97CEEE84A04" containerWithKeyObject="FB7E5611-6742-5FF8-4CA7-C54339ED2342" localFKIndex="93AD0061-0EDD-FEA2-EEFA-75573B52938A" name="fk_compra_produto">
<createdBy>Bloorc</createdBy>
<createdTime>2016-05-19 21:53:52 UTC</createdTime>
<generatorID>D2315FAB-6972-11A3-BCF0-ECA2A5D7AC7A</generatorID>
<ownerDesignName>modelo_v03</ownerDesignName>
<deleteRule>NO ACTION</deleteRule>
<referredTableID>0315E9DA-B0B0-A160-ACCA-04874738987E</referredTableID>
<keyObject>F6E34442-A34B-B71F-CACF-51D82F1C6A87</keyObject>
<referredKeyID>F6E34442-A34B-B71F-CACF-51D82F1C6A87</referredKeyID>
<mandatory>false</mandatory>
<transferable>true</transferable>
<rely>false</rely>
<columnDependencyConstraintGenerateInDDL>true</columnDependencyConstraintGenerateInDDL>
</FKIndexAssociation>