<?xml version = '1.0' encoding = 'UTF-8'?>
<FKIndexAssociation class="oracle.dbtools.crest.model.design.relational.FKIndexAssociation" directorySegmentName="seg_0" id="EF92AEB0-7308-AA24-9404-845E60C2BF74" containerWithKeyObject="FB7E5611-6742-5FF8-4CA7-C54339ED2342" localFKIndex="082A617C-C8FB-20B0-F4B0-647002263F4F" name="fk_comp_item_ent_estoquev1">
<createdBy>Bloorc</createdBy>
<createdTime>2016-05-19 21:53:52 UTC</createdTime>
<generatorID>29743508-3B73-5B00-F3AB-26C3B90DF40A</generatorID>
<ownerDesignName>modelo_v03</ownerDesignName>
<deleteRule>NO ACTION</deleteRule>
<referredTableID>F1864F95-41D5-99DA-5493-B7B1292AD9CA</referredTableID>
<keyObject>4F2DD8A8-A6F8-FA55-EC03-0B78A2FB99F0</keyObject>
<referredKeyID>4F2DD8A8-A6F8-FA55-EC03-0B78A2FB99F0</referredKeyID>
<mandatory>true</mandatory>
<transferable>true</transferable>
<rely>false</rely>
<columnDependencyConstraintGenerateInDDL>true</columnDependencyConstraintGenerateInDDL>
</FKIndexAssociation>