<?xml version = '1.0' encoding = 'UTF-8'?>
<FKIndexAssociation class="oracle.dbtools.crest.model.design.relational.FKIndexAssociation" directorySegmentName="seg_0" id="F4BE2EA9-551E-A5A7-CCBE-0E3A29F94FE0" containerWithKeyObject="500F690A-AC0E-7CC9-9075-2479A79AE705" localFKIndex="4E510835-9E46-8DAA-C841-937C96B7F502" name="FK_CATE_CATE">
<createdBy>Bloorc</createdBy>
<createdTime>2016-05-19 21:53:52 UTC</createdTime>
<generatorID>A9156326-F4F4-D7CE-3E35-402B336B4CA9</generatorID>
<ownerDesignName>modelo_v03</ownerDesignName>
<deleteRule>NO ACTION</deleteRule>
<referredTableID>500F690A-AC0E-7CC9-9075-2479A79AE705</referredTableID>
<keyObject>75671452-F5CB-14DE-C16A-967BCD2AB305</keyObject>
<referredKeyID>75671452-F5CB-14DE-C16A-967BCD2AB305</referredKeyID>
<mandatory>true</mandatory>
<transferable>true</transferable>
<rely>false</rely>
<columnDependencyConstraintGenerateInDDL>true</columnDependencyConstraintGenerateInDDL>
</FKIndexAssociation>