<?xml version = '1.0' encoding = 'UTF-8'?>
<FKIndexAssociation class="oracle.dbtools.crest.model.design.relational.FKIndexAssociation" directorySegmentName="seg_0" id="F5363777-C317-09CE-7C4C-76AC01F2EBE6" containerWithKeyObject="D58A7D80-6FFC-6FCC-8855-467935D49A5B" localFKIndex="09CB587A-DB1B-AEA2-7601-80CB5968317C" name="fk_telefone_cliente">
<createdBy>Bloorc</createdBy>
<createdTime>2016-05-19 21:53:52 UTC</createdTime>
<generatorID>9562E267-C497-2386-6CDE-71220C687BD2</generatorID>
<ownerDesignName>modelo_v03</ownerDesignName>
<deleteRule>NO ACTION</deleteRule>
<referredTableID>0828B546-5D7B-9DCF-6DF1-706BEF972994</referredTableID>
<keyObject>2E90D908-C417-9D45-53CD-D388B6EFA51B</keyObject>
<referredKeyID>2E90D908-C417-9D45-53CD-D388B6EFA51B</referredKeyID>
<mandatory>false</mandatory>
<transferable>true</transferable>
<rely>false</rely>
<columnDependencyConstraintGenerateInDDL>true</columnDependencyConstraintGenerateInDDL>
</FKIndexAssociation>