<?xml version = '1.0' encoding = 'UTF-8'?>
<FKIndexAssociation class="oracle.dbtools.crest.model.design.relational.FKIndexAssociation" directorySegmentName="seg_0" id="F68C5A00-3183-BD64-876B-385134443970" containerWithKeyObject="99198821-DA5B-E1FD-0C65-60A550788195" localFKIndex="191413AA-6376-4BF9-D2E5-4E71EF227139" name="fk_vend_item_sai_estoque">
<createdBy>Bloorc</createdBy>
<createdTime>2016-05-19 21:53:52 UTC</createdTime>
<generatorID>D127DA3C-6CF3-3692-41D6-D52CD2B50FAA</generatorID>
<ownerDesignName>modelo_v03</ownerDesignName>
<deleteRule>NO ACTION</deleteRule>
<referredTableID>E31F0091-A0F3-D429-0F47-2ABDE5697012</referredTableID>
<keyObject>62328B6D-C590-7A2C-2246-9FE2A0454E28</keyObject>
<referredKeyID>62328B6D-C590-7A2C-2246-9FE2A0454E28</referredKeyID>
<mandatory>true</mandatory>
<transferable>true</transferable>
<rely>false</rely>
<columnDependencyConstraintGenerateInDDL>true</columnDependencyConstraintGenerateInDDL>
</FKIndexAssociation>