<?xml version = '1.0' encoding = 'UTF-8'?>
<FKIndexAssociation class="oracle.dbtools.crest.model.design.relational.FKIndexAssociation" directorySegmentName="seg_0" id="F7BB674B-6746-6070-A1D9-AF7A48DCAF80" containerWithKeyObject="485B210F-3D6C-3984-EDF8-46E871BDC86F" localFKIndex="24EDDE82-A9A7-0497-457E-ABB05836E62B" name="R_EVENTO_FIIALv1">
<createdBy>Bloorc</createdBy>
<createdTime>2016-05-19 21:53:52 UTC</createdTime>
<generatorID>A94AF36A-90AC-0C5C-3F0A-5E8FEC04B4D7</generatorID>
<ownerDesignName>modelo_v03</ownerDesignName>
<deleteRule>NO ACTION</deleteRule>
<referredTableID>72440136-6E5C-927C-6937-8C2EA5CA65CA</referredTableID>
<keyObject>848E07B7-9E75-6301-73C4-3ACFDCA6187E</keyObject>
<referredKeyID>848E07B7-9E75-6301-73C4-3ACFDCA6187E</referredKeyID>
<mandatory>false</mandatory>
<transferable>true</transferable>
<rely>false</rely>
<columnDependencyConstraintGenerateInDDL>true</columnDependencyConstraintGenerateInDDL>
</FKIndexAssociation>