<?xml version = '1.0' encoding = 'UTF-8'?>
<FKIndexAssociation class="oracle.dbtools.crest.model.design.relational.FKIndexAssociation" directorySegmentName="seg_0" id="FF9449E0-7580-885F-A20C-5CD15E189576" containerWithKeyObject="E31F0091-A0F3-D429-0F47-2ABDE5697012" localFKIndex="4F4A01F3-F760-3824-1E30-A2404178E276" name="fk_vend_item_sai_estoquev1">
<createdBy>Bloorc</createdBy>
<createdTime>2016-05-19 21:53:52 UTC</createdTime>
<generatorID>D127DA3C-6CF3-3692-41D6-D52CD2B50FAA</generatorID>
<ownerDesignName>modelo_v03</ownerDesignName>
<deleteRule>NO ACTION</deleteRule>
<referredTableID>99198821-DA5B-E1FD-0C65-60A550788195</referredTableID>
<keyObject>0440DEE9-7120-F335-566A-D6F0C187C2AF</keyObject>
<referredKeyID>0440DEE9-7120-F335-566A-D6F0C187C2AF</referredKeyID>
<mandatory>true</mandatory>
<transferable>true</transferable>
<rely>false</rely>
<columnDependencyConstraintGenerateInDDL>true</columnDependencyConstraintGenerateInDDL>
</FKIndexAssociation>