<?xml version = '1.0' encoding = 'UTF-8'?>
<relationalModel class="oracle.dbtools.crest.model.design.relational.RelationalDesign" name="Relational_1" id="5717F7DC-5FAE-37A9-1A77-C8C90409988D" mainViewID="B90A43E2-6D5C-0F21-D847-6AFBEC1FE561">
<createdBy>sidi</createdBy>
<createdTime>2015-09-08 00:58:46 UTC</createdTime>
<generatorID>Gerado pelo usuário</generatorID>
<ownerDesignName>GEEK</ownerDesignName>
<shouldBeOpen>true</shouldBeOpen>
<selectedRDBMSSite>32076570-2523-435C-2E92-BF29817DFF70</selectedRDBMSSite>
</relationalModel>