<?xml version = '1.0' encoding = 'UTF-8'?>
<FKIndexAssociation class="oracle.dbtools.crest.model.design.relational.FKIndexAssociation" directorySegmentName="seg_0" id="53DA86ED-7DC1-B52E-40A7-1AAD2BA7EAA4" containerWithKeyObject="89D8BF6D-EC92-DC92-7243-6E3BCE1AD335" localFKIndex="D21A8221-5516-7ADA-A186-EDA5961555E0" name="FAT_VENDA_DIM_LOJA_FK">
<createdBy>Gabriel Garcia</createdBy>
<createdTime>2016-05-15 23:48:20 UTC</createdTime>
<generatorID>386D6989-C466-68B1-63F4-74D57453AA18</generatorID>
<ownerDesignName>M_DIMENSIONAL_AM</ownerDesignName>
<deleteRule>NO ACTION</deleteRule>
<referredTableID>0A017316-A079-470B-B85C-EB4E73C6AD26</referredTableID>
<keyObject>E1B0116F-FB3E-1575-8E36-8988AD4903A4</keyObject>
<referredKeyID>E1B0116F-FB3E-1575-8E36-8988AD4903A4</referredKeyID>
<mandatory>true</mandatory>
<transferable>true</transferable>
<rely>false</rely>
<columnDependencyConstraintGenerateInDDL>true</columnDependencyConstraintGenerateInDDL>
</FKIndexAssociation>