<?xml version = '1.0' encoding = 'UTF-8'?>
<FKIndexAssociation class="oracle.dbtools.crest.model.design.relational.FKIndexAssociation" directorySegmentName="seg_0" id="5FC34C3E-EEAC-364A-F743-6356A374AA3F" containerWithKeyObject="8594F74B-5536-8806-D54A-9A5DA7B094C4" localFKIndex="D3BC18B4-DA1C-7332-498D-4FCCFDE5591F" name="FAT_ESTOQUE_DIM_LOJA_FK">
<createdBy>Gabriel Garcia</createdBy>
<createdTime>2016-05-15 23:48:20 UTC</createdTime>
<generatorID>5E1F592A-4EE1-B0C7-A4CC-9FA57AE33209</generatorID>
<ownerDesignName>M_DIMENSIONAL_AM</ownerDesignName>
<deleteRule>NO ACTION</deleteRule>
<referredTableID>0A017316-A079-470B-B85C-EB4E73C6AD26</referredTableID>
<keyObject>E1B0116F-FB3E-1575-8E36-8988AD4903A4</keyObject>
<referredKeyID>E1B0116F-FB3E-1575-8E36-8988AD4903A4</referredKeyID>
<mandatory>true</mandatory>
<transferable>true</transferable>
<rely>false</rely>
<columnDependencyConstraintGenerateInDDL>true</columnDependencyConstraintGenerateInDDL>
</FKIndexAssociation>