<?xml version = '1.0' encoding = 'UTF-8'?>
<FKIndexAssociation class="oracle.dbtools.crest.model.design.relational.FKIndexAssociation" directorySegmentName="seg_0" id="86735BB5-BC74-BD1F-F0A0-4BE47A6F9C93" containerWithKeyObject="89D8BF6D-EC92-DC92-7243-6E3BCE1AD335" localFKIndex="A3B50B8C-816A-ED07-2501-F11601A77EF7" name="FAT_VENDA_DIM_PRODUTO_FK">
<createdBy>Gabriel Garcia</createdBy>
<createdTime>2016-05-15 23:48:20 UTC</createdTime>
<generatorID>E7CC2EFF-A7AF-A2D9-04C0-51385A11644D</generatorID>
<ownerDesignName>M_DIMENSIONAL_AM</ownerDesignName>
<deleteRule>NO ACTION</deleteRule>
<referredTableID>6A71AADC-F7E3-44B7-4846-1305E79DAF17</referredTableID>
<keyObject>A928FCB7-B5F2-D167-524D-0317985647F0</keyObject>
<referredKeyID>A928FCB7-B5F2-D167-524D-0317985647F0</referredKeyID>
<mandatory>true</mandatory>
<transferable>true</transferable>
<rely>false</rely>
<columnDependencyConstraintGenerateInDDL>true</columnDependencyConstraintGenerateInDDL>
</FKIndexAssociation>