<?xml version = '1.0' encoding = 'UTF-8'?>
<FKIndexAssociation class="oracle.dbtools.crest.model.design.relational.FKIndexAssociation" directorySegmentName="seg_0" id="97F2ECC2-562C-BCE4-6776-9602C71BC90F" containerWithKeyObject="89D8BF6D-EC92-DC92-7243-6E3BCE1AD335" localFKIndex="DD93FDD1-F5B9-FDC6-D66D-931DC4D09926" name="FAT_VENDA_DIM_DATA_FK">
<createdBy>Gabriel Garcia</createdBy>
<createdTime>2016-05-15 23:48:20 UTC</createdTime>
<generatorID>A56676FF-4938-EEAA-EE34-509006259801</generatorID>
<ownerDesignName>M_DIMENSIONAL_AM</ownerDesignName>
<deleteRule>NO ACTION</deleteRule>
<referredTableID>AC05F2F8-2ACE-D700-3106-4CD4BF09A525</referredTableID>
<keyObject>23E3EA9F-B299-377E-D74D-DB6BACBCF840</keyObject>
<referredKeyID>23E3EA9F-B299-377E-D74D-DB6BACBCF840</referredKeyID>
<mandatory>true</mandatory>
<transferable>true</transferable>
<rely>false</rely>
<columnDependencyConstraintGenerateInDDL>true</columnDependencyConstraintGenerateInDDL>
</FKIndexAssociation>