<?xml version = '1.0' encoding = 'UTF-8'?>
<FKIndexAssociation class="oracle.dbtools.crest.model.design.relational.FKIndexAssociation" directorySegmentName="seg_0" id="AD475A55-FB7B-1549-F3E2-B2F4E752F4CF" containerWithKeyObject="89D8BF6D-EC92-DC92-7243-6E3BCE1AD335" localFKIndex="ECE53BCC-0B1E-09DA-6A7E-2B8A3E3CECCB" name="FAT_VENDA_DIM_FUNCIONARIO_FK">
<createdBy>Gabriel Garcia</createdBy>
<createdTime>2016-05-15 23:48:20 UTC</createdTime>
<generatorID>80E63F1C-06D3-8D31-1951-6E2C9D3F57EA</generatorID>
<ownerDesignName>M_DIMENSIONAL_AM</ownerDesignName>
<deleteRule>NO ACTION</deleteRule>
<referredTableID>163F0876-D256-A207-928D-E3BF133A01C2</referredTableID>
<keyObject>4E44D063-1DEB-D2E9-E025-F7C4AABAEF6E</keyObject>
<referredKeyID>4E44D063-1DEB-D2E9-E025-F7C4AABAEF6E</referredKeyID>
<mandatory>true</mandatory>
<transferable>true</transferable>
<rely>false</rely>
<columnDependencyConstraintGenerateInDDL>true</columnDependencyConstraintGenerateInDDL>
</FKIndexAssociation>