<?xml version = '1.0' encoding = 'UTF-8'?>
<FKIndexAssociation class="oracle.dbtools.crest.model.design.relational.FKIndexAssociation" directorySegmentName="seg_0" id="C4B0F8CA-8832-677F-64BD-B51DC7053CDA" containerWithKeyObject="8594F74B-5536-8806-D54A-9A5DA7B094C4" localFKIndex="462A782B-58E7-9C61-28E6-3B6FC728C9D8" name="FAT_ESTOQUE_DIM_PRODUTO_FK">
<createdBy>Gabriel Garcia</createdBy>
<createdTime>2016-05-15 23:48:20 UTC</createdTime>
<generatorID>AE8FC017-C320-9B6F-B5F3-95BBADB5B4C5</generatorID>
<ownerDesignName>M_DIMENSIONAL_AM</ownerDesignName>
<deleteRule>NO ACTION</deleteRule>
<referredTableID>6A71AADC-F7E3-44B7-4846-1305E79DAF17</referredTableID>
<keyObject>A928FCB7-B5F2-D167-524D-0317985647F0</keyObject>
<referredKeyID>A928FCB7-B5F2-D167-524D-0317985647F0</referredKeyID>
<mandatory>true</mandatory>
<transferable>true</transferable>
<rely>false</rely>
<columnDependencyConstraintGenerateInDDL>true</columnDependencyConstraintGenerateInDDL>
</FKIndexAssociation>