<?xml version = '1.0' encoding = 'UTF-8'?>
<FKIndexAssociation class="oracle.dbtools.crest.model.design.relational.FKIndexAssociation" directorySegmentName="seg_0" id="CD6E80BB-5E77-EF1F-7201-7FB26D4D3067" containerWithKeyObject="8594F74B-5536-8806-D54A-9A5DA7B094C4" localFKIndex="38C11853-6B07-7F61-E5E4-693823BD0464" name="FAT_ESTOQUE_DIM_DATA_FK">
<createdBy>Gabriel Garcia</createdBy>
<createdTime>2016-05-15 23:48:20 UTC</createdTime>
<generatorID>30B404B0-5274-4CF8-0548-0199D9565231</generatorID>
<ownerDesignName>M_DIMENSIONAL_AM</ownerDesignName>
<deleteRule>NO ACTION</deleteRule>
<referredTableID>AC05F2F8-2ACE-D700-3106-4CD4BF09A525</referredTableID>
<keyObject>23E3EA9F-B299-377E-D74D-DB6BACBCF840</keyObject>
<referredKeyID>23E3EA9F-B299-377E-D74D-DB6BACBCF840</referredKeyID>
<mandatory>true</mandatory>
<transferable>true</transferable>
<rely>false</rely>
<columnDependencyConstraintGenerateInDDL>true</columnDependencyConstraintGenerateInDDL>
</FKIndexAssociation>