<?xml version = '1.0' encoding = 'UTF-8'?>
<FKIndexAssociation class="oracle.dbtools.crest.model.design.relational.FKIndexAssociation" directorySegmentName="seg_0" id="DE0ACE95-A4EC-24AD-9D41-D238219D4C7F" containerWithKeyObject="89D8BF6D-EC92-DC92-7243-6E3BCE1AD335" localFKIndex="120F651F-9CB9-5C9A-65FC-45634E39DB33" name="FAT_VENDA_DIM_CLIENTE_FK">
<createdBy>Gabriel Garcia</createdBy>
<createdTime>2016-05-15 23:48:20 UTC</createdTime>
<generatorID>0B93C8F8-6CB2-41D2-62B6-0EE071C0788D</generatorID>
<ownerDesignName>M_DIMENSIONAL_AM</ownerDesignName>
<deleteRule>NO ACTION</deleteRule>
<referredTableID>173DD25C-F8C6-51C5-E2B0-C9B0DB4082D5</referredTableID>
<keyObject>6F0DE594-0A24-A161-C3A1-6F67ADE4EAA7</keyObject>
<referredKeyID>6F0DE594-0A24-A161-C3A1-6F67ADE4EAA7</referredKeyID>
<mandatory>true</mandatory>
<transferable>true</transferable>
<rely>false</rely>
<columnDependencyConstraintGenerateInDDL>true</columnDependencyConstraintGenerateInDDL>
</FKIndexAssociation>