<?xml version = '1.0' encoding = 'UTF-8'?>
<FKIndexAssociation class="oracle.dbtools.crest.model.design.relational.FKIndexAssociation" directorySegmentName="seg_0" id="E428C768-362B-6615-F330-48060676527E" containerWithKeyObject="89D8BF6D-EC92-DC92-7243-6E3BCE1AD335" localFKIndex="982F96B2-5E3A-7F26-8AB6-ADFA8674763B" name="FAT_VENDA_DIM_PROMOCAO_FK">
<createdBy>Gabriel Garcia</createdBy>
<createdTime>2016-05-15 23:48:20 UTC</createdTime>
<generatorID>C39AA469-D909-5B05-6C4E-7172B1F18BFB</generatorID>
<ownerDesignName>M_DIMENSIONAL_AM</ownerDesignName>
<deleteRule>NO ACTION</deleteRule>
<referredTableID>225BD311-8DE5-C33A-4CA5-24099808D35A</referredTableID>
<keyObject>EDEE898A-4D6D-A49C-D552-473422B3A167</keyObject>
<referredKeyID>EDEE898A-4D6D-A49C-D552-473422B3A167</referredKeyID>
<mandatory>true</mandatory>
<transferable>true</transferable>
<rely>false</rely>
<columnDependencyConstraintGenerateInDDL>true</columnDependencyConstraintGenerateInDDL>
</FKIndexAssociation>