<?xml version = '1.0' encoding = 'UTF-8'?>
<Relation class="oracle.dbtools.crest.model.design.logical.Relation" name="R_CLIENTE_VENDA" directorySegmentName="seg_0" id="0B93C8F8-6CB2-41D2-62B6-0EE071C0788D">
<createdBy>Gabriel Garcia</createdBy>
<createdTime>2016-05-15 22:52:34 UTC</createdTime>
<ownerDesignName>M_DIMENSIONAL_AM</ownerDesignName>
<engineerTo>
<item key="A715A5C7-207F-7D0A-B55D-A2DB945CE6A6" value="true"/>
</engineerTo>
<sourcePk>87962720-BDD4-C945-FC82-CA6818012E7D</sourcePk>
<identifying>true</identifying>
<optionalSource>false</optionalSource>
<optionalTarget>false</optionalTarget>
<sourceCardinality>1</sourceCardinality>
<sourceEntity>7961BF76-AA85-07F1-5662-0EA14629A815</sourceEntity>
<targetCardinalityString>*</targetCardinalityString>
<targetEntity>3495F01E-64A6-E8A4-7093-FA23375B9976</targetEntity>
<transferable>true</transferable>
<deleteRule>NO ACTION</deleteRule>
</Relation>