<?xml version = '1.0' encoding = 'UTF-8'?>
<Relation class="oracle.dbtools.crest.model.design.logical.Relation" name="R_DATA_ESTOQUE" directorySegmentName="seg_0" id="30B404B0-5274-4CF8-0548-0199D9565231">
<createdBy>Gabriel Garcia</createdBy>
<createdTime>2016-05-15 23:19:06 UTC</createdTime>
<ownerDesignName>M_DIMENSIONAL_AM</ownerDesignName>
<engineerTo>
<item key="A715A5C7-207F-7D0A-B55D-A2DB945CE6A6" value="true"/>
</engineerTo>
<sourcePk>180D2E22-16AC-140A-CC8E-F15851F2108E</sourcePk>
<identifying>true</identifying>
<optionalSource>false</optionalSource>
<optionalTarget>false</optionalTarget>
<sourceCardinality>1</sourceCardinality>
<sourceEntity>4B535D2C-989F-0370-4FDB-7A1105F16612</sourceEntity>
<targetCardinalityString>*</targetCardinalityString>
<targetEntity>1AFEBCD3-03B2-EA03-0069-81CC0EC8101A</targetEntity>
<transferable>true</transferable>
<deleteRule>NO ACTION</deleteRule>
</Relation>