<?xml version = '1.0' encoding = 'UTF-8'?>
<Relation class="oracle.dbtools.crest.model.design.logical.Relation" name="R_LOJA_VENDA" directorySegmentName="seg_0" id="386D6989-C466-68B1-63F4-74D57453AA18">
<createdBy>rm74585</createdBy>
<createdTime>2016-03-29 14:44:31 UTC</createdTime>
<ownerDesignName>M_DIMENSIONAL_AM</ownerDesignName>
<engineerTo>
<item key="A715A5C7-207F-7D0A-B55D-A2DB945CE6A6" value="true"/>
</engineerTo>
<sourcePk>247C94A3-6B38-E5D8-2B2E-DC8B07704E38</sourcePk>
<identifying>false</identifying>
<optionalSource>false</optionalSource>
<optionalTarget>false</optionalTarget>
<sourceCardinality>1</sourceCardinality>
<sourceEntity>CD6E5D5B-1BD2-EB41-3EC1-B851E5311374</sourceEntity>
<targetCardinalityString>*</targetCardinalityString>
<targetEntity>3495F01E-64A6-E8A4-7093-FA23375B9976</targetEntity>
<transferable>true</transferable>
<deleteRule>NO ACTION</deleteRule>
</Relation>