<?xml version = '1.0' encoding = 'UTF-8'?>
<Relation class="oracle.dbtools.crest.model.design.logical.Relation" name="R_LOJA_ESTOQUE" directorySegmentName="seg_0" id="5E1F592A-4EE1-B0C7-A4CC-9FA57AE33209">
<createdBy>Gabriel Garcia</createdBy>
<createdTime>2016-05-15 23:19:18 UTC</createdTime>
<ownerDesignName>M_DIMENSIONAL_AM</ownerDesignName>
<engineerTo>
<item key="A715A5C7-207F-7D0A-B55D-A2DB945CE6A6" value="true"/>
</engineerTo>
<sourcePk>247C94A3-6B38-E5D8-2B2E-DC8B07704E38</sourcePk>
<identifying>true</identifying>
<optionalSource>false</optionalSource>
<optionalTarget>false</optionalTarget>
<sourceCardinality>1</sourceCardinality>
<sourceEntity>CD6E5D5B-1BD2-EB41-3EC1-B851E5311374</sourceEntity>
<targetCardinalityString>*</targetCardinalityString>
<targetEntity>1AFEBCD3-03B2-EA03-0069-81CC0EC8101A</targetEntity>
<transferable>true</transferable>
<deleteRule>NO ACTION</deleteRule>
</Relation>