<?xml version = '1.0' encoding = 'UTF-8'?>
<Relation class="oracle.dbtools.crest.model.design.logical.Relation" name="R_FUNCIONARIO_VENDA" directorySegmentName="seg_0" id="80E63F1C-06D3-8D31-1951-6E2C9D3F57EA">
<createdBy>Gabriel Garcia</createdBy>
<createdTime>2016-05-15 22:53:27 UTC</createdTime>
<ownerDesignName>M_DIMENSIONAL_AM</ownerDesignName>
<engineerTo>
<item key="A715A5C7-207F-7D0A-B55D-A2DB945CE6A6" value="true"/>
</engineerTo>
<sourcePk>93377274-AA3C-7F26-47F1-722FA77B1B43</sourcePk>
<identifying>true</identifying>
<optionalSource>false</optionalSource>
<optionalTarget>false</optionalTarget>
<sourceCardinality>1</sourceCardinality>
<sourceEntity>7EF33029-468C-9BE2-FED8-8CEA5A64DBA8</sourceEntity>
<targetCardinalityString>*</targetCardinalityString>
<targetEntity>3495F01E-64A6-E8A4-7093-FA23375B9976</targetEntity>
<transferable>true</transferable>
<deleteRule>NO ACTION</deleteRule>
</Relation>