<?xml version = '1.0' encoding = 'UTF-8'?>
<Relation class="oracle.dbtools.crest.model.design.logical.Relation" name="R_PRODUTO_ESTOQUE" directorySegmentName="seg_0" id="AE8FC017-C320-9B6F-B5F3-95BBADB5B4C5">
<createdBy>Gabriel Garcia</createdBy>
<createdTime>2016-05-15 23:19:31 UTC</createdTime>
<ownerDesignName>M_DIMENSIONAL_AM</ownerDesignName>
<engineerTo>
<item key="A715A5C7-207F-7D0A-B55D-A2DB945CE6A6" value="true"/>
</engineerTo>
<sourcePk>6B224DE1-9BEE-BD5D-D845-B2D083C0CAE3</sourcePk>
<identifying>true</identifying>
<optionalSource>false</optionalSource>
<optionalTarget>false</optionalTarget>
<sourceCardinality>1</sourceCardinality>
<sourceEntity>66E6D379-0DD2-E4AC-D12A-633ABBAE55E8</sourceEntity>
<targetCardinalityString>*</targetCardinalityString>
<targetEntity>1AFEBCD3-03B2-EA03-0069-81CC0EC8101A</targetEntity>
<transferable>true</transferable>
<deleteRule>NO ACTION</deleteRule>
</Relation>