<?xml version = '1.0' encoding = 'UTF-8'?>
<Relation class="oracle.dbtools.crest.model.design.logical.Relation" name="R_PROMOCAO_VENDA" directorySegmentName="seg_0" id="C39AA469-D909-5B05-6C4E-7172B1F18BFB">
<createdBy>Gabriel Garcia</createdBy>
<createdTime>2016-05-15 22:52:48 UTC</createdTime>
<ownerDesignName>M_DIMENSIONAL_AM</ownerDesignName>
<engineerTo>
<item key="A715A5C7-207F-7D0A-B55D-A2DB945CE6A6" value="true"/>
</engineerTo>
<sourcePk>10CE0FB0-4024-EF42-F916-9265E6942F2C</sourcePk>
<identifying>true</identifying>
<optionalSource>false</optionalSource>
<optionalTarget>false</optionalTarget>
<sourceCardinality>1</sourceCardinality>
<sourceEntity>AC0B8396-C74A-A756-70F9-64DE99BCB89D</sourceEntity>
<targetCardinalityString>*</targetCardinalityString>
<targetEntity>3495F01E-64A6-E8A4-7093-FA23375B9976</targetEntity>
<transferable>true</transferable>
<deleteRule>NO ACTION</deleteRule>
</Relation>