<?xml version = '1.0' encoding = 'UTF-8'?>
<Relation class="oracle.dbtools.crest.model.design.logical.Relation" name="R_PRODUTO_VENDA" directorySegmentName="seg_0" id="E7CC2EFF-A7AF-A2D9-04C0-51385A11644D">
<createdBy>Gabriel Garcia</createdBy>
<createdTime>2016-05-15 22:53:54 UTC</createdTime>
<ownerDesignName>M_DIMENSIONAL_AM</ownerDesignName>
<engineerTo>
<item key="A715A5C7-207F-7D0A-B55D-A2DB945CE6A6" value="true"/>
</engineerTo>
<sourcePk>6B224DE1-9BEE-BD5D-D845-B2D083C0CAE3</sourcePk>
<identifying>true</identifying>
<optionalSource>false</optionalSource>
<optionalTarget>false</optionalTarget>
<sourceCardinality>1</sourceCardinality>
<sourceEntity>66E6D379-0DD2-E4AC-D12A-633ABBAE55E8</sourceEntity>
<targetCardinalityString>*</targetCardinalityString>
<targetEntity>3495F01E-64A6-E8A4-7093-FA23375B9976</targetEntity>
<transferable>true</transferable>
<deleteRule>NO ACTION</deleteRule>
</Relation>