<?xml version = '1.0' encoding = 'UTF-8'?>
<Diagram class="oracle.dbtools.crest.swingui.logical.DPVLogical" name="Logical" id="C5CB3705-4F26-DA0E-0FA2-1C89F25BA1A1">
<createdBy>sidi</createdBy>
<modifiedBy>rm69296</modifiedBy>
<createdTime>2015-09-08 00:35:25 UTC</createdTime>
<autoRoute>false</autoRoute>
<boxInbox>true</boxInbox>
<showLegend>false</showLegend>
<showLabels>false</showLabels>
<showRelAttributes>false</showRelAttributes>
<gridEnabled>false</gridEnabled>
<showGrid>false</showGrid>
<diagramColor>-1</diagramColor>
<display>false</display>
<notation>2</notation>
<objectViews>
<OView class="oracle.dbtools.crest.swingui.logical.TVEntity" oid="05E7095D-76C1-85D7-3A39-948948DED37F" otype="Entity" vid="D09C7B53-EA51-D0D3-7865-E1C9B697CF38">
<hideElementsInCurrentOnly>false</hideElementsInCurrentOnly>
<bounds x="788" y="750" width="216" height="130"/>
</OView>
<OView class="oracle.dbtools.crest.swingui.logical.TVEntity" oid="11D59FED-B2F6-D724-EF17-34156ED2B4B2" otype="Entity" vid="B61C5BAF-1DB2-9299-52EE-25EA31774D1D">
<hideElementsInCurrentOnly>false</hideElementsInCurrentOnly>
<bounds x="1069" y="196" width="240" height="102"/>
</OView>
<OView class="oracle.dbtools.crest.swingui.logical.TVEntity" oid="16291A1C-3A0B-573F-0E31-A788E2628E4F" otype="Entity" vid="0209E67C-9A45-CEC9-8FED-B94510CECAD6">
<hideElementsInCurrentOnly>false</hideElementsInCurrentOnly>
<bounds x="1369" y="157" width="191" height="144"/>
</OView>
<OView class="oracle.dbtools.crest.swingui.logical.TVEntity" oid="18E955B8-BFE6-9A71-3F49-F50D98D2FDF8" otype="Entity" vid="D5E7FF4A-0A11-E077-87CC-39C96C497900">
<hideElementsInCurrentOnly>false</hideElementsInCurrentOnly>
<bounds x="1066" y="37" width="270" height="116"/>
</OView>
<OView class="oracle.dbtools.crest.swingui.logical.TVEntity" oid="1C83C434-3946-A69A-4440-64809754A53B" otype="Entity" vid="163EA89F-0DCB-7FEC-E771-8A05C9104C8E">
<hideElementsInCurrentOnly>false</hideElementsInCurrentOnly>
<bounds x="1315" y="620" width="260" height="200"/>
</OView>
<OView class="oracle.dbtools.crest.swingui.logical.TVEntity" oid="1D2CA5A7-8854-4314-288D-C74D6CB042F4" otype="Entity" vid="B70B598F-282C-AF92-5493-A18953520BB4">
<hideElementsInCurrentOnly>false</hideElementsInCurrentOnly>
<bounds x="1625" y="170" width="190" height="102"/>
</OView>
<OView class="oracle.dbtools.crest.swingui.logical.TVEntity" oid="1E72E63D-2013-3317-BA23-58E441753C3E" otype="Entity" vid="2F949740-5BAC-C4D0-871B-EC7EC43A1A19">
<hideElementsInCurrentOnly>false</hideElementsInCurrentOnly>
<bounds x="0" y="737" width="235" height="74"/>
</OView>
<OView class="oracle.dbtools.crest.swingui.logical.TVEntity" oid="23A1FE30-33AA-E274-CFBC-9097E0F0CA6F" otype="Entity" vid="C315842E-B958-DF0C-A12B-1179A02ED3BB">
<hideElementsInCurrentOnly>false</hideElementsInCurrentOnly>
<bounds x="521" y="1183" width="187" height="88"/>
</OView>
<OView class="oracle.dbtools.crest.swingui.logical.TVEntity" oid="278C6544-4613-8F74-E759-D739DBCF7681" otype="Entity" vid="893DAACD-DBFB-F0A0-931E-2CC82C54C127">
<hideElementsInCurrentOnly>false</hideElementsInCurrentOnly>
<bounds x="651" y="925" width="262" height="214"/>
</OView>
<OView class="oracle.dbtools.crest.swingui.logical.TVEntity" oid="32D2E744-0DD5-D8E2-9B50-81B81AE14856" otype="Entity" vid="EBD80849-8F20-DA6B-A888-F03F5F91B2D9">
<hideElementsInCurrentOnly>false</hideElementsInCurrentOnly>
<bounds x="1636" y="760" width="228" height="116"/>
</OView>
<OView class="oracle.dbtools.crest.swingui.logical.TVEntity" oid="3CB0D009-B7B2-F57B-3E45-EDA82B3963F0" otype="Entity" vid="00524D77-846E-DAE2-70C3-1FD367881CC8">
<hideElementsInCurrentOnly>false</hideElementsInCurrentOnly>
<bounds x="473" y="698" width="235" height="172"/>
</OView>
<OView class="oracle.dbtools.crest.swingui.logical.TVEntity" oid="3D20F067-30A2-D92E-1E64-AF194A3559C8" otype="Entity" vid="BF2597B3-2D5E-F2D2-7C1A-5CE3B7888C64">
<hideElementsInCurrentOnly>false</hideElementsInCurrentOnly>
<bounds x="475" y="21" width="184" height="116"/>
</OView>
<OView class="oracle.dbtools.crest.swingui.logical.TVEntity" oid="4439492B-9FFF-B4EE-ACA1-F87C45E394F4" otype="Entity" vid="8F596566-77EC-8824-9556-B04D0E5840E5">
<hideElementsInCurrentOnly>false</hideElementsInCurrentOnly>
<bounds x="762" y="1188" width="187" height="74"/>
</OView>
<OView class="oracle.dbtools.crest.swingui.logical.TVEntity" oid="46E63D51-F548-0D46-24BD-EA96CEBEBE70" otype="Entity" vid="4462B20E-A176-5A6D-3CA5-6D78F9936ACC">
<hideElementsInCurrentOnly>false</hideElementsInCurrentOnly>
<bounds x="1659" y="327" width="173" height="172"/>
</OView>
<OView class="oracle.dbtools.crest.swingui.logical.TVEntity" oid="4E751013-C05F-B146-352F-24891ACC6D61" otype="Entity" vid="B73B8D7A-29EB-59A2-C65C-DBAA75C30BD6">
<hideElementsInCurrentOnly>false</hideElementsInCurrentOnly>
<bounds x="316" y="188" width="266" height="284"/>
</OView>
<OView class="oracle.dbtools.crest.swingui.logical.TVEntity" oid="57AF6E56-C25C-1BAE-4E4B-4C97892C781C" otype="Entity" vid="BD9F65E1-FFA7-40F9-DD32-1AC008A48B7C">
<hideElementsInCurrentOnly>false</hideElementsInCurrentOnly>
<bounds x="16" y="423" width="240" height="88"/>
</OView>
<OView class="oracle.dbtools.crest.swingui.logical.TVEntity" oid="5B16D54F-03AE-5E47-7706-D3A57C3EFB81" otype="Entity" vid="7799B666-2B18-943B-D049-AC64BEB02E09">
<hideElementsInCurrentOnly>false</hideElementsInCurrentOnly>
<bounds x="1147" y="381" width="211" height="186"/>
</OView>
<OView class="oracle.dbtools.crest.swingui.logical.TVEntity" oid="5C1EE33A-B1B4-5CBD-7650-888EDC7F2165" otype="Entity" vid="68934C4D-7FF4-18F7-7A33-ECAFAD1E5029">
<hideElementsInCurrentOnly>false</hideElementsInCurrentOnly>
<bounds x="56" y="18" width="197" height="116"/>
</OView>
<OView class="oracle.dbtools.crest.swingui.logical.TVEntity" oid="64C020A7-387F-9D7E-EF9C-D7847497330E" otype="Entity" vid="E04BBE80-BBA8-642E-EF87-5180788BF47A">
<hideElementsInCurrentOnly>false</hideElementsInCurrentOnly>
<bounds x="1625" y="20" width="188" height="74"/>
</OView>
<OView class="oracle.dbtools.crest.swingui.logical.TVEntity" oid="6E07D27C-B94F-F7CE-5F14-D1309C921AAC" otype="Entity" vid="DD117676-5C32-B563-7D6C-FFD293E76640">
<hideElementsInCurrentOnly>false</hideElementsInCurrentOnly>
<bounds x="288" y="553" width="191" height="88"/>
</OView>
<OView class="oracle.dbtools.crest.swingui.logical.TVEntity" oid="79377EBE-B8E2-F7A8-E48F-2204CA8951B5" otype="Entity" vid="9A7EB31C-CD7D-8B31-16C9-1A5FD036C4BE">
<hideElementsInCurrentOnly>false</hideElementsInCurrentOnly>
<bounds x="1287" y="908" width="220" height="144"/>
</OView>
<OView class="oracle.dbtools.crest.swingui.logical.TVEntity" oid="90DC8163-5D4B-ED19-FB19-1D123D4A1192" otype="Entity" vid="66D555A8-6E7E-11A6-A4F1-F91E702CFF57">
<hideElementsInCurrentOnly>false</hideElementsInCurrentOnly>
<bounds x="3" y="165" width="273" height="172"/>
</OView>
<OView class="oracle.dbtools.crest.swingui.logical.TVEntity" oid="C5D7A15C-C997-D8E6-A78A-66C7357A4FD4" otype="Entity" vid="C76B8D8C-F747-1B9E-DB37-95FCC7941E35">
<hideElementsInCurrentOnly>false</hideElementsInCurrentOnly>
<bounds x="0" y="857" width="234" height="74"/>
</OView>
<OView class="oracle.dbtools.crest.swingui.logical.TVEntity" oid="CBF2C9D1-615A-59B2-F0FB-986BE8672939" otype="Entity" vid="63CC91C4-D534-ED96-5090-A199B3F49559">
<hideElementsInCurrentOnly>false</hideElementsInCurrentOnly>
<bounds x="18" y="561" width="212" height="116"/>
</OView>
<OView class="oracle.dbtools.crest.swingui.logical.TVEntity" oid="DA278474-6E6E-20B6-0267-574B7B03819C" otype="Entity" vid="66285BAC-FB72-7C11-B827-A4F88C41C30E">
<hideElementsInCurrentOnly>false</hideElementsInCurrentOnly>
<bounds x="1373" y="15" width="188" height="116"/>
</OView>
<OView class="oracle.dbtools.crest.swingui.logical.TVEntity" oid="E4746584-DAE5-36C3-9D21-55B2028D1D01" otype="Entity" vid="08FB678F-F314-BB18-681D-BF327618DF8A">
<hideElementsInCurrentOnly>false</hideElementsInCurrentOnly>
<bounds x="290" y="991" width="217" height="102"/>
</OView>
<OView class="oracle.dbtools.crest.swingui.logical.TVEntity" oid="E7E9F1A3-2F57-D67E-481E-2FA2B4D371F6" otype="Entity" vid="C122BD63-D63D-8A2C-75E8-66A4A749CE8B">
<hideElementsInCurrentOnly>false</hideElementsInCurrentOnly>
<bounds x="750" y="19" width="263" height="284"/>
</OView>
<OView class="oracle.dbtools.crest.swingui.logical.TVEntity" oid="EA55CAC2-144F-B122-DD7D-570BB56395FF" otype="Entity" vid="AB676C20-18A1-B57E-366C-95C80EE78BDC">
<hideElementsInCurrentOnly>false</hideElementsInCurrentOnly>
<bounds x="670" y="368" width="211" height="130"/>
</OView>
<OView class="oracle.dbtools.crest.swingui.logical.TVEntity" oid="F3E394AE-ABEB-1450-4046-3A7AD17B8690" otype="Entity" vid="9F698302-7E38-46A5-117D-3873649A1D03">
<hideElementsInCurrentOnly>false</hideElementsInCurrentOnly>
<bounds x="1540" y="1157" width="223" height="102"/>
</OView>
<OView class="oracle.dbtools.crest.swingui.logical.TVEntity" oid="FAAB106F-5C5D-A9DE-B87F-0DA85E7A008F" otype="Entity" vid="AC6AAD3E-5C15-4106-5475-ADFA2E635FA3">
<hideElementsInCurrentOnly>false</hideElementsInCurrentOnly>
<bounds x="1795" y="630" width="211" height="116"/>
</OView>
<OView class="oracle.dbtools.crest.swingui.logical.TVEntity" oid="FD009696-3BE5-21BD-61B8-4F99B40DC315" otype="Entity" vid="8330ED63-BAE4-FDA5-7FCA-D725AB658B33">
<hideElementsInCurrentOnly>false</hideElementsInCurrentOnly>
<bounds x="1081" y="791" width="188" height="116"/>
</OView>
<OView class="oracle.dbtools.crest.swingui.logical.TVEntity" oid="FEC21434-330F-BF3E-6DD0-002DE3256F9A" otype="Entity" vid="CACEE1D1-2676-A61B-16DB-AE5BE4D931BA">
<hideElementsInCurrentOnly>false</hideElementsInCurrentOnly>
<bounds x="1614" y="913" width="216" height="144"/>
</OView>
</objectViews>
<connectors>
<Connector class="oracle.dbtools.crest.swingui.logical.TVRelation" oid="028F1A41-56C9-E28D-97F2-F55638129A2D" otype="Relation" vid_source="B73B8D7A-29EB-59A2-C65C-DBAA75C30BD6" vid_target="8330ED63-BAE4-FDA5-7FCA-D725AB658B33">
<hideElementsInCurrentOnly>false</hideElementsInCurrentOnly>
<lineWidth>1</lineWidth>
<points>
<point x="582" y="440"/>
<point x="617" y="440"/>
<point x="614" y="670"/>
<point x="1120" y="675"/>
<point x="1120" y="791"/>
</points>
</Connector>
<Connector class="oracle.dbtools.crest.swingui.logical.TVRelation" oid="03646155-8B98-3571-0979-0F73BD95917F" otype="Relation" vid_source="893DAACD-DBFB-F0A0-931E-2CC82C54C127" vid_target="8F596566-77EC-8824-9556-B04D0E5840E5">
<hideElementsInCurrentOnly>false</hideElementsInCurrentOnly>
<lineWidth>1</lineWidth>
<points>
<point x="837" y="1139"/>
<point x="837" y="1188"/>
</points>
</Connector>
<Connector class="oracle.dbtools.crest.swingui.logical.TVRelation" oid="044B54DE-65BD-D47B-594C-2F2B448856D9" otype="Relation" vid_source="BF2597B3-2D5E-F2D2-7C1A-5CE3B7888C64" vid_target="68934C4D-7FF4-18F7-7A33-ECAFAD1E5029">
<hideElementsInCurrentOnly>false</hideElementsInCurrentOnly>
<lineWidth>1</lineWidth>
<points>
<point x="475" y="77"/>
<point x="253" y="77"/>
</points>
</Connector>
<Connector class="oracle.dbtools.crest.swingui.logical.TVRelation" oid="04AF22A6-CF0E-CE61-2930-3C51748C1A03" otype="Relation" vid_source="9F698302-7E38-46A5-117D-3873649A1D03" vid_target="893DAACD-DBFB-F0A0-931E-2CC82C54C127">
<hideElementsInCurrentOnly>false</hideElementsInCurrentOnly>
<lineWidth>1</lineWidth>
<points>
<point x="1540" y="1173"/>
<point x="876" y="1173"/>
<point x="876" y="1139"/>
</points>
</Connector>
<Connector class="oracle.dbtools.crest.swingui.logical.TVRelation" oid="068DA96B-8D0B-9308-7DC1-5536C7653EF8" otype="Relation" vid_source="D5E7FF4A-0A11-E077-87CC-39C96C497900" vid_target="BF2597B3-2D5E-F2D2-7C1A-5CE3B7888C64">
<hideElementsInCurrentOnly>false</hideElementsInCurrentOnly>
<lineWidth>1</lineWidth>
<points>
<point x="1110" y="37"/>
<point x="1110" y="5"/>
<point x="640" y="4"/>
<point x="640" y="21"/>
</points>
</Connector>
<Connector class="oracle.dbtools.crest.swingui.logical.TVRelation" oid="081EE05D-0DF5-C492-53A8-550D5976420A" otype="Relation" vid_source="B73B8D7A-29EB-59A2-C65C-DBAA75C30BD6" vid_target="4462B20E-A176-5A6D-3CA5-6D78F9936ACC">
<hideElementsInCurrentOnly>false</hideElementsInCurrentOnly>
<lineWidth>1</lineWidth>
<points>
<point x="582" y="399"/>
<point x="1659" y="399"/>
</points>
</Connector>
<Connector class="oracle.dbtools.crest.swingui.logical.TVRelation" oid="137DB28F-CB50-2939-37FC-7254023DAF48" otype="Relation" vid_source="C122BD63-D63D-8A2C-75E8-66A4A749CE8B" vid_target="D5E7FF4A-0A11-E077-87CC-39C96C497900">
<hideElementsInCurrentOnly>false</hideElementsInCurrentOnly>
<lineWidth>1</lineWidth>
<points>
<point x="1013" y="95"/>
<point x="1066" y="95"/>
</points>
</Connector>
<Connector class="oracle.dbtools.crest.swingui.logical.TVRelation" oid="1A6241B1-B0FB-88B2-CA21-8571F57956AF" otype="Relation" vid_source="B73B8D7A-29EB-59A2-C65C-DBAA75C30BD6" vid_target="0209E67C-9A45-CEC9-8FED-B94510CECAD6">
<hideElementsInCurrentOnly>false</hideElementsInCurrentOnly>
<lineWidth>1</lineWidth>
<points>
<point x="582" y="359"/>
<point x="1422" y="359"/>
<point x="1422" y="301"/>
</points>
</Connector>
<Connector class="oracle.dbtools.crest.swingui.logical.TVRelation" oid="1C2BDD3D-C42A-6CB3-F5A4-2065D5885A9E" otype="Relation" vid_source="DD117676-5C32-B563-7D6C-FFD293E76640" vid_target="B73B8D7A-29EB-59A2-C65C-DBAA75C30BD6">
<hideElementsInCurrentOnly>false</hideElementsInCurrentOnly>
<lineWidth>1</lineWidth>
<points>
<point x="387" y="553"/>
<point x="387" y="472"/>
</points>
</Connector>
<Connector class="oracle.dbtools.crest.swingui.logical.TVRelation" oid="29743508-3B73-5B00-F3AB-26C3B90DF40A" otype="Relation" vid_source="D09C7B53-EA51-D0D3-7865-E1C9B697CF38" vid_target="9A7EB31C-CD7D-8B31-16C9-1A5FD036C4BE">
<hideElementsInCurrentOnly>false</hideElementsInCurrentOnly>
<lineWidth>1</lineWidth>
<points>
<point x="957" y="880"/>
<point x="957" y="981"/>
<point x="1287" y="981"/>
</points>
</Connector>
<Connector class="oracle.dbtools.crest.swingui.logical.TVRelation" oid="2EBEFEBF-E04E-84F6-B808-F40B60A28D95" otype="Relation" vid_source="BD9F65E1-FFA7-40F9-DD32-1AC008A48B7C" vid_target="63CC91C4-D534-ED96-5090-A199B3F49559">
<hideElementsInCurrentOnly>false</hideElementsInCurrentOnly>
<lineWidth>1</lineWidth>
<points>
<point x="124" y="511"/>
<point x="124" y="561"/>
</points>
</Connector>
<Connector class="oracle.dbtools.crest.swingui.logical.TVRelation" oid="330C4985-B0C9-B3F0-B137-615B709593D5" otype="Relation" vid_source="BF2597B3-2D5E-F2D2-7C1A-5CE3B7888C64" vid_target="AB676C20-18A1-B57E-366C-95C80EE78BDC">
<hideElementsInCurrentOnly>false</hideElementsInCurrentOnly>
<lineWidth>1</lineWidth>
<points>
<point x="659" y="124"/>
<point x="704" y="124"/>
<point x="704" y="368"/>
</points>
</Connector>
<Connector class="oracle.dbtools.crest.swingui.logical.TVRelation" oid="333AF647-B227-89A8-E79F-396F9861910D" otype="Relation" vid_source="08FB678F-F314-BB18-681D-BF327618DF8A" vid_target="00524D77-846E-DAE2-70C3-1FD367881CC8">
<hideElementsInCurrentOnly>false</hideElementsInCurrentOnly>
<lineWidth>1</lineWidth>
<points>
<point x="490" y="991"/>
<point x="490" y="870"/>
</points>
</Connector>
<Connector class="oracle.dbtools.crest.swingui.logical.TVRelation" oid="33795DE9-DE3D-040D-3859-F5248BBC2317" otype="Relation" vid_source="B61C5BAF-1DB2-9299-52EE-25EA31774D1D" vid_target="893DAACD-DBFB-F0A0-931E-2CC82C54C127">
<hideElementsInCurrentOnly>false</hideElementsInCurrentOnly>
<lineWidth>1</lineWidth>
<points>
<point x="1069" y="280"/>
<point x="1031" y="280"/>
<point x="1015" y="1099"/>
<point x="913" y="1099"/>
</points>
</Connector>
<Connector class="oracle.dbtools.crest.swingui.logical.TVRelation" oid="461DFD2A-8630-D742-D6C4-5A95C09C9391" otype="Relation" vid_source="893DAACD-DBFB-F0A0-931E-2CC82C54C127" vid_target="AB676C20-18A1-B57E-366C-95C80EE78BDC">
<hideElementsInCurrentOnly>false</hideElementsInCurrentOnly>
<lineWidth>1</lineWidth>
<points>
<point x="743" y="925"/>
<point x="748" y="498"/>
</points>
</Connector>
<Connector class="oracle.dbtools.crest.swingui.logical.TVRelation" oid="47992BBD-A1D2-12A8-6F16-EB3C933E70DA" otype="Relation" vid_source="C122BD63-D63D-8A2C-75E8-66A4A749CE8B" vid_target="BF2597B3-2D5E-F2D2-7C1A-5CE3B7888C64">
<hideElementsInCurrentOnly>false</hideElementsInCurrentOnly>
<lineWidth>1</lineWidth>
<points>
<point x="750" y="69"/>
<point x="659" y="69"/>
</points>
</Connector>
<Connector class="oracle.dbtools.crest.swingui.logical.TVRelation" oid="53337346-21C1-42A0-9066-E4DBA2AAD620" otype="Relation" vid_source="8330ED63-BAE4-FDA5-7FCA-D725AB658B33" vid_target="00524D77-846E-DAE2-70C3-1FD367881CC8">
<hideElementsInCurrentOnly>false</hideElementsInCurrentOnly>
<lineWidth>1</lineWidth>
<points>
<point x="1100" y="791"/>
<point x="1100" y="729"/>
<point x="708" y="729"/>
</points>
</Connector>
<Connector class="oracle.dbtools.crest.swingui.logical.TVRelation" oid="59E50175-4133-129D-EC7B-BA1816F60613" otype="Relation" vid_source="BF2597B3-2D5E-F2D2-7C1A-5CE3B7888C64" vid_target="00524D77-846E-DAE2-70C3-1FD367881CC8">
<hideElementsInCurrentOnly>false</hideElementsInCurrentOnly>
<lineWidth>1</lineWidth>
<points>
<point x="567" y="137"/>
<point x="567" y="698"/>
</points>
</Connector>
<Connector class="oracle.dbtools.crest.swingui.logical.TVRelation" oid="5D18B6B0-BD6B-06C4-4772-59FAAAB4E5E9" otype="Relation" vid_source="C315842E-B958-DF0C-A12B-1179A02ED3BB" vid_target="893DAACD-DBFB-F0A0-931E-2CC82C54C127">
<hideElementsInCurrentOnly>false</hideElementsInCurrentOnly>
<lineWidth>1</lineWidth>
<points>
<point x="679" y="1183"/>
<point x="679" y="1139"/>
</points>
</Connector>
<Connector class="oracle.dbtools.crest.swingui.logical.TVRelation" oid="5E2E0CD4-C294-BD53-31E1-7CB8F1C62771" otype="Relation" vid_source="AC6AAD3E-5C15-4106-5475-ADFA2E635FA3" vid_target="0209E67C-9A45-CEC9-8FED-B94510CECAD6">
<hideElementsInCurrentOnly>false</hideElementsInCurrentOnly>
<lineWidth>1</lineWidth>
<points>
<point x="1795" y="686"/>
<point x="1607" y="686"/>
<point x="1610" y="280"/>
<point x="1560" y="280"/>
</points>
</Connector>
<Connector class="oracle.dbtools.crest.swingui.logical.TVRelation" oid="6827FB22-7275-750A-C6D8-C05551BC8F24" otype="Relation" vid_source="7799B666-2B18-943B-D049-AC64BEB02E09" vid_target="BF2597B3-2D5E-F2D2-7C1A-5CE3B7888C64">
<hideElementsInCurrentOnly>false</hideElementsInCurrentOnly>
<lineWidth>1</lineWidth>
<points>
<point x="1147" y="538"/>
<point x="629" y="538"/>
<point x="629" y="137"/>
</points>
</Connector>
<Connector class="oracle.dbtools.crest.swingui.logical.TVRelation" oid="69AEB758-C92C-C08C-7DC5-5D97712783B5" otype="Relation" vid_source="8330ED63-BAE4-FDA5-7FCA-D725AB658B33" vid_target="D09C7B53-EA51-D0D3-7865-E1C9B697CF38">
<hideElementsInCurrentOnly>false</hideElementsInCurrentOnly>
<lineWidth>1</lineWidth>
<points>
<point x="1081" y="835"/>
<point x="1004" y="835"/>
</points>
</Connector>
<Connector class="oracle.dbtools.crest.swingui.logical.TVRelation" oid="6D4323F2-B836-22A2-29B5-B81FC73D2C37" otype="Relation" vid_source="2F949740-5BAC-C4D0-871B-EC7EC43A1A19" vid_target="00524D77-846E-DAE2-70C3-1FD367881CC8">
<hideElementsInCurrentOnly>false</hideElementsInCurrentOnly>
<lineWidth>1</lineWidth>
<points>
<point x="235" y="774"/>
<point x="473" y="774"/>
</points>
</Connector>
<Connector class="oracle.dbtools.crest.swingui.logical.TVRelation" oid="6DB97B07-38FC-1D42-78DD-4235A13F87B1" otype="Relation" vid_source="68934C4D-7FF4-18F7-7A33-ECAFAD1E5029" vid_target="B73B8D7A-29EB-59A2-C65C-DBAA75C30BD6">
<hideElementsInCurrentOnly>false</hideElementsInCurrentOnly>
<lineWidth>1</lineWidth>
<points>
<point x="253" y="119"/>
<point x="414" y="119"/>
<point x="414" y="188"/>
</points>
</Connector>
<Connector class="oracle.dbtools.crest.swingui.logical.TVRelation" oid="8A4295B8-D554-B9A5-78C7-04540125CAAA" otype="Relation" vid_source="4462B20E-A176-5A6D-3CA5-6D78F9936ACC" vid_target="E04BBE80-BBA8-642E-EF87-5180788BF47A">
<hideElementsInCurrentOnly>false</hideElementsInCurrentOnly>
<lineWidth>1</lineWidth>
<points>
<point x="1832" y="382"/>
<point x="1858" y="382"/>
<point x="1855" y="78"/>
<point x="1813" y="78"/>
</points>
</Connector>
<Connector class="oracle.dbtools.crest.swingui.logical.TVRelation" oid="9562E267-C497-2386-6CDE-71220C687BD2" otype="Relation" vid_source="7799B666-2B18-943B-D049-AC64BEB02E09" vid_target="4462B20E-A176-5A6D-3CA5-6D78F9936ACC">
<hideElementsInCurrentOnly>false</hideElementsInCurrentOnly>
<lineWidth>1</lineWidth>
<points>
<point x="1358" y="440"/>
<point x="1659" y="440"/>
</points>
</Connector>
<Connector class="oracle.dbtools.crest.swingui.logical.TVRelation" oid="99EB1CB8-5F56-A264-5073-B61D83072616" otype="Relation" vid_source="B73B8D7A-29EB-59A2-C65C-DBAA75C30BD6" vid_target="BF2597B3-2D5E-F2D2-7C1A-5CE3B7888C64">
<hideElementsInCurrentOnly>false</hideElementsInCurrentOnly>
<lineWidth>1</lineWidth>
<points>
<point x="528" y="188"/>
<point x="528" y="137"/>
</points>
</Connector>
<Connector class="oracle.dbtools.crest.swingui.logical.TVRelation" oid="9CC4A034-22F6-071D-322F-3FA4365518BA" otype="Relation" vid_source="66285BAC-FB72-7C11-B827-A4F88C41C30E" vid_target="B70B598F-282C-AF92-5493-A18953520BB4">
<hideElementsInCurrentOnly>false</hideElementsInCurrentOnly>
<lineWidth>1</lineWidth>
<points>
<point x="1561" y="97"/>
<point x="1720" y="170"/>
</points>
</Connector>
<Connector class="oracle.dbtools.crest.swingui.logical.TVRelation" oid="A0C710ED-6766-AB16-144D-937B3A4E6314" otype="Relation" vid_source="08FB678F-F314-BB18-681D-BF327618DF8A" vid_target="893DAACD-DBFB-F0A0-931E-2CC82C54C127">
<hideElementsInCurrentOnly>false</hideElementsInCurrentOnly>
<lineWidth>1</lineWidth>
<points>
<point x="507" y="1042"/>
<point x="651" y="1042"/>
</points>
</Connector>
<Connector class="oracle.dbtools.crest.swingui.logical.TVRelation" oid="A79DE3A2-CC19-B7EC-CEAA-E6EE83B1CA4D" otype="Relation" vid_source="9A7EB31C-CD7D-8B31-16C9-1A5FD036C4BE" vid_target="9F698302-7E38-46A5-117D-3873649A1D03">
<hideElementsInCurrentOnly>false</hideElementsInCurrentOnly>
<lineWidth>1</lineWidth>
<points>
<point x="1385" y="1052"/>
<point x="1385" y="1156"/>
<point x="1540" y="1157"/>
</points>
</Connector>
<Connector class="oracle.dbtools.crest.swingui.logical.TVRelation" oid="A9156326-F4F4-D7CE-3E35-402B336B4CA9" otype="Relation" vid_source="C315842E-B958-DF0C-A12B-1179A02ED3BB" vid_target="C315842E-B958-DF0C-A12B-1179A02ED3BB">
<hideElementsInCurrentOnly>false</hideElementsInCurrentOnly>
<lineWidth>1</lineWidth>
<points>
<point x="645" y="1183"/>
<point x="645" y="1210"/>
<point x="645" y="1262"/>
<point x="570" y="1262"/>
<point x="570" y="1271"/>
</points>
</Connector>
<Connector class="oracle.dbtools.crest.swingui.logical.TVRelation" oid="A94AF36A-90AC-0C5C-3F0A-5E8FEC04B4D7" otype="Relation" vid_source="EBD80849-8F20-DA6B-A888-F03F5F91B2D9" vid_target="163EA89F-0DCB-7FEC-E771-8A05C9104C8E">
<hideElementsInCurrentOnly>false</hideElementsInCurrentOnly>
<lineWidth>1</lineWidth>
<points>
<point x="1636" y="790"/>
<point x="1575" y="790"/>
</points>
</Connector>
<Connector class="oracle.dbtools.crest.swingui.logical.TVRelation" oid="ADCEEEEA-0C7E-BFE4-2028-C4DF39C851A3" otype="Relation" vid_source="B73B8D7A-29EB-59A2-C65C-DBAA75C30BD6" vid_target="B73B8D7A-29EB-59A2-C65C-DBAA75C30BD6">
<hideElementsInCurrentOnly>false</hideElementsInCurrentOnly>
<lineWidth>1</lineWidth>
<points>
<point x="582" y="330"/>
<point x="488" y="298"/>
<point x="488" y="388"/>
<point x="400" y="388"/>
<point x="400" y="472"/>
</points>
</Connector>
<Connector class="oracle.dbtools.crest.swingui.logical.TVRelation" oid="B1C98BFD-1D9C-B707-18D8-A04AFD082807" otype="Relation" vid_source="66D555A8-6E7E-11A6-A4F1-F91E702CFF57" vid_target="BD9F65E1-FFA7-40F9-DD32-1AC008A48B7C">
<hideElementsInCurrentOnly>false</hideElementsInCurrentOnly>
<lineWidth>1</lineWidth>
<points>
<point x="136" y="337"/>
<point x="136" y="423"/>
</points>
</Connector>
<Connector class="oracle.dbtools.crest.swingui.logical.TVRelation" oid="B5DA5AC6-F9C0-508A-545D-3D56C99D4717" otype="Relation" vid_source="CACEE1D1-2676-A61B-16DB-AE5BE4D931BA" vid_target="9F698302-7E38-46A5-117D-3873649A1D03">
<hideElementsInCurrentOnly>false</hideElementsInCurrentOnly>
<lineWidth>1</lineWidth>
<points>
<point x="1688" y="1057"/>
<point x="1688" y="1157"/>
</points>
</Connector>
<Connector class="oracle.dbtools.crest.swingui.logical.TVRelation" oid="BF533592-9732-333F-1950-365A8EE00553" otype="Relation" vid_source="4462B20E-A176-5A6D-3CA5-6D78F9936ACC" vid_target="AC6AAD3E-5C15-4106-5475-ADFA2E635FA3">
<hideElementsInCurrentOnly>false</hideElementsInCurrentOnly>
<lineWidth>1</lineWidth>
<points>
<point x="1813" y="499"/>
<point x="1813" y="630"/>
</points>
</Connector>
<Connector class="oracle.dbtools.crest.swingui.logical.TVRelation" oid="C329DB0C-1FD6-78A0-6F3E-5E0A6FE9CC96" otype="Relation" vid_source="B61C5BAF-1DB2-9299-52EE-25EA31774D1D" vid_target="BF2597B3-2D5E-F2D2-7C1A-5CE3B7888C64">
<hideElementsInCurrentOnly>false</hideElementsInCurrentOnly>
<lineWidth>1</lineWidth>
<points>
<point x="1097" y="298"/>
<point x="1097" y="325"/>
<point x="647" y="326"/>
<point x="647" y="137"/>
</points>
</Connector>
<Connector class="oracle.dbtools.crest.swingui.logical.TVRelation" oid="C8D5FBBD-30A0-4FC5-24AC-4A8800DF2483" otype="Relation" vid_source="D5E7FF4A-0A11-E077-87CC-39C96C497900" vid_target="893DAACD-DBFB-F0A0-931E-2CC82C54C127">
<hideElementsInCurrentOnly>false</hideElementsInCurrentOnly>
<lineWidth>1</lineWidth>
<points>
<point x="1066" y="139"/>
<point x="1043" y="139"/>
<point x="1034" y="1122"/>
<point x="913" y="1122"/>
</points>
</Connector>
<Connector class="oracle.dbtools.crest.swingui.logical.TVRelation" oid="C96F8BF2-E19C-39BC-65B3-9F49FF24EFDF" otype="Relation" vid_source="9F698302-7E38-46A5-117D-3873649A1D03" vid_target="163EA89F-0DCB-7FEC-E771-8A05C9104C8E">
<hideElementsInCurrentOnly>false</hideElementsInCurrentOnly>
<lineWidth>1</lineWidth>
<points>
<point x="1564" y="1157"/>
<point x="1563" y="820"/>
</points>
</Connector>
<Connector class="oracle.dbtools.crest.swingui.logical.TVRelation" oid="CD014E7E-EB39-F672-2044-56378FE47198" otype="Relation" vid_source="AC6AAD3E-5C15-4106-5475-ADFA2E635FA3" vid_target="8330ED63-BAE4-FDA5-7FCA-D725AB658B33">
<hideElementsInCurrentOnly>false</hideElementsInCurrentOnly>
<lineWidth>1</lineWidth>
<points>
<point x="1935" y="746"/>
<point x="1935" y="889"/>
<point x="1269" y="889"/>
</points>
</Connector>
<Connector class="oracle.dbtools.crest.swingui.logical.TVRelation" oid="D08BAF13-2D53-7C42-6B36-23B865A560A7" otype="Relation" vid_source="C122BD63-D63D-8A2C-75E8-66A4A749CE8B" vid_target="B61C5BAF-1DB2-9299-52EE-25EA31774D1D">
<hideElementsInCurrentOnly>false</hideElementsInCurrentOnly>
<lineWidth>1</lineWidth>
<points>
<point x="1013" y="257"/>
<point x="1069" y="257"/>
</points>
</Connector>
<Connector class="oracle.dbtools.crest.swingui.logical.TVRelation" oid="D127DA3C-6CF3-3692-41D6-D52CD2B50FAA" otype="Relation" vid_source="AB676C20-18A1-B57E-366C-95C80EE78BDC" vid_target="CACEE1D1-2676-A61B-16DB-AE5BE4D931BA">
<hideElementsInCurrentOnly>false</hideElementsInCurrentOnly>
<lineWidth>1</lineWidth>
<points>
<point x="807" y="498"/>
<point x="807" y="589"/>
<point x="1288" y="588"/>
<point x="1288" y="848"/>
<point x="1619" y="853"/>
<point x="1619" y="913"/>
</points>
</Connector>
<Connector class="oracle.dbtools.crest.swingui.logical.TVRelation" oid="D2315FAB-6972-11A3-BCF0-ECA2A5D7AC7A" otype="Relation" vid_source="893DAACD-DBFB-F0A0-931E-2CC82C54C127" vid_target="D09C7B53-EA51-D0D3-7865-E1C9B697CF38">
<hideElementsInCurrentOnly>false</hideElementsInCurrentOnly>
<lineWidth>1</lineWidth>
<points>
<point x="723" y="925"/>
<point x="723" y="848"/>
<point x="788" y="848"/>
</points>
</Connector>
<Connector class="oracle.dbtools.crest.swingui.logical.TVRelation" oid="D85AFB17-22CC-67D2-8F95-86A15302C678" otype="Relation" vid_source="E04BBE80-BBA8-642E-EF87-5180788BF47A" vid_target="66285BAC-FB72-7C11-B827-A4F88C41C30E">
<hideElementsInCurrentOnly>false</hideElementsInCurrentOnly>
<lineWidth>1</lineWidth>
<points>
<point x="1625" y="57"/>
<point x="1561" y="57"/>
</points>
</Connector>
<Connector class="oracle.dbtools.crest.swingui.logical.TVRelation" oid="D868BC70-234D-11FC-95CE-2D18F8AA6ED7" otype="Relation" vid_source="163EA89F-0DCB-7FEC-E771-8A05C9104C8E" vid_target="4462B20E-A176-5A6D-3CA5-6D78F9936ACC">
<hideElementsInCurrentOnly>false</hideElementsInCurrentOnly>
<lineWidth>1</lineWidth>
<points>
<point x="1507" y="620"/>
<point x="1507" y="482"/>
<point x="1659" y="482"/>
</points>
</Connector>
<Connector class="oracle.dbtools.crest.swingui.logical.TVRelation" oid="DBE74831-1003-8CA6-CACA-AA8B518C6764" otype="Relation" vid_source="00524D77-846E-DAE2-70C3-1FD367881CC8" vid_target="63CC91C4-D534-ED96-5090-A199B3F49559">
<hideElementsInCurrentOnly>false</hideElementsInCurrentOnly>
<lineWidth>1</lineWidth>
<points>
<point x="473" y="719"/>
<point x="193" y="719"/>
<point x="193" y="677"/>
</points>
</Connector>
<Connector class="oracle.dbtools.crest.swingui.logical.TVRelation" oid="E7506D49-0960-A250-47E3-E15DBD913A95" otype="Relation" vid_source="7799B666-2B18-943B-D049-AC64BEB02E09" vid_target="0209E67C-9A45-CEC9-8FED-B94510CECAD6">
<hideElementsInCurrentOnly>false</hideElementsInCurrentOnly>
<lineWidth>1</lineWidth>
<points>
<point x="1358" y="384"/>
<point x="1443" y="384"/>
<point x="1443" y="301"/>
</points>
</Connector>
<Connector class="oracle.dbtools.crest.swingui.logical.TVRelation" oid="E92927F4-E901-DA9E-1234-F687389558DF" otype="Relation" vid_source="163EA89F-0DCB-7FEC-E771-8A05C9104C8E" vid_target="0209E67C-9A45-CEC9-8FED-B94510CECAD6">
<hideElementsInCurrentOnly>false</hideElementsInCurrentOnly>
<lineWidth>1</lineWidth>
<points>
<point x="1464" y="620"/>
<point x="1464" y="301"/>
</points>
</Connector>
<Connector class="oracle.dbtools.crest.swingui.logical.TVRelation" oid="EB97DD08-F2AE-3BA8-240A-B08C054F50CB" otype="Relation" vid_source="163EA89F-0DCB-7FEC-E771-8A05C9104C8E" vid_target="C122BD63-D63D-8A2C-75E8-66A4A749CE8B">
<hideElementsInCurrentOnly>false</hideElementsInCurrentOnly>
<lineWidth>1</lineWidth>
<points>
<point x="1315" y="635"/>
<point x="940" y="635"/>
<point x="940" y="303"/>
</points>
</Connector>
<Connector class="oracle.dbtools.crest.swingui.logical.TVRelation" oid="F2704C2B-6F27-5F89-7C6B-228362F5B103" otype="Relation" vid_source="C76B8D8C-F747-1B9E-DB37-95FCC7941E35" vid_target="00524D77-846E-DAE2-70C3-1FD367881CC8">
<hideElementsInCurrentOnly>false</hideElementsInCurrentOnly>
<lineWidth>1</lineWidth>
<points>
<point x="234" y="863"/>
<point x="473" y="863"/>
</points>
</Connector>
<Connector class="oracle.dbtools.crest.swingui.logical.TVRelation" oid="F7452698-815A-451F-935A-67D2F7800A06" otype="Relation" vid_source="0209E67C-9A45-CEC9-8FED-B94510CECAD6" vid_target="B73B8D7A-29EB-59A2-C65C-DBAA75C30BD6">
<hideElementsInCurrentOnly>false</hideElementsInCurrentOnly>
<lineWidth>1</lineWidth>
<points>
<point x="1400" y="301"/>
<point x="1400" y="339"/>
<point x="582" y="339"/>
</points>
</Connector>
<Connector class="oracle.dbtools.crest.swingui.logical.TVRelation" oid="FC7B8A44-7D29-8029-76A1-9EFF0F386818" otype="Relation" vid_source="B70B598F-282C-AF92-5493-A18953520BB4" vid_target="0209E67C-9A45-CEC9-8FED-B94510CECAD6">
<hideElementsInCurrentOnly>false</hideElementsInCurrentOnly>
<lineWidth>1</lineWidth>
<points>
<point x="1625" y="221"/>
<point x="1560" y="221"/>
</points>
</Connector>
</connectors>
</Diagram>