<?xml version = '1.0' encoding = 'UTF-8'?>
<Diagram class="oracle.dbtools.crest.swingui.relational.DPVRelational" name="Relational_1" id="986F0742-0909-B4B2-D0A1-81467DB08A86">
<createdBy>rm74585</createdBy>
<modifiedBy>rm74585</modifiedBy>
<createdTime>2016-03-29 14:46:08 UTC</createdTime>
<autoRoute>false</autoRoute>
<boxInbox>true</boxInbox>
<showLegend>false</showLegend>
<showLabels>false</showLabels>
<showRelAttributes>false</showRelAttributes>
<gridEnabled>false</gridEnabled>
<showGrid>false</showGrid>
<diagramColor>-1</diagramColor>
<display>false</display>
<notation>1</notation>
<objectViews>
<OView class="oracle.dbtools.crest.swingui.relational.TVTable" oid="0A017316-A079-470B-B85C-EB4E73C6AD26" otype="Table" vid="35413420-35EE-0A5C-01E2-B18CCA804249">
<hideElementsInCurrentOnly>false</hideElementsInCurrentOnly>
<bounds x="632" y="634" width="237" height="290"/>
</OView>
<OView class="oracle.dbtools.crest.swingui.relational.TVTable" oid="163F0876-D256-A207-928D-E3BF133A01C2" otype="Table" vid="97BB04DA-57C6-55C0-E25D-76ED9C95FA9C">
<hideElementsInCurrentOnly>false</hideElementsInCurrentOnly>
<bounds x="967" y="180" width="277" height="326"/>
</OView>
<OView class="oracle.dbtools.crest.swingui.relational.TVTable" oid="173DD25C-F8C6-51C5-E2B0-C9B0DB4082D5" otype="Table" vid="73D0CC2A-946D-46BB-0CB9-ED5F75417627">
<hideElementsInCurrentOnly>false</hideElementsInCurrentOnly>
<bounds x="74" y="29" width="267" height="231"/>
</OView>
<OView class="oracle.dbtools.crest.swingui.relational.TVTable" oid="225BD311-8DE5-C33A-4CA5-24099808D35A" otype="Table" vid="599051D0-C3E0-57E5-47E0-8BAA9520E4D7">
<hideElementsInCurrentOnly>false</hideElementsInCurrentOnly>
<bounds x="481" y="0" width="266" height="284"/>
</OView>
<OView class="oracle.dbtools.crest.swingui.relational.TVTable" oid="6A71AADC-F7E3-44B7-4846-1305E79DAF17" otype="Table" vid="1752E642-C050-27AD-7EEB-C224848A5D48">
<hideElementsInCurrentOnly>false</hideElementsInCurrentOnly>
<bounds x="1019" y="649" width="241" height="298"/>
</OView>
<OView class="oracle.dbtools.crest.swingui.relational.TVTable" oid="8594F74B-5536-8806-D54A-9A5DA7B094C4" otype="Table" vid="8E68468F-10F3-5AB7-8532-FA53905DDB98">
<hideElementsInCurrentOnly>false</hideElementsInCurrentOnly>
<bounds x="670" y="968" width="251" height="293"/>
</OView>
<OView class="oracle.dbtools.crest.swingui.relational.TVTable" oid="89D8BF6D-EC92-DC92-7243-6E3BCE1AD335" otype="Table" vid="34A43DF2-5735-A00F-A309-746420205A56">
<hideElementsInCurrentOnly>false</hideElementsInCurrentOnly>
<bounds x="498" y="330" width="313" height="249"/>
</OView>
<OView class="oracle.dbtools.crest.swingui.relational.TVTable" oid="AC05F2F8-2ACE-D700-3106-4CD4BF09A525" otype="Table" vid="5DFBDAF2-F90F-2971-6A84-DECED6988E32">
<hideElementsInCurrentOnly>false</hideElementsInCurrentOnly>
<bounds x="36" y="296" width="271" height="466"/>
</OView>
</objectViews>
<connectors>
<Connector class="oracle.dbtools.crest.swingui.relational.TVFKRelation" oid="53DA86ED-7DC1-B52E-40A7-1AAD2BA7EAA4" otype="FKIndexAssociation" vid_source="35413420-35EE-0A5C-01E2-B18CCA804249" vid_target="34A43DF2-5735-A00F-A309-746420205A56">
<hideElementsInCurrentOnly>false</hideElementsInCurrentOnly>
<lineWidth>1</lineWidth>
<points>
<point x="711" y="634"/>
<point x="711" y="579"/>
</points>
</Connector>
<Connector class="oracle.dbtools.crest.swingui.relational.TVFKRelation" oid="5FC34C3E-EEAC-364A-F743-6356A374AA3F" otype="FKIndexAssociation" vid_source="35413420-35EE-0A5C-01E2-B18CCA804249" vid_target="8E68468F-10F3-5AB7-8532-FA53905DDB98">
<hideElementsInCurrentOnly>false</hideElementsInCurrentOnly>
<lineWidth>1</lineWidth>
<points>
<point x="769" y="924"/>
<point x="769" y="968"/>
</points>
</Connector>
<Connector class="oracle.dbtools.crest.swingui.relational.TVFKRelation" oid="86735BB5-BC74-BD1F-F0A0-4BE47A6F9C93" otype="FKIndexAssociation" vid_source="1752E642-C050-27AD-7EEB-C224848A5D48" vid_target="34A43DF2-5735-A00F-A309-746420205A56">
<hideElementsInCurrentOnly>false</hideElementsInCurrentOnly>
<lineWidth>1</lineWidth>
<points>
<point x="1019" y="798"/>
<point x="811" y="454"/>
</points>
</Connector>
<Connector class="oracle.dbtools.crest.swingui.relational.TVFKRelation" oid="97F2ECC2-562C-BCE4-6776-9602C71BC90F" otype="FKIndexAssociation" vid_source="5DFBDAF2-F90F-2971-6A84-DECED6988E32" vid_target="34A43DF2-5735-A00F-A309-746420205A56">
<hideElementsInCurrentOnly>false</hideElementsInCurrentOnly>
<lineWidth>1</lineWidth>
<points>
<point x="307" y="474"/>
<point x="498" y="474"/>
</points>
</Connector>
<Connector class="oracle.dbtools.crest.swingui.relational.TVFKRelation" oid="AD475A55-FB7B-1549-F3E2-B2F4E752F4CF" otype="FKIndexAssociation" vid_source="97BB04DA-57C6-55C0-E25D-76ED9C95FA9C" vid_target="34A43DF2-5735-A00F-A309-746420205A56">
<hideElementsInCurrentOnly>false</hideElementsInCurrentOnly>
<lineWidth>1</lineWidth>
<points>
<point x="967" y="408"/>
<point x="811" y="408"/>
</points>
</Connector>
<Connector class="oracle.dbtools.crest.swingui.relational.TVFKRelation" oid="C4B0F8CA-8832-677F-64BD-B51DC7053CDA" otype="FKIndexAssociation" vid_source="1752E642-C050-27AD-7EEB-C224848A5D48" vid_target="8E68468F-10F3-5AB7-8532-FA53905DDB98">
<hideElementsInCurrentOnly>false</hideElementsInCurrentOnly>
<lineWidth>1</lineWidth>
<points>
<point x="1019" y="798"/>
<point x="921" y="1114"/>
</points>
</Connector>
<Connector class="oracle.dbtools.crest.swingui.relational.TVFKRelation" oid="CD6E80BB-5E77-EF1F-7201-7FB26D4D3067" otype="FKIndexAssociation" vid_source="5DFBDAF2-F90F-2971-6A84-DECED6988E32" vid_target="8E68468F-10F3-5AB7-8532-FA53905DDB98">
<hideElementsInCurrentOnly>false</hideElementsInCurrentOnly>
<lineWidth>1</lineWidth>
<points>
<point x="307" y="529"/>
<point x="670" y="1114"/>
</points>
</Connector>
<Connector class="oracle.dbtools.crest.swingui.relational.TVFKRelation" oid="DE0ACE95-A4EC-24AD-9D41-D238219D4C7F" otype="FKIndexAssociation" vid_source="73D0CC2A-946D-46BB-0CB9-ED5F75417627" vid_target="34A43DF2-5735-A00F-A309-746420205A56">
<hideElementsInCurrentOnly>false</hideElementsInCurrentOnly>
<lineWidth>1</lineWidth>
<points>
<point x="341" y="144"/>
<point x="498" y="454"/>
</points>
</Connector>
<Connector class="oracle.dbtools.crest.swingui.relational.TVFKRelation" oid="E428C768-362B-6615-F330-48060676527E" otype="FKIndexAssociation" vid_source="599051D0-C3E0-57E5-47E0-8BAA9520E4D7" vid_target="34A43DF2-5735-A00F-A309-746420205A56">
<hideElementsInCurrentOnly>false</hideElementsInCurrentOnly>
<lineWidth>1</lineWidth>
<points>
<point x="612" y="284"/>
<point x="612" y="330"/>
</points>
</Connector>
</connectors>
</Diagram>