<?xml version = '1.0' encoding = 'UTF-8'?>
<Diagram class="oracle.dbtools.crest.swingui.logical.DPVLogical" name="Logical" id="9A7AA0F8-8DD8-D1DC-E961-20A16DE38537">
<createdBy>rm74585</createdBy>
<modifiedBy>rm74585</modifiedBy>
<createdTime>2016-03-29 14:13:10 UTC</createdTime>
<autoRoute>false</autoRoute>
<boxInbox>true</boxInbox>
<showLegend>false</showLegend>
<showLabels>false</showLabels>
<showRelAttributes>false</showRelAttributes>
<gridEnabled>false</gridEnabled>
<showGrid>false</showGrid>
<diagramColor>-1</diagramColor>
<display>false</display>
<notation>0</notation>
<objectViews>
<OView class="oracle.dbtools.crest.swingui.logical.TVEntity" oid="1AFEBCD3-03B2-EA03-0069-81CC0EC8101A" otype="Entity" vid="B02C2092-E765-2EFE-B575-2F2B451AA582">
<hideElementsInCurrentOnly>false</hideElementsInCurrentOnly>
<bounds x="624" y="971" width="251" height="293"/>
</OView>
<OView class="oracle.dbtools.crest.swingui.logical.TVEntity" oid="3495F01E-64A6-E8A4-7093-FA23375B9976" otype="Entity" vid="523BF391-0E7E-FBE9-050F-7FD33ECEC251">
<hideElementsInCurrentOnly>false</hideElementsInCurrentOnly>
<bounds x="504" y="332" width="270" height="272"/>
</OView>
<OView class="oracle.dbtools.crest.swingui.logical.TVEntity" oid="4B535D2C-989F-0370-4FDB-7A1105F16612" otype="Entity" vid="398CBE18-1D65-2548-3E25-CF417F0345DB">
<hideElementsInCurrentOnly>false</hideElementsInCurrentOnly>
<bounds x="36" y="296" width="271" height="466"/>
</OView>
<OView class="oracle.dbtools.crest.swingui.logical.TVEntity" oid="66E6D379-0DD2-E4AC-D12A-633ABBAE55E8" otype="Entity" vid="89EDCE12-0C20-9A65-42BD-106660214140">
<hideElementsInCurrentOnly>false</hideElementsInCurrentOnly>
<bounds x="1036" y="647" width="241" height="300"/>
</OView>
<OView class="oracle.dbtools.crest.swingui.logical.TVEntity" oid="7961BF76-AA85-07F1-5662-0EA14629A815" otype="Entity" vid="E1149EEE-A760-1687-5F87-21965E241946">
<hideElementsInCurrentOnly>false</hideElementsInCurrentOnly>
<bounds x="74" y="20" width="269" height="228"/>
</OView>
<OView class="oracle.dbtools.crest.swingui.logical.TVEntity" oid="7EF33029-468C-9BE2-FED8-8CEA5A64DBA8" otype="Entity" vid="21E21A70-A1DE-BA01-CBE5-B1637598A452">
<hideElementsInCurrentOnly>false</hideElementsInCurrentOnly>
<bounds x="967" y="180" width="277" height="326"/>
</OView>
<OView class="oracle.dbtools.crest.swingui.TVNote" oid="9D86D4BD-C1EB-6C00-16B2-D93D98DFCCE2" otype="Note" vid="6CE1218F-6FD7-9BDA-BD8C-DC3CFB2A44C0">
<hideElementsInCurrentOnly>false</hideElementsInCurrentOnly>
<bounds x="799" y="216" width="107" height="193"/>
<comment>sk - Surrogate Key&lt;br/&gt;nm - nome &lt;br/&gt;dt - data&lt;br/&gt;ds - descrição&lt;br/&gt;qtd - quantidade&lt;br/&gt;sx - sexo&lt;br/&gt;br - bairro&lt;br/&gt;ed - endereço&lt;br/&gt;cd - cidade&lt;br/&gt;dd - idade&lt;br/&gt;cg - cargo&lt;br/&gt;bl - boolean&lt;br/&gt;zn- zona</comment>
</OView>
<OView class="oracle.dbtools.crest.swingui.logical.TVEntity" oid="AC0B8396-C74A-A756-70F9-64DE99BCB89D" otype="Entity" vid="88283C5A-AB0F-0048-36DA-E180BED9946E">
<hideElementsInCurrentOnly>false</hideElementsInCurrentOnly>
<bounds x="481" y="0" width="266" height="284"/>
</OView>
<OView class="oracle.dbtools.crest.swingui.logical.TVEntity" oid="CD6E5D5B-1BD2-EB41-3EC1-B851E5311374" otype="Entity" vid="3930493A-CD1B-1297-B2DA-218532F1FEFA">
<hideElementsInCurrentOnly>false</hideElementsInCurrentOnly>
<bounds x="607" y="622" width="237" height="313"/>
</OView>
</objectViews>
<connectors>
<Connector class="oracle.dbtools.crest.swingui.logical.TVRelation" oid="0B93C8F8-6CB2-41D2-62B6-0EE071C0788D" otype="Relation" vid_source="E1149EEE-A760-1687-5F87-21965E241946" vid_target="523BF391-0E7E-FBE9-050F-7FD33ECEC251">
<hideElementsInCurrentOnly>false</hideElementsInCurrentOnly>
<lineWidth>1</lineWidth>
<points>
<point x="343" y="134"/>
<point x="504" y="468"/>
</points>
</Connector>
<Connector class="oracle.dbtools.crest.swingui.logical.TVRelation" oid="30B404B0-5274-4CF8-0548-0199D9565231" otype="Relation" vid_source="398CBE18-1D65-2548-3E25-CF417F0345DB" vid_target="B02C2092-E765-2EFE-B575-2F2B451AA582">
<hideElementsInCurrentOnly>false</hideElementsInCurrentOnly>
<lineWidth>1</lineWidth>
<points>
<point x="307" y="529"/>
<point x="624" y="1117"/>
</points>
</Connector>
<Connector class="oracle.dbtools.crest.swingui.logical.TVRelation" oid="386D6989-C466-68B1-63F4-74D57453AA18" otype="Relation" vid_source="3930493A-CD1B-1297-B2DA-218532F1FEFA" vid_target="523BF391-0E7E-FBE9-050F-7FD33ECEC251">
<hideElementsInCurrentOnly>false</hideElementsInCurrentOnly>
<lineWidth>1</lineWidth>
<points>
<point x="690" y="622"/>
<point x="690" y="604"/>
</points>
</Connector>
<Connector class="oracle.dbtools.crest.swingui.logical.TVRelation" oid="5E1F592A-4EE1-B0C7-A4CC-9FA57AE33209" otype="Relation" vid_source="3930493A-CD1B-1297-B2DA-218532F1FEFA" vid_target="B02C2092-E765-2EFE-B575-2F2B451AA582">
<hideElementsInCurrentOnly>false</hideElementsInCurrentOnly>
<lineWidth>1</lineWidth>
<points>
<point x="744" y="935"/>
<point x="744" y="971"/>
</points>
</Connector>
<Connector class="oracle.dbtools.crest.swingui.logical.TVRelation" oid="80E63F1C-06D3-8D31-1951-6E2C9D3F57EA" otype="Relation" vid_source="21E21A70-A1DE-BA01-CBE5-B1637598A452" vid_target="523BF391-0E7E-FBE9-050F-7FD33ECEC251">
<hideElementsInCurrentOnly>false</hideElementsInCurrentOnly>
<lineWidth>1</lineWidth>
<points>
<point x="967" y="419"/>
<point x="774" y="419"/>
</points>
</Connector>
<Connector class="oracle.dbtools.crest.swingui.logical.TVRelation" oid="A56676FF-4938-EEAA-EE34-509006259801" otype="Relation" vid_source="398CBE18-1D65-2548-3E25-CF417F0345DB" vid_target="523BF391-0E7E-FBE9-050F-7FD33ECEC251">
<hideElementsInCurrentOnly>false</hideElementsInCurrentOnly>
<lineWidth>1</lineWidth>
<points>
<point x="307" y="458"/>
<point x="504" y="458"/>
</points>
</Connector>
<Connector class="oracle.dbtools.crest.swingui.logical.TVRelation" oid="AE8FC017-C320-9B6F-B5F3-95BBADB5B4C5" otype="Relation" vid_source="89EDCE12-0C20-9A65-42BD-106660214140" vid_target="B02C2092-E765-2EFE-B575-2F2B451AA582">
<hideElementsInCurrentOnly>false</hideElementsInCurrentOnly>
<lineWidth>1</lineWidth>
<points>
<point x="1036" y="797"/>
<point x="875" y="1117"/>
</points>
</Connector>
<Connector class="oracle.dbtools.crest.swingui.logical.TVRelation" oid="C39AA469-D909-5B05-6C4E-7172B1F18BFB" otype="Relation" vid_source="88283C5A-AB0F-0048-36DA-E180BED9946E" vid_target="523BF391-0E7E-FBE9-050F-7FD33ECEC251">
<hideElementsInCurrentOnly>false</hideElementsInCurrentOnly>
<lineWidth>1</lineWidth>
<points>
<point x="625" y="284"/>
<point x="625" y="332"/>
</points>
</Connector>
<Connector class="oracle.dbtools.crest.swingui.logical.TVRelation" oid="E7CC2EFF-A7AF-A2D9-04C0-51385A11644D" otype="Relation" vid_source="89EDCE12-0C20-9A65-42BD-106660214140" vid_target="523BF391-0E7E-FBE9-050F-7FD33ECEC251">
<hideElementsInCurrentOnly>false</hideElementsInCurrentOnly>
<lineWidth>1</lineWidth>
<points>
<point x="1036" y="797"/>
<point x="774" y="468"/>
</points>
</Connector>
</connectors>
</Diagram>